seed,case_id,topology_id,policy,step,queries_used,correct,rank,entropy_bits,selected_probe,selected_outcome
7,s7-test-0-0,310a198f5a248efa748789e402cfead5,information_gain,0,0,False,5,2.9796411625541004,,
7,s7-test-0-0,310a198f5a248efa748789e402cfead5,information_gain,1,1,False,3,2.55705720039879,next-6,pass
7,s7-test-0-0,310a198f5a248efa748789e402cfead5,information_gain,2,2,False,2,2.3103891332789535,next-4,pass
7,s7-test-0-0,310a198f5a248efa748789e402cfead5,information_gain,3,3,True,1,0.6402501921661072,next-11,fail
7,s7-test-0-0,310a198f5a248efa748789e402cfead5,information_gain,4,4,True,1,0.5703790640544226,next-3,pass
7,s7-test-0-0,310a198f5a248efa748789e402cfead5,random,0,0,False,5,2.9796411625541004,,
7,s7-test-0-0,310a198f5a248efa748789e402cfead5,random,1,1,False,6,1.4813257610175812,next-2,fail
7,s7-test-0-0,310a198f5a248efa748789e402cfead5,random,2,2,False,6,1.7008341967052452,next-1,fail
7,s7-test-0-0,310a198f5a248efa748789e402cfead5,random,3,3,False,5,1.2961220614247069,next-4,pass
7,s7-test-0-0,310a198f5a248efa748789e402cfead5,random,4,4,False,3,1.7130097745151602,next-11,fail
7,s7-test-0-1,310a198f5a248efa748789e402cfead5,information_gain,0,0,False,2,1.898901040033334,,
7,s7-test-0-1,310a198f5a248efa748789e402cfead5,information_gain,1,1,True,1,1.7291899953993233,next-0,pass
7,s7-test-0-1,310a198f5a248efa748789e402cfead5,information_gain,2,2,True,1,0.14751427296437025,next-9,fail
7,s7-test-0-1,310a198f5a248efa748789e402cfead5,information_gain,3,3,True,1,0.036600027254445215,next-7,fail
7,s7-test-0-1,310a198f5a248efa748789e402cfead5,information_gain,4,4,True,1,0.009169274909144258,next-5,pass
7,s7-test-0-1,310a198f5a248efa748789e402cfead5,random,0,0,False,2,1.898901040033334,,
7,s7-test-0-1,310a198f5a248efa748789e402cfead5,random,1,1,False,2,1.7547685779375484,next-11,pass
7,s7-test-0-1,310a198f5a248efa748789e402cfead5,random,2,2,False,2,1.668800335239869,next-8,pass
7,s7-test-0-1,310a198f5a248efa748789e402cfead5,random,3,3,True,1,1.4760683583252856,next-0,pass
7,s7-test-0-1,310a198f5a248efa748789e402cfead5,random,4,4,True,1,0.5008489231560457,next-1,fail
7,s7-test-0-2,310a198f5a248efa748789e402cfead5,information_gain,0,0,False,7,2.9306750898580036,,
7,s7-test-0-2,310a198f5a248efa748789e402cfead5,information_gain,1,1,False,5,2.6460766551466857,next-7,pass
7,s7-test-0-2,310a198f5a248efa748789e402cfead5,information_gain,2,2,False,4,2.40998406911506,next-5,pass
7,s7-test-0-2,310a198f5a248efa748789e402cfead5,information_gain,3,3,False,3,2.221220920895377,next-10,pass
7,s7-test-0-2,310a198f5a248efa748789e402cfead5,information_gain,4,4,True,1,0.6170712962771051,next-6,fail
7,s7-test-0-2,310a198f5a248efa748789e402cfead5,random,0,0,False,7,2.9306750898580036,,
7,s7-test-0-2,310a198f5a248efa748789e402cfead5,random,1,1,False,6,2.7944261092279516,next-9,pass
7,s7-test-0-2,310a198f5a248efa748789e402cfead5,random,2,2,False,5,2.5820479901928626,next-7,pass
7,s7-test-0-2,310a198f5a248efa748789e402cfead5,random,3,3,False,5,2.505726260783274,next-1,pass
7,s7-test-0-2,310a198f5a248efa748789e402cfead5,random,4,4,False,5,2.4368336762339857,next-8,pass
7,s7-test-0-3,310a198f5a248efa748789e402cfead5,information_gain,0,0,False,2,1.9709154920273826,,
7,s7-test-0-3,310a198f5a248efa748789e402cfead5,information_gain,1,1,True,1,1.1451280614782084,next-0,fail
7,s7-test-0-3,310a198f5a248efa748789e402cfead5,information_gain,2,2,True,1,0.23905183018834786,next-4,fail
7,s7-test-0-3,310a198f5a248efa748789e402cfead5,information_gain,3,3,True,1,0.015494042696100226,next-2,fail
7,s7-test-0-3,310a198f5a248efa748789e402cfead5,information_gain,4,4,True,1,0.013347305172423463,next-3,fail
7,s7-test-0-3,310a198f5a248efa748789e402cfead5,random,0,0,False,2,1.9709154920273826,,
7,s7-test-0-3,310a198f5a248efa748789e402cfead5,random,1,1,True,1,0.6536992238948994,next-2,fail
7,s7-test-0-3,310a198f5a248efa748789e402cfead5,random,2,2,True,1,0.6524732465665665,next-9,pass
7,s7-test-0-3,310a198f5a248efa748789e402cfead5,random,3,3,True,1,0.6511065985593589,next-6,pass
7,s7-test-0-3,310a198f5a248efa748789e402cfead5,random,4,4,True,1,0.640923316284122,next-10,pass
7,s7-test-0-4,310a198f5a248efa748789e402cfead5,information_gain,0,0,False,2,3.143834524130302,,
7,s7-test-0-4,310a198f5a248efa748789e402cfead5,information_gain,1,1,False,2,2.7085964489628434,next-0,pass
7,s7-test-0-4,310a198f5a248efa748789e402cfead5,information_gain,2,2,True,1,1.4161036847669646,next-10,fail
7,s7-test-0-4,310a198f5a248efa748789e402cfead5,information_gain,3,3,True,1,1.0921247553465978,next-11,pass
7,s7-test-0-4,310a198f5a248efa748789e402cfead5,information_gain,4,4,True,1,0.8200009255149104,next-9,pass
7,s7-test-0-4,310a198f5a248efa748789e402cfead5,random,0,0,False,2,3.143834524130302,,
7,s7-test-0-4,310a198f5a248efa748789e402cfead5,random,1,1,True,1,1.6661655883419255,next-10,fail
7,s7-test-0-4,310a198f5a248efa748789e402cfead5,random,2,2,True,1,1.5654512447933528,next-5,pass
7,s7-test-0-4,310a198f5a248efa748789e402cfead5,random,3,3,True,1,1.4023494392033249,next-4,pass
7,s7-test-0-4,310a198f5a248efa748789e402cfead5,random,4,4,True,1,1.4006241170114995,next-6,pass
7,s7-test-0-5,310a198f5a248efa748789e402cfead5,information_gain,0,0,False,2,2.9796411625541004,,
7,s7-test-0-5,310a198f5a248efa748789e402cfead5,information_gain,1,1,False,2,2.646076655146685,next-3,pass
7,s7-test-0-5,310a198f5a248efa748789e402cfead5,information_gain,2,2,True,1,1.2211038469405433,next-10,fail
7,s7-test-0-5,310a198f5a248efa748789e402cfead5,information_gain,3,3,True,1,0.09335307092180073,next-11,fail
7,s7-test-0-5,310a198f5a248efa748789e402cfead5,information_gain,4,4,True,1,0.06523080888390345,next-0,pass
7,s7-test-0-5,310a198f5a248efa748789e402cfead5,random,0,0,False,2,2.9796411625541004,,
7,s7-test-0-5,310a198f5a248efa748789e402cfead5,random,1,1,False,2,2.646076655146685,next-3,pass
7,s7-test-0-5,310a198f5a248efa748789e402cfead5,random,2,2,False,2,2.5715398411851935,next-1,pass
7,s7-test-0-5,310a198f5a248efa748789e402cfead5,random,3,3,True,1,1.1991147780338736,next-10,fail
7,s7-test-0-5,310a198f5a248efa748789e402cfead5,random,4,4,True,1,1.069334672451371,next-5,pass
7,s7-test-0-6,310a198f5a248efa748789e402cfead5,information_gain,0,0,False,2,2.7292120086747893,,
7,s7-test-0-6,310a198f5a248efa748789e402cfead5,information_gain,1,1,True,1,1.4721903893489126,next-4,fail
7,s7-test-0-6,310a198f5a248efa748789e402cfead5,information_gain,2,2,True,1,0.4534480522766139,next-5,fail
7,s7-test-0-6,310a198f5a248efa748789e402cfead5,information_gain,3,3,True,1,0.030530643022849146,next-2,fail
7,s7-test-0-6,310a198f5a248efa748789e402cfead5,information_gain,4,4,True,1,0.01874972557285725,next-1,pass
7,s7-test-0-6,310a198f5a248efa748789e402cfead5,random,0,0,False,2,2.7292120086747893,,
7,s7-test-0-6,310a198f5a248efa748789e402cfead5,random,1,1,False,2,2.7200545161268215,next-0,pass
7,s7-test-0-6,310a198f5a248efa748789e402cfead5,random,2,2,False,2,2.5610063604367723,next-7,pass
7,s7-test-0-6,310a198f5a248efa748789e402cfead5,random,3,3,False,2,2.3078913420430225,next-6,pass
7,s7-test-0-6,310a198f5a248efa748789e402cfead5,random,4,4,False,2,2.0803205209391513,next-10,pass
7,s7-test-0-7,310a198f5a248efa748789e402cfead5,information_gain,0,0,False,4,2.5570572003987895,,
7,s7-test-0-7,310a198f5a248efa748789e402cfead5,information_gain,1,1,False,3,2.2958150274120044,next-9,pass
7,s7-test-0-7,310a198f5a248efa748789e402cfead5,information_gain,2,2,False,2,2.1119735492886362,next-11,pass
7,s7-test-0-7,310a198f5a248efa748789e402cfead5,information_gain,3,3,False,2,1.8618184788418592,next-3,pass
7,s7-test-0-7,310a198f5a248efa748789e402cfead5,information_gain,4,4,False,2,1.609961130635608,next-4,pass
7,s7-test-0-7,310a198f5a248efa748789e402cfead5,random,0,0,False,4,2.5570572003987895,,
7,s7-test-0-7,310a198f5a248efa748789e402cfead5,random,1,1,False,4,2.40998406911506,next-4,pass
7,s7-test-0-7,310a198f5a248efa748789e402cfead5,random,2,2,False,3,2.221220920895377,next-0,pass
7,s7-test-0-7,310a198f5a248efa748789e402cfead5,random,3,3,False,3,2.2062246710648985,next-10,pass
7,s7-test-0-7,310a198f5a248efa748789e402cfead5,random,4,4,False,3,2.17607366824898,next-6,pass
7,s7-test-0-8,310a198f5a248efa748789e402cfead5,information_gain,0,0,False,8,3.056213148754101,,
7,s7-test-0-8,310a198f5a248efa748789e402cfead5,information_gain,1,1,False,6,2.7292120086747893,next-3,pass
7,s7-test-0-8,310a198f5a248efa748789e402cfead5,information_gain,2,2,False,5,2.559621537986806,next-11,pass
7,s7-test-0-8,310a198f5a248efa748789e402cfead5,information_gain,3,3,False,4,2.3835964433050596,next-0,pass
7,s7-test-0-8,310a198f5a248efa748789e402cfead5,information_gain,4,4,True,1,0.7629655699746772,next-4,fail
7,s7-test-0-8,310a198f5a248efa748789e402cfead5,random,0,0,False,8,3.056213148754101,,
7,s7-test-0-8,310a198f5a248efa748789e402cfead5,random,1,1,False,7,2.8727218028631007,next-11,pass
7,s7-test-0-8,310a198f5a248efa748789e402cfead5,random,2,2,True,1,1.1816456893649103,next-4,fail
7,s7-test-0-8,310a198f5a248efa748789e402cfead5,random,3,3,True,1,1.1616937166173644,next-10,pass
7,s7-test-0-8,310a198f5a248efa748789e402cfead5,random,4,4,True,1,1.0286986241131444,next-0,pass
7,s7-test-0-9,310a198f5a248efa748789e402cfead5,information_gain,0,0,False,3,2.849353299785278,,
7,s7-test-0-9,310a198f5a248efa748789e402cfead5,information_gain,1,1,False,3,2.484554981477825,next-0,pass
7,s7-test-0-9,310a198f5a248efa748789e402cfead5,information_gain,2,2,True,1,1.1405718567113339,next-10,fail
7,s7-test-0-9,310a198f5a248efa748789e402cfead5,information_gain,3,3,True,1,0.08544860936316105,next-3,fail
7,s7-test-0-9,310a198f5a248efa748789e402cfead5,information_gain,4,4,True,1,0.00793959886966365,next-7,fail
7,s7-test-0-9,310a198f5a248efa748789e402cfead5,random,0,0,False,3,2.849353299785278,,
7,s7-test-0-9,310a198f5a248efa748789e402cfead5,random,1,1,False,3,2.7085964489628434,next-5,pass
7,s7-test-0-9,310a198f5a248efa748789e402cfead5,random,2,2,False,3,2.5570572003987895,next-1,pass
7,s7-test-0-9,310a198f5a248efa748789e402cfead5,random,3,3,True,1,1.1122326424050624,next-7,fail
7,s7-test-0-9,310a198f5a248efa748789e402cfead5,random,4,4,True,1,0.6961240525622095,next-8,pass
7,s7-test-0-10,310a198f5a248efa748789e402cfead5,information_gain,0,0,False,6,1.4688565453797175,,
7,s7-test-0-10,310a198f5a248efa748789e402cfead5,information_gain,1,1,False,4,1.093168401971879,next-0,pass
7,s7-test-0-10,310a198f5a248efa748789e402cfead5,information_gain,2,2,True,1,1.9823770571335078,next-5,fail
7,s7-test-0-10,310a198f5a248efa748789e402cfead5,information_gain,3,3,True,1,0.5082556758380908,next-11,fail
7,s7-test-0-10,310a198f5a248efa748789e402cfead5,information_gain,4,4,True,1,0.03200563009128289,next-1,fail
7,s7-test-0-10,310a198f5a248efa748789e402cfead5,random,0,0,False,6,1.4688565453797175,,
7,s7-test-0-10,310a198f5a248efa748789e402cfead5,random,1,1,False,2,2.2862497981915495,next-5,fail
7,s7-test-0-10,310a198f5a248efa748789e402cfead5,random,2,2,False,2,2.243129898084504,next-8,pass
7,s7-test-0-10,310a198f5a248efa748789e402cfead5,random,3,3,True,1,0.6505472989534844,next-1,fail
7,s7-test-0-10,310a198f5a248efa748789e402cfead5,random,4,4,True,1,0.4914535117719772,next-4,pass
7,s7-test-0-11,310a198f5a248efa748789e402cfead5,information_gain,0,0,True,1,1.4993577708808696,,
7,s7-test-0-11,310a198f5a248efa748789e402cfead5,information_gain,1,1,True,1,0.11903705227870262,next-2,fail
7,s7-test-0-11,310a198f5a248efa748789e402cfead5,information_gain,2,2,True,1,0.007527732522478595,next-5,fail
7,s7-test-0-11,310a198f5a248efa748789e402cfead5,information_gain,3,3,True,1,0.0009680264218496253,next-3,fail
7,s7-test-0-11,310a198f5a248efa748789e402cfead5,information_gain,4,4,True,1,0.0008349469864703837,next-0,pass
7,s7-test-0-11,310a198f5a248efa748789e402cfead5,random,0,0,True,1,1.4993577708808696,,
7,s7-test-0-11,310a198f5a248efa748789e402cfead5,random,1,1,True,1,1.2319671335147264,next-0,pass
7,s7-test-0-11,310a198f5a248efa748789e402cfead5,random,2,2,True,1,1.2096990110857866,next-9,pass
7,s7-test-0-11,310a198f5a248efa748789e402cfead5,random,3,3,True,1,1.0782915803853215,next-7,pass
7,s7-test-0-11,310a198f5a248efa748789e402cfead5,random,4,4,True,1,0.9170771886527684,next-8,pass
7,s7-test-1-0,68918afa182f8a90b2977ba476cef5e2,information_gain,0,0,False,2,3.5825188452098735,,
7,s7-test-1-0,68918afa182f8a90b2977ba476cef5e2,information_gain,1,1,False,2,3.3683190673549674,next-10,pass
7,s7-test-1-0,68918afa182f8a90b2977ba476cef5e2,information_gain,2,2,False,2,3.216327063386754,next-11,pass
7,s7-test-1-0,68918afa182f8a90b2977ba476cef5e2,information_gain,3,3,False,2,3.0595127352883695,next-9,pass
7,s7-test-1-0,68918afa182f8a90b2977ba476cef5e2,information_gain,4,4,False,2,2.924279338470778,next-2,pass
7,s7-test-1-0,68918afa182f8a90b2977ba476cef5e2,random,0,0,False,2,3.5825188452098735,,
7,s7-test-1-0,68918afa182f8a90b2977ba476cef5e2,random,1,1,False,2,3.495568033240322,next-6,pass
7,s7-test-1-0,68918afa182f8a90b2977ba476cef5e2,random,2,2,False,2,3.362676376805795,next-9,pass
7,s7-test-1-0,68918afa182f8a90b2977ba476cef5e2,random,3,3,False,2,3.216327063386754,next-3,pass
7,s7-test-1-0,68918afa182f8a90b2977ba476cef5e2,random,4,4,False,2,3.2155140279887986,next-1,pass
7,s7-test-1-1,68918afa182f8a90b2977ba476cef5e2,information_gain,0,0,False,10,2.60366557339791,,
7,s7-test-1-1,68918afa182f8a90b2977ba476cef5e2,information_gain,1,1,False,9,2.3355140520980084,next-9,pass
7,s7-test-1-1,68918afa182f8a90b2977ba476cef5e2,information_gain,2,2,False,8,2.1541120758241146,next-0,pass
7,s7-test-1-1,68918afa182f8a90b2977ba476cef5e2,information_gain,3,3,False,7,2.0912434445552885,next-6,pass
7,s7-test-1-1,68918afa182f8a90b2977ba476cef5e2,information_gain,4,4,False,7,3.3773435149527486,next-3,pass
7,s7-test-1-1,68918afa182f8a90b2977ba476cef5e2,random,0,0,False,10,2.60366557339791,,
7,s7-test-1-1,68918afa182f8a90b2977ba476cef5e2,random,1,1,False,10,2.5645818548594685,next-11,pass
7,s7-test-1-1,68918afa182f8a90b2977ba476cef5e2,random,2,2,False,10,2.558729162916327,next-8,pass
7,s7-test-1-1,68918afa182f8a90b2977ba476cef5e2,random,3,3,False,10,2.362446671955888,next-10,pass
7,s7-test-1-1,68918afa182f8a90b2977ba476cef5e2,random,4,4,False,8,2.21290974474819,next-1,pass
7,s7-test-1-2,68918afa182f8a90b2977ba476cef5e2,information_gain,0,0,False,9,3.4301714774063328,,
7,s7-test-1-2,68918afa182f8a90b2977ba476cef5e2,information_gain,1,1,False,3,2.1508895046874725,next-1,fail
7,s7-test-1-2,68918afa182f8a90b2977ba476cef5e2,information_gain,2,2,False,3,1.9472203642721981,next-3,pass
7,s7-test-1-2,68918afa182f8a90b2977ba476cef5e2,information_gain,3,3,False,2,0.7115116757040651,next-6,fail
7,s7-test-1-2,68918afa182f8a90b2977ba476cef5e2,information_gain,4,4,False,2,0.6790173517840576,next-8,pass
7,s7-test-1-2,68918afa182f8a90b2977ba476cef5e2,random,0,0,False,9,3.4301714774063328,,
7,s7-test-1-2,68918afa182f8a90b2977ba476cef5e2,random,1,1,False,7,3.222544779286396,next-0,pass
7,s7-test-1-2,68918afa182f8a90b2977ba476cef5e2,random,2,2,False,10,2.9890595600489256,next-3,pass
7,s7-test-1-2,68918afa182f8a90b2977ba476cef5e2,random,3,3,False,10,2.932969207518495,next-4,pass
7,s7-test-1-2,68918afa182f8a90b2977ba476cef5e2,random,4,4,False,3,1.7259331060356016,next-1,fail
7,s7-test-1-3,68918afa182f8a90b2977ba476cef5e2,information_gain,0,0,False,6,3.7691271890382683,,
7,s7-test-1-3,68918afa182f8a90b2977ba476cef5e2,information_gain,1,1,False,6,3.437949147902623,next-5,pass
7,s7-test-1-3,68918afa182f8a90b2977ba476cef5e2,information_gain,2,2,False,4,3.2006802662970517,next-0,pass
7,s7-test-1-3,68918afa182f8a90b2977ba476cef5e2,information_gain,3,3,False,4,2.9966064271539112,next-2,pass
7,s7-test-1-3,68918afa182f8a90b2977ba476cef5e2,information_gain,4,4,True,1,1.5192927245096215,next-10,fail
7,s7-test-1-3,68918afa182f8a90b2977ba476cef5e2,random,0,0,False,6,3.7691271890382683,,
7,s7-test-1-3,68918afa182f8a90b2977ba476cef5e2,random,1,1,False,6,3.6124989829499845,next-6,pass
7,s7-test-1-3,68918afa182f8a90b2977ba476cef5e2,random,2,2,False,2,2.0017149149831353,next-10,fail
7,s7-test-1-3,68918afa182f8a90b2977ba476cef5e2,random,3,3,False,2,1.921727366331819,next-11,pass
7,s7-test-1-3,68918afa182f8a90b2977ba476cef5e2,random,4,4,False,2,1.8396817784267814,next-9,pass
7,s7-test-1-4,68918afa182f8a90b2977ba476cef5e2,information_gain,0,0,False,9,3.5825188452098735,,
7,s7-test-1-4,68918afa182f8a90b2977ba476cef5e2,information_gain,1,1,False,3,2.3281121728871645,next-9,fail
7,s7-test-1-4,68918afa182f8a90b2977ba476cef5e2,information_gain,2,2,True,1,2.166212411664347,next-10,pass
7,s7-test-1-4,68918afa182f8a90b2977ba476cef5e2,information_gain,3,3,True,1,0.23186706811298086,next-3,fail
7,s7-test-1-4,68918afa182f8a90b2977ba476cef5e2,information_gain,4,4,True,1,0.0425601193979704,next-8,fail
7,s7-test-1-4,68918afa182f8a90b2977ba476cef5e2,random,0,0,False,9,3.5825188452098735,,
7,s7-test-1-4,68918afa182f8a90b2977ba476cef5e2,random,1,1,False,9,3.516655757925391,next-2,pass
7,s7-test-1-4,68918afa182f8a90b2977ba476cef5e2,random,2,2,False,7,3.222544779286396,next-10,pass
7,s7-test-1-4,68918afa182f8a90b2977ba476cef5e2,random,3,3,False,7,3.1436659858499882,next-1,pass
7,s7-test-1-4,68918afa182f8a90b2977ba476cef5e2,random,4,4,False,6,3.0167495740573123,next-7,pass
7,s7-test-1-5,68918afa182f8a90b2977ba476cef5e2,information_gain,0,0,False,8,3.5825188452098735,,
7,s7-test-1-5,68918afa182f8a90b2977ba476cef5e2,information_gain,1,1,False,6,3.2992179442314207,next-1,pass
7,s7-test-1-5,68918afa182f8a90b2977ba476cef5e2,information_gain,2,2,True,1,1.9350657413842005,next-2,fail
7,s7-test-1-5,68918afa182f8a90b2977ba476cef5e2,information_gain,3,3,True,1,1.6874697633747227,next-6,pass
7,s7-test-1-5,68918afa182f8a90b2977ba476cef5e2,information_gain,4,4,True,1,0.16738759438604836,next-3,fail
7,s7-test-1-5,68918afa182f8a90b2977ba476cef5e2,random,0,0,False,8,3.5825188452098735,,
7,s7-test-1-5,68918afa182f8a90b2977ba476cef5e2,random,1,1,False,8,3.552207906692454,next-4,pass
7,s7-test-1-5,68918afa182f8a90b2977ba476cef5e2,random,2,2,True,1,2.0888830613653093,next-3,fail
7,s7-test-1-5,68918afa182f8a90b2977ba476cef5e2,random,3,3,True,1,1.9943693583562039,next-5,pass
7,s7-test-1-5,68918afa182f8a90b2977ba476cef5e2,random,4,4,True,1,1.7737730297199017,next-7,pass
7,s7-test-1-6,68918afa182f8a90b2977ba476cef5e2,information_gain,0,0,False,9,3.5825188452098735,,
7,s7-test-1-6,68918afa182f8a90b2977ba476cef5e2,information_gain,1,1,False,15,3.267287709672034,next-6,pass
7,s7-test-1-6,68918afa182f8a90b2977ba476cef5e2,information_gain,2,2,False,15,3.0356622307909054,next-10,pass
7,s7-test-1-6,68918afa182f8a90b2977ba476cef5e2,information_gain,3,3,False,15,1.5348008499542856,next-5,fail
7,s7-test-1-6,68918afa182f8a90b2977ba476cef5e2,information_gain,4,4,False,3,1.4424427833039992,next-2,fail
7,s7-test-1-6,68918afa182f8a90b2977ba476cef5e2,random,0,0,False,9,3.5825188452098735,,
7,s7-test-1-6,68918afa182f8a90b2977ba476cef5e2,random,1,1,False,9,3.5522079066924537,next-9,pass
7,s7-test-1-6,68918afa182f8a90b2977ba476cef5e2,random,2,2,False,10,1.9807858696867013,next-5,fail
7,s7-test-1-6,68918afa182f8a90b2977ba476cef5e2,random,3,3,False,10,1.9597637381169,next-0,pass
7,s7-test-1-6,68918afa182f8a90b2977ba476cef5e2,random,4,4,False,8,1.8178323331183444,next-1,pass
7,s7-test-1-7,68918afa182f8a90b2977ba476cef5e2,information_gain,0,0,False,3,2.4244327448623357,,
7,s7-test-1-7,68918afa182f8a90b2977ba476cef5e2,information_gain,1,1,False,2,1.192506426882144,next-1,fail
7,s7-test-1-7,68918afa182f8a90b2977ba476cef5e2,information_gain,2,2,True,1,0.24372167174409354,next-6,fail
7,s7-test-1-7,68918afa182f8a90b2977ba476cef5e2,information_gain,3,3,True,1,0.05292315423928348,next-9,pass
7,s7-test-1-7,68918afa182f8a90b2977ba476cef5e2,information_gain,4,4,True,1,0.040705022363047384,next-3,pass
7,s7-test-1-7,68918afa182f8a90b2977ba476cef5e2,random,0,0,False,3,2.4244327448623357,,
7,s7-test-1-7,68918afa182f8a90b2977ba476cef5e2,random,1,1,False,3,2.3267434652275187,next-2,pass
7,s7-test-1-7,68918afa182f8a90b2977ba476cef5e2,random,2,2,False,3,2.2615971744495473,next-11,pass
7,s7-test-1-7,68918afa182f8a90b2977ba476cef5e2,random,3,3,False,3,2.2596713274799236,next-5,pass
7,s7-test-1-7,68918afa182f8a90b2977ba476cef5e2,random,4,4,False,3,2.208608083938509,next-7,pass
7,s7-test-1-8,68918afa182f8a90b2977ba476cef5e2,information_gain,0,0,True,1,3.5825188452098735,,
7,s7-test-1-8,68918afa182f8a90b2977ba476cef5e2,information_gain,1,1,True,1,3.3052846721715192,next-1,pass
7,s7-test-1-8,68918afa182f8a90b2977ba476cef5e2,information_gain,2,2,True,1,3.0888104612295733,next-6,pass
7,s7-test-1-8,68918afa182f8a90b2977ba476cef5e2,information_gain,3,3,True,1,2.8133742606876972,next-4,pass
7,s7-test-1-8,68918afa182f8a90b2977ba476cef5e2,information_gain,4,4,True,1,2.6034665795011507,next-8,pass
7,s7-test-1-8,68918afa182f8a90b2977ba476cef5e2,random,0,0,True,1,3.5825188452098735,,
7,s7-test-1-8,68918afa182f8a90b2977ba476cef5e2,random,1,1,True,1,3.332827724104595,next-4,pass
7,s7-test-1-8,68918afa182f8a90b2977ba476cef5e2,random,2,2,True,1,3.260442934192252,next-11,pass
7,s7-test-1-8,68918afa182f8a90b2977ba476cef5e2,random,3,3,True,1,2.9865633556441624,next-7,pass
7,s7-test-1-8,68918afa182f8a90b2977ba476cef5e2,random,4,4,True,1,2.888751945840085,next-10,pass
7,s7-test-1-9,68918afa182f8a90b2977ba476cef5e2,information_gain,0,0,True,1,2.334539827758266,,
7,s7-test-1-9,68918afa182f8a90b2977ba476cef5e2,information_gain,1,1,True,1,0.7480695026118074,next-7,fail
7,s7-test-1-9,68918afa182f8a90b2977ba476cef5e2,information_gain,2,2,True,1,0.2579738365638602,next-8,pass
7,s7-test-1-9,68918afa182f8a90b2977ba476cef5e2,information_gain,3,3,True,1,0.18723482209117576,next-3,pass
7,s7-test-1-9,68918afa182f8a90b2977ba476cef5e2,information_gain,4,4,True,1,0.1383826081551671,next-9,pass
7,s7-test-1-9,68918afa182f8a90b2977ba476cef5e2,random,0,0,True,1,2.334539827758266,,
7,s7-test-1-9,68918afa182f8a90b2977ba476cef5e2,random,1,1,True,1,2.067950838678427,next-9,pass
7,s7-test-1-9,68918afa182f8a90b2977ba476cef5e2,random,2,2,True,1,1.9727606481638305,next-4,pass
7,s7-test-1-9,68918afa182f8a90b2977ba476cef5e2,random,3,3,True,1,1.662793508632936,next-3,pass
7,s7-test-1-9,68918afa182f8a90b2977ba476cef5e2,random,4,4,True,1,1.3127264079795105,next-6,pass
7,s7-test-1-10,68918afa182f8a90b2977ba476cef5e2,information_gain,0,0,False,10,3.7691271890382683,,
7,s7-test-1-10,68918afa182f8a90b2977ba476cef5e2,information_gain,1,1,False,8,3.527690454143628,next-0,pass
7,s7-test-1-10,68918afa182f8a90b2977ba476cef5e2,information_gain,2,2,False,2,2.0793049935134484,next-1,fail
7,s7-test-1-10,68918afa182f8a90b2977ba476cef5e2,information_gain,3,3,True,1,1.8803663881847184,next-3,pass
7,s7-test-1-10,68918afa182f8a90b2977ba476cef5e2,information_gain,4,4,True,1,0.3538002149838383,next-6,fail
7,s7-test-1-10,68918afa182f8a90b2977ba476cef5e2,random,0,0,False,10,3.7691271890382683,,
7,s7-test-1-10,68918afa182f8a90b2977ba476cef5e2,random,1,1,False,9,3.6928400951867846,next-5,pass
7,s7-test-1-10,68918afa182f8a90b2977ba476cef5e2,random,2,2,True,1,2.20919170487274,next-6,fail
7,s7-test-1-10,68918afa182f8a90b2977ba476cef5e2,random,3,3,True,1,2.1349853027193686,next-11,pass
7,s7-test-1-10,68918afa182f8a90b2977ba476cef5e2,random,4,4,True,1,2.123707273993182,next-10,pass
7,s7-test-1-11,68918afa182f8a90b2977ba476cef5e2,information_gain,0,0,False,4,3.552207906692454,,
7,s7-test-1-11,68918afa182f8a90b2977ba476cef5e2,information_gain,1,1,False,4,3.327124408070937,next-2,pass
7,s7-test-1-11,68918afa182f8a90b2977ba476cef5e2,information_gain,2,2,True,1,1.8273757194696907,next-1,fail
7,s7-test-1-11,68918afa182f8a90b2977ba476cef5e2,information_gain,3,3,True,1,1.6789953509519349,next-8,pass
7,s7-test-1-11,68918afa182f8a90b2977ba476cef5e2,information_gain,4,4,True,1,1.5888089407282224,next-9,pass
7,s7-test-1-11,68918afa182f8a90b2977ba476cef5e2,random,0,0,False,4,3.552207906692454,,
7,s7-test-1-11,68918afa182f8a90b2977ba476cef5e2,random,1,1,False,4,3.4630642443461617,next-11,pass
7,s7-test-1-11,68918afa182f8a90b2977ba476cef5e2,random,2,2,False,4,3.4301714774063328,next-4,pass
7,s7-test-1-11,68918afa182f8a90b2977ba476cef5e2,random,3,3,False,4,3.332827724104595,next-5,pass
7,s7-test-1-11,68918afa182f8a90b2977ba476cef5e2,random,4,4,False,3,3.1102235910351332,next-10,pass
7,s7-test-2-0,70cfe5ad3408d31b3f035acad1c158c7,information_gain,0,0,True,1,1.5836461650714428,,
7,s7-test-2-0,70cfe5ad3408d31b3f035acad1c158c7,information_gain,1,1,True,1,0.6699091096275934,next-10,fail
7,s7-test-2-0,70cfe5ad3408d31b3f035acad1c158c7,information_gain,2,2,True,1,0.49991066399043615,next-2,pass
7,s7-test-2-0,70cfe5ad3408d31b3f035acad1c158c7,information_gain,3,3,True,1,0.3206762235443711,next-3,pass
7,s7-test-2-0,70cfe5ad3408d31b3f035acad1c158c7,information_gain,4,4,True,1,0.29420312109743607,next-8,pass
7,s7-test-2-0,70cfe5ad3408d31b3f035acad1c158c7,random,0,0,True,1,1.5836461650714428,,
7,s7-test-2-0,70cfe5ad3408d31b3f035acad1c158c7,random,1,1,True,1,2.36756976179893,next-5,fail
7,s7-test-2-0,70cfe5ad3408d31b3f035acad1c158c7,random,2,2,True,1,2.25198196521426,next-7,pass
7,s7-test-2-0,70cfe5ad3408d31b3f035acad1c158c7,random,3,3,True,1,2.0016368939238838,next-1,pass
7,s7-test-2-0,70cfe5ad3408d31b3f035acad1c158c7,random,4,4,True,1,1.8137212106574188,next-3,pass
7,s7-test-2-1,70cfe5ad3408d31b3f035acad1c158c7,information_gain,0,0,False,7,3.242987002821147,,
7,s7-test-2-1,70cfe5ad3408d31b3f035acad1c158c7,information_gain,1,1,False,4,2.831491638997513,next-10,pass
7,s7-test-2-1,70cfe5ad3408d31b3f035acad1c158c7,information_gain,2,2,False,4,2.5632835935485474,next-6,pass
7,s7-test-2-1,70cfe5ad3408d31b3f035acad1c158c7,information_gain,3,3,False,3,2.370821404244032,next-9,pass
7,s7-test-2-1,70cfe5ad3408d31b3f035acad1c158c7,information_gain,4,4,False,3,2.2097115684016635,next-0,pass
7,s7-test-2-1,70cfe5ad3408d31b3f035acad1c158c7,random,0,0,False,7,3.242987002821147,,
7,s7-test-2-1,70cfe5ad3408d31b3f035acad1c158c7,random,1,1,False,7,3.1860100786438093,next-1,pass
7,s7-test-2-1,70cfe5ad3408d31b3f035acad1c158c7,random,2,2,False,7,3.062969046575547,next-7,pass
7,s7-test-2-1,70cfe5ad3408d31b3f035acad1c158c7,random,3,3,False,5,2.796740926565898,next-5,pass
7,s7-test-2-1,70cfe5ad3408d31b3f035acad1c158c7,random,4,4,False,4,2.582815637065053,next-6,pass
7,s7-test-2-2,70cfe5ad3408d31b3f035acad1c158c7,information_gain,0,0,True,1,2.2052727944627875,,
7,s7-test-2-2,70cfe5ad3408d31b3f035acad1c158c7,information_gain,1,1,True,1,1.2654959998541695,next-1,fail
7,s7-test-2-2,70cfe5ad3408d31b3f035acad1c158c7,information_gain,2,2,True,1,0.2414958542182236,next-8,fail
7,s7-test-2-2,70cfe5ad3408d31b3f035acad1c158c7,information_gain,3,3,True,1,0.21288031013395603,next-11,fail
7,s7-test-2-2,70cfe5ad3408d31b3f035acad1c158c7,information_gain,4,4,True,1,0.2116959517817774,next-3,pass
7,s7-test-2-2,70cfe5ad3408d31b3f035acad1c158c7,random,0,0,True,1,2.2052727944627875,,
7,s7-test-2-2,70cfe5ad3408d31b3f035acad1c158c7,random,1,1,True,1,1.2654959998541695,next-11,fail
7,s7-test-2-2,70cfe5ad3408d31b3f035acad1c158c7,random,2,2,True,1,1.1778549871788022,next-2,pass
7,s7-test-2-2,70cfe5ad3408d31b3f035acad1c158c7,random,3,3,True,1,1.0165968148783737,next-1,fail
7,s7-test-2-2,70cfe5ad3408d31b3f035acad1c158c7,random,4,4,True,1,1.0151105208175841,next-4,pass
7,s7-test-2-3,70cfe5ad3408d31b3f035acad1c158c7,information_gain,0,0,False,2,2.0922699929661372,,
7,s7-test-2-3,70cfe5ad3408d31b3f035acad1c158c7,information_gain,1,1,True,1,0.7606038212383973,next-4,fail
7,s7-test-2-3,70cfe5ad3408d31b3f035acad1c158c7,information_gain,2,2,True,1,0.283697225473985,next-9,pass
7,s7-test-2-3,70cfe5ad3408d31b3f035acad1c158c7,information_gain,3,3,True,1,0.10911665933987323,next-7,fail
7,s7-test-2-3,70cfe5ad3408d31b3f035acad1c158c7,information_gain,4,4,True,1,0.07988846749240476,next-2,pass
7,s7-test-2-3,70cfe5ad3408d31b3f035acad1c158c7,random,0,0,False,2,2.0922699929661372,,
7,s7-test-2-3,70cfe5ad3408d31b3f035acad1c158c7,random,1,1,True,1,2.074960089370818,next-2,pass
7,s7-test-2-3,70cfe5ad3408d31b3f035acad1c158c7,random,2,2,True,1,1.9812066932747574,next-6,pass
7,s7-test-2-3,70cfe5ad3408d31b3f035acad1c158c7,random,3,3,True,1,1.8840861825324369,next-8,pass
7,s7-test-2-3,70cfe5ad3408d31b3f035acad1c158c7,random,4,4,True,1,1.4831705988393369,next-9,pass
7,s7-test-2-4,70cfe5ad3408d31b3f035acad1c158c7,information_gain,0,0,False,10,3.415742738240945,,
7,s7-test-2-4,70cfe5ad3408d31b3f035acad1c158c7,information_gain,1,1,False,7,3.1030567389619086,next-1,pass
7,s7-test-2-4,70cfe5ad3408d31b3f035acad1c158c7,information_gain,2,2,False,5,2.799554298479753,next-9,pass
7,s7-test-2-4,70cfe5ad3408d31b3f035acad1c158c7,information_gain,3,3,True,1,1.0504971138572559,next-7,fail
7,s7-test-2-4,70cfe5ad3408d31b3f035acad1c158c7,information_gain,4,4,True,1,0.9852719236642272,next-8,pass
7,s7-test-2-4,70cfe5ad3408d31b3f035acad1c158c7,random,0,0,False,10,3.415742738240945,,
7,s7-test-2-4,70cfe5ad3408d31b3f035acad1c158c7,random,1,1,False,7,3.1030567389619086,next-1,pass
7,s7-test-2-4,70cfe5ad3408d31b3f035acad1c158c7,random,2,2,False,7,3.0582184106336214,next-0,pass
7,s7-test-2-4,70cfe5ad3408d31b3f035acad1c158c7,random,3,3,False,7,2.9587618077725533,next-6,pass
7,s7-test-2-4,70cfe5ad3408d31b3f035acad1c158c7,random,4,4,True,1,1.2686252749918638,next-7,fail
7,s7-test-2-5,70cfe5ad3408d31b3f035acad1c158c7,information_gain,0,0,False,3,2.006916377896483,,
7,s7-test-2-5,70cfe5ad3408d31b3f035acad1c158c7,information_gain,1,1,False,3,3.1807348287699364,next-9,pass
7,s7-test-2-5,70cfe5ad3408d31b3f035acad1c158c7,information_gain,2,2,True,1,3.1078256597821023,next-8,pass
7,s7-test-2-5,70cfe5ad3408d31b3f035acad1c158c7,information_gain,3,3,True,1,2.758047703699735,next-0,pass
7,s7-test-2-5,70cfe5ad3408d31b3f035acad1c158c7,information_gain,4,4,True,1,2.606043274205422,next-2,pass
7,s7-test-2-5,70cfe5ad3408d31b3f035acad1c158c7,random,0,0,False,3,2.006916377896483,,
7,s7-test-2-5,70cfe5ad3408d31b3f035acad1c158c7,random,1,1,False,3,3.1807348287699364,next-9,pass
7,s7-test-2-5,70cfe5ad3408d31b3f035acad1c158c7,random,2,2,False,2,2.8995840129188837,next-0,pass
7,s7-test-2-5,70cfe5ad3408d31b3f035acad1c158c7,random,3,3,False,2,2.771143740857991,next-7,pass
7,s7-test-2-5,70cfe5ad3408d31b3f035acad1c158c7,random,4,4,False,2,2.611949024881905,next-2,pass
7,s7-test-2-6,70cfe5ad3408d31b3f035acad1c158c7,information_gain,0,0,True,1,1.7291921398094623,,
7,s7-test-2-6,70cfe5ad3408d31b3f035acad1c158c7,information_gain,1,1,True,1,0.35852921354321077,next-6,fail
7,s7-test-2-6,70cfe5ad3408d31b3f035acad1c158c7,information_gain,2,2,True,1,0.02115015772891293,next-11,fail
7,s7-test-2-6,70cfe5ad3408d31b3f035acad1c158c7,information_gain,3,3,True,1,0.009509611316960867,next-7,pass
7,s7-test-2-6,70cfe5ad3408d31b3f035acad1c158c7,information_gain,4,4,True,1,0.0020186126543918553,next-2,fail
7,s7-test-2-6,70cfe5ad3408d31b3f035acad1c158c7,random,0,0,True,1,1.7291921398094623,,
7,s7-test-2-6,70cfe5ad3408d31b3f035acad1c158c7,random,1,1,True,1,0.3042874367915864,next-11,fail
7,s7-test-2-6,70cfe5ad3408d31b3f035acad1c158c7,random,2,2,True,1,0.3029592895369176,next-10,pass
7,s7-test-2-6,70cfe5ad3408d31b3f035acad1c158c7,random,3,3,True,1,0.2906829596611057,next-9,pass
7,s7-test-2-6,70cfe5ad3408d31b3f035acad1c158c7,random,4,4,True,1,0.020438951963782852,next-6,fail
7,s7-test-2-7,70cfe5ad3408d31b3f035acad1c158c7,information_gain,0,0,False,2,3.147159855533332,,
7,s7-test-2-7,70cfe5ad3408d31b3f035acad1c158c7,information_gain,1,1,True,1,1.9697304902733899,next-3,fail
7,s7-test-2-7,70cfe5ad3408d31b3f035acad1c158c7,information_gain,2,2,True,1,1.142970879491456,next-9,fail
7,s7-test-2-7,70cfe5ad3408d31b3f035acad1c158c7,information_gain,3,3,False,2,0.6609652529305309,next-0,pass
7,s7-test-2-7,70cfe5ad3408d31b3f035acad1c158c7,information_gain,4,4,False,2,0.5034422978584722,next-10,pass
7,s7-test-2-7,70cfe5ad3408d31b3f035acad1c158c7,random,0,0,False,2,3.147159855533332,,
7,s7-test-2-7,70cfe5ad3408d31b3f035acad1c158c7,random,1,1,False,2,3.1030567389619086,next-1,pass
7,s7-test-2-7,70cfe5ad3408d31b3f035acad1c158c7,random,2,2,False,2,3.0126241561407703,next-7,pass
7,s7-test-2-7,70cfe5ad3408d31b3f035acad1c158c7,random,3,3,True,1,1.9451179684219422,next-3,fail
7,s7-test-2-7,70cfe5ad3408d31b3f035acad1c158c7,random,4,4,True,1,1.1585553494985985,next-4,fail
7,s7-test-2-8,70cfe5ad3408d31b3f035acad1c158c7,information_gain,0,0,False,2,2.5008593044133685,,
7,s7-test-2-8,70cfe5ad3408d31b3f035acad1c158c7,information_gain,1,1,True,1,2.11608598006665,next-10,pass
7,s7-test-2-8,70cfe5ad3408d31b3f035acad1c158c7,information_gain,2,2,True,1,1.825454932363993,next-2,pass
7,s7-test-2-8,70cfe5ad3408d31b3f035acad1c158c7,information_gain,3,3,True,1,0.5373447838310338,next-8,fail
7,s7-test-2-8,70cfe5ad3408d31b3f035acad1c158c7,information_gain,4,4,True,1,0.19117548102116613,next-6,pass
7,s7-test-2-8,70cfe5ad3408d31b3f035acad1c158c7,random,0,0,False,2,2.5008593044133685,,
7,s7-test-2-8,70cfe5ad3408d31b3f035acad1c158c7,random,1,1,True,1,2.2972637249716032,next-6,pass
7,s7-test-2-8,70cfe5ad3408d31b3f035acad1c158c7,random,2,2,True,1,1.9280580107332308,next-2,pass
7,s7-test-2-8,70cfe5ad3408d31b3f035acad1c158c7,random,3,3,True,1,1.8950406066991858,next-11,pass
7,s7-test-2-8,70cfe5ad3408d31b3f035acad1c158c7,random,4,4,True,1,0.5453003251803316,next-3,fail
7,s7-test-2-9,70cfe5ad3408d31b3f035acad1c158c7,information_gain,0,0,False,9,3.44983225176385,,
7,s7-test-2-9,70cfe5ad3408d31b3f035acad1c158c7,information_gain,1,1,False,2,2.3538370714537784,next-0,fail
7,s7-test-2-9,70cfe5ad3408d31b3f035acad1c158c7,information_gain,2,2,True,1,1.188013553275546,next-8,fail
7,s7-test-2-9,70cfe5ad3408d31b3f035acad1c158c7,information_gain,3,3,True,1,0.7412405977413076,next-3,pass
7,s7-test-2-9,70cfe5ad3408d31b3f035acad1c158c7,information_gain,4,4,True,1,0.5662598458210839,next-10,pass
7,s7-test-2-9,70cfe5ad3408d31b3f035acad1c158c7,random,0,0,False,9,3.44983225176385,,
7,s7-test-2-9,70cfe5ad3408d31b3f035acad1c158c7,random,1,1,False,8,3.318286814505858,next-10,pass
7,s7-test-2-9,70cfe5ad3408d31b3f035acad1c158c7,random,2,2,False,7,3.166935918423097,next-1,pass
7,s7-test-2-9,70cfe5ad3408d31b3f035acad1c158c7,random,3,3,False,7,3.0509340825675517,next-3,pass
7,s7-test-2-9,70cfe5ad3408d31b3f035acad1c158c7,random,4,4,False,7,2.9502769028968334,next-6,pass
7,s7-test-2-10,70cfe5ad3408d31b3f035acad1c158c7,information_gain,0,0,False,7,3.44983225176385,,
7,s7-test-2-10,70cfe5ad3408d31b3f035acad1c158c7,information_gain,1,1,False,2,2.3699209834047172,next-10,fail
7,s7-test-2-10,70cfe5ad3408d31b3f035acad1c158c7,information_gain,2,2,True,1,2.035810494940699,next-8,pass
7,s7-test-2-10,70cfe5ad3408d31b3f035acad1c158c7,information_gain,3,3,True,1,1.806441590205078,next-6,pass
7,s7-test-2-10,70cfe5ad3408d31b3f035acad1c158c7,information_gain,4,4,True,1,1.6595812240701933,next-2,pass
7,s7-test-2-10,70cfe5ad3408d31b3f035acad1c158c7,random,0,0,False,7,3.44983225176385,,
7,s7-test-2-10,70cfe5ad3408d31b3f035acad1c158c7,random,1,1,False,2,2.3699209834047172,next-10,fail
7,s7-test-2-10,70cfe5ad3408d31b3f035acad1c158c7,random,2,2,False,2,2.321649157278462,next-4,pass
7,s7-test-2-10,70cfe5ad3408d31b3f035acad1c158c7,random,3,3,False,2,2.1189142741215337,next-6,pass
7,s7-test-2-10,70cfe5ad3408d31b3f035acad1c158c7,random,4,4,False,2,2.0637667755005364,next-11,pass
7,s7-test-2-11,70cfe5ad3408d31b3f035acad1c158c7,information_gain,0,0,True,1,1.7842158316393577,,
7,s7-test-2-11,70cfe5ad3408d31b3f035acad1c158c7,information_gain,1,1,True,1,0.335670071849362,next-1,fail
7,s7-test-2-11,70cfe5ad3408d31b3f035acad1c158c7,information_gain,2,2,True,1,0.032353642757533045,next-2,fail
7,s7-test-2-11,70cfe5ad3408d31b3f035acad1c158c7,information_gain,3,3,True,1,0.0022120382424970306,next-10,fail
7,s7-test-2-11,70cfe5ad3408d31b3f035acad1c158c7,information_gain,4,4,True,1,0.00101303505694454,next-7,pass
7,s7-test-2-11,70cfe5ad3408d31b3f035acad1c158c7,random,0,0,True,1,1.7842158316393577,,
7,s7-test-2-11,70cfe5ad3408d31b3f035acad1c158c7,random,1,1,True,1,1.565783591534116,next-8,pass
7,s7-test-2-11,70cfe5ad3408d31b3f035acad1c158c7,random,2,2,True,1,0.1496851973886815,next-2,fail
7,s7-test-2-11,70cfe5ad3408d31b3f035acad1c158c7,random,3,3,True,1,0.1383048121358042,next-5,pass
7,s7-test-2-11,70cfe5ad3408d31b3f035acad1c158c7,random,4,4,True,1,0.5115994819307945,next-3,fail
7,s7-test-3-0,5bf1d7c4a95319909f66205c1207d38a,information_gain,0,0,False,4,3.2796112305042784,,
7,s7-test-3-0,5bf1d7c4a95319909f66205c1207d38a,information_gain,1,1,False,2,2.055171688625841,next-8,fail
7,s7-test-3-0,5bf1d7c4a95319909f66205c1207d38a,information_gain,2,2,True,1,1.7528069549022216,next-11,pass
7,s7-test-3-0,5bf1d7c4a95319909f66205c1207d38a,information_gain,3,3,True,1,0.15076006013764723,next-0,fail
7,s7-test-3-0,5bf1d7c4a95319909f66205c1207d38a,information_gain,4,4,True,1,0.02027726966643227,next-7,fail
7,s7-test-3-0,5bf1d7c4a95319909f66205c1207d38a,random,0,0,False,4,3.2796112305042784,,
7,s7-test-3-0,5bf1d7c4a95319909f66205c1207d38a,random,1,1,False,3,3.1307113776097606,next-4,pass
7,s7-test-3-0,5bf1d7c4a95319909f66205c1207d38a,random,2,2,False,3,3.088139939172302,next-2,pass
7,s7-test-3-0,5bf1d7c4a95319909f66205c1207d38a,random,3,3,True,1,1.377107614020165,next-0,fail
7,s7-test-3-0,5bf1d7c4a95319909f66205c1207d38a,random,4,4,True,1,1.1040689392198277,next-11,pass
7,s7-test-3-1,5bf1d7c4a95319909f66205c1207d38a,information_gain,0,0,False,6,3.2474414348999336,,
7,s7-test-3-1,5bf1d7c4a95319909f66205c1207d38a,information_gain,1,1,False,3,2.0481793910096933,next-3,fail
7,s7-test-3-1,5bf1d7c4a95319909f66205c1207d38a,information_gain,2,2,False,2,1.1513919765030294,next-11,fail
7,s7-test-3-1,5bf1d7c4a95319909f66205c1207d38a,information_gain,3,3,True,1,0.227721479547354,next-8,fail
7,s7-test-3-1,5bf1d7c4a95319909f66205c1207d38a,information_gain,4,4,True,1,0.0482982830775942,next-5,pass
7,s7-test-3-1,5bf1d7c4a95319909f66205c1207d38a,random,0,0,False,6,3.2474414348999336,,
7,s7-test-3-1,5bf1d7c4a95319909f66205c1207d38a,random,1,1,False,6,3.1307113776097606,next-9,pass
7,s7-test-3-1,5bf1d7c4a95319909f66205c1207d38a,random,2,2,True,1,1.3959168069433905,next-8,fail
7,s7-test-3-1,5bf1d7c4a95319909f66205c1207d38a,random,3,3,True,1,1.2534601012892879,next-5,pass
7,s7-test-3-1,5bf1d7c4a95319909f66205c1207d38a,random,4,4,True,1,0.12091784442809199,next-11,fail
7,s7-test-3-2,5bf1d7c4a95319909f66205c1207d38a,information_gain,0,0,False,2,3.420126499829919,,
7,s7-test-3-2,5bf1d7c4a95319909f66205c1207d38a,information_gain,1,1,False,2,3.220506088552463,next-0,pass
7,s7-test-3-2,5bf1d7c4a95319909f66205c1207d38a,information_gain,2,2,True,1,1.708595292504389,next-8,fail
7,s7-test-3-2,5bf1d7c4a95319909f66205c1207d38a,information_gain,3,3,True,1,1.4486895567510572,next-9,pass
7,s7-test-3-2,5bf1d7c4a95319909f66205c1207d38a,information_gain,4,4,True,1,0.14230045299837807,next-11,fail
7,s7-test-3-2,5bf1d7c4a95319909f66205c1207d38a,random,0,0,False,2,3.420126499829919,,
7,s7-test-3-2,5bf1d7c4a95319909f66205c1207d38a,random,1,1,True,1,2.079330093961274,next-7,fail
7,s7-test-3-2,5bf1d7c4a95319909f66205c1207d38a,random,2,2,True,1,0.3772408095615516,next-11,fail
7,s7-test-3-2,5bf1d7c4a95319909f66205c1207d38a,random,3,3,True,1,0.36644415628464133,next-6,pass
7,s7-test-3-2,5bf1d7c4a95319909f66205c1207d38a,random,4,4,True,1,0.3556268153736981,next-4,pass
7,s7-test-3-3,5bf1d7c4a95319909f66205c1207d38a,information_gain,0,0,False,5,3.1106194906807754,,
7,s7-test-3-3,5bf1d7c4a95319909f66205c1207d38a,information_gain,1,1,False,3,1.954509641007186,next-9,fail
7,s7-test-3-3,5bf1d7c4a95319909f66205c1207d38a,information_gain,2,2,False,2,1.6466040542530282,next-2,pass
7,s7-test-3-3,5bf1d7c4a95319909f66205c1207d38a,information_gain,3,3,True,1,1.4437209990472581,next-3,pass
7,s7-test-3-3,5bf1d7c4a95319909f66205c1207d38a,information_gain,4,4,True,1,0.11811043365067132,next-10,fail
7,s7-test-3-3,5bf1d7c4a95319909f66205c1207d38a,random,0,0,False,5,3.1106194906807754,,
7,s7-test-3-3,5bf1d7c4a95319909f66205c1207d38a,random,1,1,False,3,1.954509641007186,next-9,fail
7,s7-test-3-3,5bf1d7c4a95319909f66205c1207d38a,random,2,2,False,3,1.9380518227984656,next-6,pass
7,s7-test-3-3,5bf1d7c4a95319909f66205c1207d38a,random,3,3,False,2,1.6237399013113003,next-2,pass
7,s7-test-3-3,5bf1d7c4a95319909f66205c1207d38a,random,4,4,False,2,1.6007677304828585,next-5,pass
7,s7-test-3-4,5bf1d7c4a95319909f66205c1207d38a,information_gain,0,0,False,7,3.0949984433210385,,
7,s7-test-3-4,5bf1d7c4a95319909f66205c1207d38a,information_gain,1,1,False,4,2.6938092999994856,next-9,pass
7,s7-test-3-4,5bf1d7c4a95319909f66205c1207d38a,information_gain,2,2,False,3,2.5237318926631165,next-1,pass
7,s7-test-3-4,5bf1d7c4a95319909f66205c1207d38a,information_gain,3,3,False,3,2.3814266240287414,next-3,pass
7,s7-test-3-4,5bf1d7c4a95319909f66205c1207d38a,information_gain,4,4,False,3,2.2952666812835734,next-4,pass
7,s7-test-3-4,5bf1d7c4a95319909f66205c1207d38a,random,0,0,False,7,3.0949984433210385,,
7,s7-test-3-4,5bf1d7c4a95319909f66205c1207d38a,random,1,1,False,7,3.088139939172302,next-5,pass
7,s7-test-3-4,5bf1d7c4a95319909f66205c1207d38a,random,2,2,False,4,2.68410004722993,next-9,pass
7,s7-test-3-4,5bf1d7c4a95319909f66205c1207d38a,random,3,3,False,4,2.6233408889928524,next-11,pass
7,s7-test-3-4,5bf1d7c4a95319909f66205c1207d38a,random,4,4,False,3,2.4419805471266813,next-1,pass
7,s7-test-3-5,5bf1d7c4a95319909f66205c1207d38a,information_gain,0,0,False,6,3.2857141032930897,,
7,s7-test-3-5,5bf1d7c4a95319909f66205c1207d38a,information_gain,1,1,True,1,1.7719940073489076,next-1,fail
7,s7-test-3-5,5bf1d7c4a95319909f66205c1207d38a,information_gain,2,2,True,1,0.49327532162971877,next-9,fail
7,s7-test-3-5,5bf1d7c4a95319909f66205c1207d38a,information_gain,3,3,True,1,0.3272414756545861,next-5,pass
7,s7-test-3-5,5bf1d7c4a95319909f66205c1207d38a,information_gain,4,4,True,1,0.31486944630396263,next-0,pass
7,s7-test-3-5,5bf1d7c4a95319909f66205c1207d38a,random,0,0,False,6,3.2857141032930897,,
7,s7-test-3-5,5bf1d7c4a95319909f66205c1207d38a,random,1,1,True,1,1.7719940073489076,next-1,fail
7,s7-test-3-5,5bf1d7c4a95319909f66205c1207d38a,random,2,2,True,1,1.7608765997638431,next-4,pass
7,s7-test-3-5,5bf1d7c4a95319909f66205c1207d38a,random,3,3,True,1,1.6393067523725557,next-5,pass
7,s7-test-3-5,5bf1d7c4a95319909f66205c1207d38a,random,4,4,True,1,0.32591853588294123,next-9,fail
7,s7-test-3-6,5bf1d7c4a95319909f66205c1207d38a,information_gain,0,0,False,6,3.2857141032930897,,
7,s7-test-3-6,5bf1d7c4a95319909f66205c1207d38a,information_gain,1,1,False,4,2.9427710486577667,next-7,pass
7,s7-test-3-6,5bf1d7c4a95319909f66205c1207d38a,information_gain,2,2,False,2,2.669577878120424,next-9,pass
7,s7-test-3-6,5bf1d7c4a95319909f66205c1207d38a,information_gain,3,3,False,2,2.506841237154047,next-11,pass
7,s7-test-3-6,5bf1d7c4a95319909f66205c1207d38a,information_gain,4,4,False,2,2.265212801857501,next-10,pass
7,s7-test-3-6,5bf1d7c4a95319909f66205c1207d38a,random,0,0,False,6,3.2857141032930897,,
7,s7-test-3-6,5bf1d7c4a95319909f66205c1207d38a,random,1,1,False,4,3.0652850393219215,next-2,pass
7,s7-test-3-6,5bf1d7c4a95319909f66205c1207d38a,random,2,2,False,4,2.8390453476300372,next-6,pass
7,s7-test-3-6,5bf1d7c4a95319909f66205c1207d38a,random,3,3,False,3,2.623340888992852,next-7,pass
7,s7-test-3-6,5bf1d7c4a95319909f66205c1207d38a,random,4,4,False,2,2.3814266240287414,next-9,pass
7,s7-test-3-7,5bf1d7c4a95319909f66205c1207d38a,information_gain,0,0,True,1,0.34494137704757055,,
7,s7-test-3-7,5bf1d7c4a95319909f66205c1207d38a,information_gain,1,1,True,1,0.03284438635630322,next-1,fail
7,s7-test-3-7,5bf1d7c4a95319909f66205c1207d38a,information_gain,2,2,True,1,0.0095867783649868,next-10,pass
7,s7-test-3-7,5bf1d7c4a95319909f66205c1207d38a,information_gain,3,3,True,1,0.0010610126101843161,next-2,fail
7,s7-test-3-7,5bf1d7c4a95319909f66205c1207d38a,information_gain,4,4,True,1,0.00014485621292484012,next-3,fail
7,s7-test-3-7,5bf1d7c4a95319909f66205c1207d38a,random,0,0,True,1,0.34494137704757055,,
7,s7-test-3-7,5bf1d7c4a95319909f66205c1207d38a,random,1,1,True,1,0.15937646833576186,next-6,pass
7,s7-test-3-7,5bf1d7c4a95319909f66205c1207d38a,random,2,2,True,1,0.020646006339518377,next-1,fail
7,s7-test-3-7,5bf1d7c4a95319909f66205c1207d38a,random,3,3,True,1,0.02006469763399294,next-4,pass
7,s7-test-3-7,5bf1d7c4a95319909f66205c1207d38a,random,4,4,True,1,0.007014003342887074,next-10,pass
7,s7-test-3-8,5bf1d7c4a95319909f66205c1207d38a,information_gain,0,0,False,2,3.2474414348999336,,
7,s7-test-3-8,5bf1d7c4a95319909f66205c1207d38a,information_gain,1,1,True,1,1.9169594065175095,next-8,fail
7,s7-test-3-8,5bf1d7c4a95319909f66205c1207d38a,information_gain,2,2,True,1,1.663355006264273,next-0,pass
7,s7-test-3-8,5bf1d7c4a95319909f66205c1207d38a,information_gain,3,3,True,1,0.13604795940985953,next-3,fail
7,s7-test-3-8,5bf1d7c4a95319909f66205c1207d38a,information_gain,4,4,True,1,0.8987098169157679,next-4,pass
7,s7-test-3-8,5bf1d7c4a95319909f66205c1207d38a,random,0,0,False,2,3.2474414348999336,,
7,s7-test-3-8,5bf1d7c4a95319909f66205c1207d38a,random,1,1,False,9,3.0949984433210385,next-4,pass
7,s7-test-3-8,5bf1d7c4a95319909f66205c1207d38a,random,2,2,False,9,3.0379365844773494,next-7,pass
7,s7-test-3-8,5bf1d7c4a95319909f66205c1207d38a,random,3,3,False,8,2.9090837062953505,next-10,pass
7,s7-test-3-8,5bf1d7c4a95319909f66205c1207d38a,random,4,4,True,1,2.9464855126289735,next-3,fail
7,s7-test-3-9,5bf1d7c4a95319909f66205c1207d38a,information_gain,0,0,False,2,2.0641976996176323,,
7,s7-test-3-9,5bf1d7c4a95319909f66205c1207d38a,information_gain,1,1,True,1,1.8818669705485043,next-11,pass
7,s7-test-3-9,5bf1d7c4a95319909f66205c1207d38a,information_gain,2,2,True,1,0.5308602153006746,next-5,fail
7,s7-test-3-9,5bf1d7c4a95319909f66205c1207d38a,information_gain,3,3,True,1,0.1932449842554607,next-8,pass
7,s7-test-3-9,5bf1d7c4a95319909f66205c1207d38a,information_gain,4,4,True,1,0.15446404044545933,next-4,pass
7,s7-test-3-9,5bf1d7c4a95319909f66205c1207d38a,random,0,0,False,2,2.0641976996176323,,
7,s7-test-3-9,5bf1d7c4a95319909f66205c1207d38a,random,1,1,False,2,1.9963207230552187,next-3,pass
7,s7-test-3-9,5bf1d7c4a95319909f66205c1207d38a,random,2,2,False,2,1.8558263019913175,next-1,pass
7,s7-test-3-9,5bf1d7c4a95319909f66205c1207d38a,random,3,3,False,2,1.7719940073489087,next-8,pass
7,s7-test-3-9,5bf1d7c4a95319909f66205c1207d38a,random,4,4,True,1,1.5279177299267739,next-11,pass
7,s7-test-3-10,5bf1d7c4a95319909f66205c1207d38a,information_gain,0,0,True,1,0.5257896494107841,,
7,s7-test-3-10,5bf1d7c4a95319909f66205c1207d38a,information_gain,1,1,True,1,0.04536550446149373,next-6,fail
7,s7-test-3-10,5bf1d7c4a95319909f66205c1207d38a,information_gain,2,2,True,1,0.25473182246277876,next-9,pass
7,s7-test-3-10,5bf1d7c4a95319909f66205c1207d38a,information_gain,3,3,True,1,0.1125501324876827,next-0,fail
7,s7-test-3-10,5bf1d7c4a95319909f66205c1207d38a,information_gain,4,4,True,1,0.02221319895726023,next-5,pass
7,s7-test-3-10,5bf1d7c4a95319909f66205c1207d38a,random,0,0,True,1,0.5257896494107841,,
7,s7-test-3-10,5bf1d7c4a95319909f66205c1207d38a,random,1,1,True,1,0.24146888462516822,next-10,fail
7,s7-test-3-10,5bf1d7c4a95319909f66205c1207d38a,random,2,2,True,1,0.2128778463515963,next-0,fail
7,s7-test-3-10,5bf1d7c4a95319909f66205c1207d38a,random,3,3,True,1,0.03229306947201504,next-8,pass
7,s7-test-3-10,5bf1d7c4a95319909f66205c1207d38a,random,4,4,True,1,0.03226686807861201,next-4,pass
7,s7-test-3-11,5bf1d7c4a95319909f66205c1207d38a,information_gain,0,0,False,6,3.3234558514981316,,
7,s7-test-3-11,5bf1d7c4a95319909f66205c1207d38a,information_gain,1,1,False,5,3.1106194906807754,next-0,pass
7,s7-test-3-11,5bf1d7c4a95319909f66205c1207d38a,information_gain,2,2,False,4,2.867684910914206,next-1,pass
7,s7-test-3-11,5bf1d7c4a95319909f66205c1207d38a,information_gain,3,3,False,3,2.669577878120424,next-10,pass
7,s7-test-3-11,5bf1d7c4a95319909f66205c1207d38a,information_gain,4,4,True,1,1.184941379727392,next-8,fail
7,s7-test-3-11,5bf1d7c4a95319909f66205c1207d38a,random,0,0,False,6,3.3234558514981316,,
7,s7-test-3-11,5bf1d7c4a95319909f66205c1207d38a,random,1,1,False,6,3.220506088552463,next-7,pass
7,s7-test-3-11,5bf1d7c4a95319909f66205c1207d38a,random,2,2,False,6,3.1374821799841657,next-11,pass
7,s7-test-3-11,5bf1d7c4a95319909f66205c1207d38a,random,3,3,False,5,3.0191729099245084,next-5,pass
7,s7-test-3-11,5bf1d7c4a95319909f66205c1207d38a,random,4,4,False,4,2.7530446611228547,next-1,pass
7,s7-test-4-0,5f544c8833fcf305ff811ec05d6c5331,information_gain,0,0,True,1,3.495568033240322,,
7,s7-test-4-0,5f544c8833fcf305ff811ec05d6c5331,information_gain,1,1,True,1,3.3052846721715192,next-11,pass
7,s7-test-4-0,5f544c8833fcf305ff811ec05d6c5331,information_gain,2,2,True,1,3.0888104612295733,next-3,pass
7,s7-test-4-0,5f544c8833fcf305ff811ec05d6c5331,information_gain,3,3,True,1,2.857777515684637,next-6,pass
7,s7-test-4-0,5f544c8833fcf305ff811ec05d6c5331,information_gain,4,4,True,1,2.714970553606564,next-0,pass
7,s7-test-4-0,5f544c8833fcf305ff811ec05d6c5331,random,0,0,True,1,3.495568033240322,,
7,s7-test-4-0,5f544c8833fcf305ff811ec05d6c5331,random,1,1,True,1,3.4630642443461617,next-7,pass
7,s7-test-4-0,5f544c8833fcf305ff811ec05d6c5331,random,2,2,True,1,3.2672877096720345,next-3,pass
7,s7-test-4-0,5f544c8833fcf305ff811ec05d6c5331,random,3,3,True,1,3.2611505990729492,next-1,pass
7,s7-test-4-0,5f544c8833fcf305ff811ec05d6c5331,random,4,4,True,1,3.183387658284464,next-10,pass
7,s7-test-4-1,5f544c8833fcf305ff811ec05d6c5331,information_gain,0,0,False,3,3.6124989829499845,,
7,s7-test-4-1,5f544c8833fcf305ff811ec05d6c5331,information_gain,1,1,False,3,3.437949147902623,next-10,pass
7,s7-test-4-1,5f544c8833fcf305ff811ec05d6c5331,information_gain,2,2,False,2,3.2415513112431307,next-11,pass
7,s7-test-4-1,5f544c8833fcf305ff811ec05d6c5331,information_gain,3,3,False,2,3.0888104612295733,next-1,pass
7,s7-test-4-1,5f544c8833fcf305ff811ec05d6c5331,information_gain,4,4,False,2,2.918077441659102,next-3,pass
7,s7-test-4-1,5f544c8833fcf305ff811ec05d6c5331,random,0,0,False,3,3.6124989829499845,,
7,s7-test-4-1,5f544c8833fcf305ff811ec05d6c5331,random,1,1,False,3,3.495568033240322,next-4,pass
7,s7-test-4-1,5f544c8833fcf305ff811ec05d6c5331,random,2,2,False,3,3.4248977492779327,next-7,pass
7,s7-test-4-1,5f544c8833fcf305ff811ec05d6c5331,random,3,3,False,2,3.222544779286396,next-11,pass
7,s7-test-4-1,5f544c8833fcf305ff811ec05d6c5331,random,4,4,False,2,2.9890595600489256,next-10,pass
7,s7-test-4-2,5f544c8833fcf305ff811ec05d6c5331,information_gain,0,0,False,9,3.3052846721715192,,
7,s7-test-4-2,5f544c8833fcf305ff811ec05d6c5331,information_gain,1,1,False,7,3.0431026839436104,next-2,pass
7,s7-test-4-2,5f544c8833fcf305ff811ec05d6c5331,information_gain,2,2,False,6,2.813374260687697,next-6,pass
7,s7-test-4-2,5f544c8833fcf305ff811ec05d6c5331,information_gain,3,3,False,5,2.6549135268104065,next-11,pass
7,s7-test-4-2,5f544c8833fcf305ff811ec05d6c5331,information_gain,4,4,False,5,2.520431768591376,next-3,pass
7,s7-test-4-2,5f544c8833fcf305ff811ec05d6c5331,random,0,0,False,9,3.3052846721715192,,
7,s7-test-4-2,5f544c8833fcf305ff811ec05d6c5331,random,1,1,False,9,3.2672877096720345,next-0,pass
7,s7-test-4-2,5f544c8833fcf305ff811ec05d6c5331,random,2,2,True,1,3.3463387059068435,next-9,fail
7,s7-test-4-2,5f544c8833fcf305ff811ec05d6c5331,random,3,3,False,2,1.0342931658375554,next-1,fail
7,s7-test-4-2,5f544c8833fcf305ff811ec05d6c5331,random,4,4,False,2,0.9661381835078794,next-11,pass
7,s7-test-4-3,5f544c8833fcf305ff811ec05d6c5331,information_gain,0,0,False,13,3.7426773708392407,,
7,s7-test-4-3,5f544c8833fcf305ff811ec05d6c5331,information_gain,1,1,False,3,2.425306965506934,next-5,fail
7,s7-test-4-3,5f544c8833fcf305ff811ec05d6c5331,information_gain,2,2,True,1,2.3369536217929987,next-3,pass
7,s7-test-4-3,5f544c8833fcf305ff811ec05d6c5331,information_gain,3,3,True,1,0.7813964683705168,next-2,fail
7,s7-test-4-3,5f544c8833fcf305ff811ec05d6c5331,information_gain,4,4,True,1,0.42698777552468775,next-7,pass
7,s7-test-4-3,5f544c8833fcf305ff811ec05d6c5331,random,0,0,False,13,3.7426773708392407,,
7,s7-test-4-3,5f544c8833fcf305ff811ec05d6c5331,random,1,1,False,12,3.664735207534386,next-10,pass
7,s7-test-4-3,5f544c8833fcf305ff811ec05d6c5331,random,2,2,False,11,3.5522079066924537,next-4,pass
7,s7-test-4-3,5f544c8833fcf305ff811ec05d6c5331,random,3,3,False,2,2.260985574716903,next-5,fail
7,s7-test-4-3,5f544c8833fcf305ff811ec05d6c5331,random,4,4,True,1,0.9234877034200005,next-2,fail
7,s7-test-4-4,5f544c8833fcf305ff811ec05d6c5331,information_gain,0,0,False,2,2.3843956773852333,,
7,s7-test-4-4,5f544c8833fcf305ff811ec05d6c5331,information_gain,1,1,True,1,1.062534333127341,next-1,fail
7,s7-test-4-4,5f544c8833fcf305ff811ec05d6c5331,information_gain,2,2,True,1,0.07784659023838716,next-7,fail
7,s7-test-4-4,5f544c8833fcf305ff811ec05d6c5331,information_gain,3,3,True,1,0.016491769588854767,next-10,fail
7,s7-test-4-4,5f544c8833fcf305ff811ec05d6c5331,information_gain,4,4,True,1,0.00423418405761827,next-5,pass
7,s7-test-4-4,5f544c8833fcf305ff811ec05d6c5331,random,0,0,False,2,2.3843956773852333,,
7,s7-test-4-4,5f544c8833fcf305ff811ec05d6c5331,random,1,1,True,1,2.27053647255546,next-4,pass
7,s7-test-4-4,5f544c8833fcf305ff811ec05d6c5331,random,2,2,True,1,2.0734064988931853,next-9,pass
7,s7-test-4-4,5f544c8833fcf305ff811ec05d6c5331,random,3,3,True,1,2.0061971582236593,next-3,pass
7,s7-test-4-4,5f544c8833fcf305ff811ec05d6c5331,random,4,4,True,1,1.972709377731606,next-2,pass
7,s7-test-4-5,5f544c8833fcf305ff811ec05d6c5331,information_gain,0,0,False,2,3.841725785133078,,
7,s7-test-4-5,5f544c8833fcf305ff811ec05d6c5331,information_gain,1,1,False,6,2.4593877570795475,next-4,fail
7,s7-test-4-5,5f544c8833fcf305ff811ec05d6c5331,information_gain,2,2,False,4,2.3020913077638547,next-2,pass
7,s7-test-4-5,5f544c8833fcf305ff811ec05d6c5331,information_gain,3,3,False,4,3.67481081447018,next-9,pass
7,s7-test-4-5,5f544c8833fcf305ff811ec05d6c5331,information_gain,4,4,False,3,3.525467120036309,next-3,pass
7,s7-test-4-5,5f544c8833fcf305ff811ec05d6c5331,random,0,0,False,2,3.841725785133078,,
7,s7-test-4-5,5f544c8833fcf305ff811ec05d6c5331,random,1,1,False,2,3.6928400951867846,next-6,pass
7,s7-test-4-5,5f544c8833fcf305ff811ec05d6c5331,random,2,2,False,15,3.527690454143628,next-8,pass
7,s7-test-4-5,5f544c8833fcf305ff811ec05d6c5331,random,3,3,False,14,3.4033563388048567,next-7,pass
7,s7-test-4-5,5f544c8833fcf305ff811ec05d6c5331,random,4,4,False,11,1.6558770310860569,next-5,fail
7,s7-test-4-6,5f544c8833fcf305ff811ec05d6c5331,information_gain,0,0,False,2,1.2770856342006427,,
7,s7-test-4-6,5f544c8833fcf305ff811ec05d6c5331,information_gain,1,1,True,1,0.42929962769396923,next-1,fail
7,s7-test-4-6,5f544c8833fcf305ff811ec05d6c5331,information_gain,2,2,True,1,1.1019603744261866,next-6,pass
7,s7-test-4-6,5f544c8833fcf305ff811ec05d6c5331,information_gain,3,3,True,1,1.0423275446502545,next-4,pass
7,s7-test-4-6,5f544c8833fcf305ff811ec05d6c5331,information_gain,4,4,True,1,1.0333054746523536,next-10,pass
7,s7-test-4-6,5f544c8833fcf305ff811ec05d6c5331,random,0,0,False,2,1.2770856342006427,,
7,s7-test-4-6,5f544c8833fcf305ff811ec05d6c5331,random,1,1,False,2,1.2715911516451948,next-2,pass
7,s7-test-4-6,5f544c8833fcf305ff811ec05d6c5331,random,2,2,False,2,1.1827093156036024,next-9,pass
7,s7-test-4-6,5f544c8833fcf305ff811ec05d6c5331,random,3,3,False,2,1.1696630425002439,next-8,pass
7,s7-test-4-6,5f544c8833fcf305ff811ec05d6c5331,random,4,4,False,2,1.8173199284051322,next-6,pass
7,s7-test-4-7,5f544c8833fcf305ff811ec05d6c5331,information_gain,0,0,True,1,1.2880586873594864,,
7,s7-test-4-7,5f544c8833fcf305ff811ec05d6c5331,information_gain,1,1,True,1,0.8889123835120982,next-0,pass
7,s7-test-4-7,5f544c8833fcf305ff811ec05d6c5331,information_gain,2,2,True,1,0.2591131241562913,next-6,fail
7,s7-test-4-7,5f544c8833fcf305ff811ec05d6c5331,information_gain,3,3,True,1,0.06965996644691876,next-8,pass
7,s7-test-4-7,5f544c8833fcf305ff811ec05d6c5331,information_gain,4,4,True,1,0.042981101943627975,next-10,pass
7,s7-test-4-7,5f544c8833fcf305ff811ec05d6c5331,random,0,0,True,1,1.2880586873594864,,
7,s7-test-4-7,5f544c8833fcf305ff811ec05d6c5331,random,1,1,True,1,1.2819086190460705,next-9,pass
7,s7-test-4-7,5f544c8833fcf305ff811ec05d6c5331,random,2,2,True,1,0.8784164486009144,next-0,pass
7,s7-test-4-7,5f544c8833fcf305ff811ec05d6c5331,random,3,3,True,1,0.8502706147580532,next-5,pass
7,s7-test-4-7,5f544c8833fcf305ff811ec05d6c5331,random,4,4,True,1,0.7005554459973357,next-11,pass
7,s7-test-4-8,5f544c8833fcf305ff811ec05d6c5331,information_gain,0,0,False,10,3.705290820516073,,
7,s7-test-4-8,5f544c8833fcf305ff811ec05d6c5331,information_gain,1,1,False,9,3.5847022883786517,next-5,pass
7,s7-test-4-8,5f544c8833fcf305ff811ec05d6c5331,information_gain,2,2,False,7,3.301570837534746,next-4,pass
7,s7-test-4-8,5f544c8833fcf305ff811ec05d6c5331,information_gain,3,3,False,5,3.0837789815630874,next-10,pass
7,s7-test-4-8,5f544c8833fcf305ff811ec05d6c5331,information_gain,4,4,False,5,2.9039848869450564,next-9,pass
7,s7-test-4-8,5f544c8833fcf305ff811ec05d6c5331,random,0,0,False,10,3.705290820516073,,
7,s7-test-4-8,5f544c8833fcf305ff811ec05d6c5331,random,1,1,False,8,3.5380693342885867,next-10,pass
7,s7-test-4-8,5f544c8833fcf305ff811ec05d6c5331,random,2,2,True,1,1.9883625085607008,next-2,fail
7,s7-test-4-8,5f544c8833fcf305ff811ec05d6c5331,random,3,3,True,1,1.9727606481638318,next-11,pass
7,s7-test-4-8,5f544c8833fcf305ff811ec05d6c5331,random,4,4,True,1,1.874084234721929,next-8,pass
7,s7-test-4-9,5f544c8833fcf305ff811ec05d6c5331,information_gain,0,0,False,11,3.977111258592224,,
7,s7-test-4-9,5f544c8833fcf305ff811ec05d6c5331,information_gain,1,1,False,8,3.692840095186784,next-1,pass
7,s7-test-4-9,5f544c8833fcf305ff811ec05d6c5331,information_gain,2,2,False,6,3.527690454143628,next-0,pass
7,s7-test-4-9,5f544c8833fcf305ff811ec05d6c5331,information_gain,3,3,False,4,3.3427570528744317,next-5,pass
7,s7-test-4-9,5f544c8833fcf305ff811ec05d6c5331,information_gain,4,4,False,3,3.2006802662970517,next-10,pass
7,s7-test-4-9,5f544c8833fcf305ff811ec05d6c5331,random,0,0,False,11,3.977111258592224,,
7,s7-test-4-9,5f544c8833fcf305ff811ec05d6c5331,random,1,1,False,9,3.841725785133078,next-0,pass
7,s7-test-4-9,5f544c8833fcf305ff811ec05d6c5331,random,2,2,False,8,3.7691271890382683,next-4,pass
7,s7-test-4-9,5f544c8833fcf305ff811ec05d6c5331,random,3,3,False,8,3.7426773708392407,next-2,pass
7,s7-test-4-9,5f544c8833fcf305ff811ec05d6c5331,random,4,4,False,8,3.664735207534386,next-11,pass
7,s7-test-4-10,5f544c8833fcf305ff811ec05d6c5331,information_gain,0,0,False,4,3.664735207534386,,
7,s7-test-4-10,5f544c8833fcf305ff811ec05d6c5331,information_gain,1,1,False,3,3.3683190673549674,next-5,pass
7,s7-test-4-10,5f544c8833fcf305ff811ec05d6c5331,information_gain,2,2,False,3,3.159180787149009,next-9,pass
7,s7-test-4-10,5f544c8833fcf305ff811ec05d6c5331,information_gain,3,3,False,3,2.901155581576535,next-3,pass
7,s7-test-4-10,5f544c8833fcf305ff811ec05d6c5331,information_gain,4,4,False,3,2.7044601579372434,next-10,pass
7,s7-test-4-10,5f544c8833fcf305ff811ec05d6c5331,random,0,0,False,4,3.664735207534386,,
7,s7-test-4-10,5f544c8833fcf305ff811ec05d6c5331,random,1,1,False,4,3.5825188452098735,next-6,pass
7,s7-test-4-10,5f544c8833fcf305ff811ec05d6c5331,random,2,2,False,3,3.495568033240322,next-0,pass
7,s7-test-4-10,5f544c8833fcf305ff811ec05d6c5331,random,3,3,False,2,3.362676376805795,next-2,pass
7,s7-test-4-10,5f544c8833fcf305ff811ec05d6c5331,random,4,4,False,2,3.183387658284464,next-1,pass
7,s7-test-4-11,5f544c8833fcf305ff811ec05d6c5331,information_gain,0,0,True,1,3.437949147902623,,
7,s7-test-4-11,5f544c8833fcf305ff811ec05d6c5331,information_gain,1,1,True,1,3.159180787149009,next-8,pass
7,s7-test-4-11,5f544c8833fcf305ff811ec05d6c5331,information_gain,2,2,True,1,2.94929870044475,next-11,pass
7,s7-test-4-11,5f544c8833fcf305ff811ec05d6c5331,information_gain,3,3,True,1,2.7594611029887255,next-0,pass
7,s7-test-4-11,5f544c8833fcf305ff811ec05d6c5331,information_gain,4,4,True,1,2.6034665795011507,next-4,pass
7,s7-test-4-11,5f544c8833fcf305ff811ec05d6c5331,random,0,0,True,1,3.437949147902623,,
7,s7-test-4-11,5f544c8833fcf305ff811ec05d6c5331,random,1,1,True,1,3.159180787149009,next-8,pass
7,s7-test-4-11,5f544c8833fcf305ff811ec05d6c5331,random,2,2,True,1,3.0742306997662587,next-2,pass
7,s7-test-4-11,5f544c8833fcf305ff811ec05d6c5331,random,3,3,True,1,2.9865633556441624,next-9,pass
7,s7-test-4-11,5f544c8833fcf305ff811ec05d6c5331,random,4,4,True,1,2.888751945840085,next-10,pass
7,s7-test-5-0,e00678c0eaa89aee4298afb76b093c20,information_gain,0,0,False,13,1.964966366070689,,
7,s7-test-5-0,e00678c0eaa89aee4298afb76b093c20,information_gain,1,1,False,11,1.7323002783699406,next-4,pass
7,s7-test-5-0,e00678c0eaa89aee4298afb76b093c20,information_gain,2,2,False,10,3.1317863602446323,next-8,pass
7,s7-test-5-0,e00678c0eaa89aee4298afb76b093c20,information_gain,3,3,False,3,1.5282543381370626,next-1,fail
7,s7-test-5-0,e00678c0eaa89aee4298afb76b093c20,information_gain,4,4,True,1,2.103667539795415,next-2,fail
7,s7-test-5-0,e00678c0eaa89aee4298afb76b093c20,random,0,0,False,13,1.964966366070689,,
7,s7-test-5-0,e00678c0eaa89aee4298afb76b093c20,random,1,1,False,12,1.9544081412696535,next-5,pass
7,s7-test-5-0,e00678c0eaa89aee4298afb76b093c20,random,2,2,False,11,1.819882637523849,next-7,pass
7,s7-test-5-0,e00678c0eaa89aee4298afb76b093c20,random,3,3,False,10,3.2130127281722043,next-8,pass
7,s7-test-5-0,e00678c0eaa89aee4298afb76b093c20,random,4,4,False,10,3.1820460237954076,next-3,pass
7,s7-test-5-1,e00678c0eaa89aee4298afb76b093c20,information_gain,0,0,True,1,3.2467967336558816,,
7,s7-test-5-1,e00678c0eaa89aee4298afb76b093c20,information_gain,1,1,True,1,2.896365871803483,next-6,pass
7,s7-test-5-1,e00678c0eaa89aee4298afb76b093c20,information_gain,2,2,True,1,2.637922866943443,next-7,pass
7,s7-test-5-1,e00678c0eaa89aee4298afb76b093c20,information_gain,3,3,True,1,2.4966294501611364,next-8,pass
7,s7-test-5-1,e00678c0eaa89aee4298afb76b093c20,information_gain,4,4,True,1,2.359032484889121,next-2,pass
7,s7-test-5-1,e00678c0eaa89aee4298afb76b093c20,random,0,0,True,1,3.2467967336558816,,
7,s7-test-5-1,e00678c0eaa89aee4298afb76b093c20,random,1,1,True,1,2.896365871803483,next-6,pass
7,s7-test-5-1,e00678c0eaa89aee4298afb76b093c20,random,2,2,True,1,2.7870112534896556,next-3,pass
7,s7-test-5-1,e00678c0eaa89aee4298afb76b093c20,random,3,3,True,1,2.50742668106293,next-7,pass
7,s7-test-5-1,e00678c0eaa89aee4298afb76b093c20,random,4,4,True,1,2.4287004423843346,next-1,pass
7,s7-test-5-2,e00678c0eaa89aee4298afb76b093c20,information_gain,0,0,True,1,3.565136908674418,,
7,s7-test-5-2,e00678c0eaa89aee4298afb76b093c20,information_gain,1,1,True,1,3.3846723051365375,next-1,pass
7,s7-test-5-2,e00678c0eaa89aee4298afb76b093c20,information_gain,2,2,True,1,3.180958516181757,next-5,pass
7,s7-test-5-2,e00678c0eaa89aee4298afb76b093c20,information_gain,3,3,True,1,3.0214412626582674,next-11,pass
7,s7-test-5-2,e00678c0eaa89aee4298afb76b093c20,information_gain,4,4,True,1,2.842249763183714,next-3,pass
7,s7-test-5-2,e00678c0eaa89aee4298afb76b093c20,random,0,0,True,1,3.565136908674418,,
7,s7-test-5-2,e00678c0eaa89aee4298afb76b093c20,random,1,1,True,1,3.502602689016775,next-2,pass
7,s7-test-5-2,e00678c0eaa89aee4298afb76b093c20,random,2,2,True,1,3.3120353784713337,next-5,pass
7,s7-test-5-2,e00678c0eaa89aee4298afb76b093c20,random,3,3,True,1,3.2749792800627215,next-0,pass
7,s7-test-5-2,e00678c0eaa89aee4298afb76b093c20,random,4,4,True,1,3.166617886633438,next-10,pass
7,s7-test-5-3,e00678c0eaa89aee4298afb76b093c20,information_gain,0,0,True,1,2.1006227784065263,,
7,s7-test-5-3,e00678c0eaa89aee4298afb76b093c20,information_gain,1,1,True,1,0.712411082876645,next-3,fail
7,s7-test-5-3,e00678c0eaa89aee4298afb76b093c20,information_gain,2,2,True,1,0.04625216977177554,next-9,fail
7,s7-test-5-3,e00678c0eaa89aee4298afb76b093c20,information_gain,3,3,True,1,0.0023367438089093827,next-1,fail
7,s7-test-5-3,e00678c0eaa89aee4298afb76b093c20,information_gain,4,4,True,1,0.0007305962737814528,next-5,fail
7,s7-test-5-3,e00678c0eaa89aee4298afb76b093c20,random,0,0,True,1,2.1006227784065263,,
7,s7-test-5-3,e00678c0eaa89aee4298afb76b093c20,random,1,1,True,1,2.0335593031712667,next-2,pass
7,s7-test-5-3,e00678c0eaa89aee4298afb76b093c20,random,2,2,True,1,1.0882776975897626,next-11,fail
7,s7-test-5-3,e00678c0eaa89aee4298afb76b093c20,random,3,3,True,1,1.0868870069716225,next-6,pass
7,s7-test-5-3,e00678c0eaa89aee4298afb76b093c20,random,4,4,True,1,1.0810578923313827,next-8,pass
7,s7-test-5-4,e00678c0eaa89aee4298afb76b093c20,information_gain,0,0,True,1,3.3120353784713337,,
7,s7-test-5-4,e00678c0eaa89aee4298afb76b093c20,information_gain,1,1,True,1,2.973112700277701,next-3,pass
7,s7-test-5-4,e00678c0eaa89aee4298afb76b093c20,information_gain,2,2,True,1,2.7870112534896556,next-11,pass
7,s7-test-5-4,e00678c0eaa89aee4298afb76b093c20,information_gain,3,3,True,1,2.627551854372664,next-2,pass
7,s7-test-5-4,e00678c0eaa89aee4298afb76b093c20,information_gain,4,4,True,1,2.4858056046504498,next-4,pass
7,s7-test-5-4,e00678c0eaa89aee4298afb76b093c20,random,0,0,True,1,3.3120353784713337,,
7,s7-test-5-4,e00678c0eaa89aee4298afb76b093c20,random,1,1,True,1,3.2630502369876564,next-10,pass
7,s7-test-5-4,e00678c0eaa89aee4298afb76b093c20,random,2,2,True,1,3.224563974971466,next-0,pass
7,s7-test-5-4,e00678c0eaa89aee4298afb76b093c20,random,3,3,True,1,2.856438331442918,next-3,pass
7,s7-test-5-4,e00678c0eaa89aee4298afb76b093c20,random,4,4,True,1,2.653047598100609,next-11,pass
7,s7-test-5-5,e00678c0eaa89aee4298afb76b093c20,information_gain,0,0,False,8,3.6189264727506596,,
7,s7-test-5-5,e00678c0eaa89aee4298afb76b093c20,information_gain,1,1,False,5,3.3485960689579,next-0,pass
7,s7-test-5-5,e00678c0eaa89aee4298afb76b093c20,information_gain,2,2,False,5,3.138003968156398,next-10,pass
7,s7-test-5-5,e00678c0eaa89aee4298afb76b093c20,information_gain,3,3,True,1,1.6626617367225212,next-7,fail
7,s7-test-5-5,e00678c0eaa89aee4298afb76b093c20,information_gain,4,4,True,1,1.4940636693293696,next-5,pass
7,s7-test-5-5,e00678c0eaa89aee4298afb76b093c20,random,0,0,False,8,3.6189264727506596,,
7,s7-test-5-5,e00678c0eaa89aee4298afb76b093c20,random,1,1,False,8,3.534047927487847,next-11,pass
7,s7-test-5-5,e00678c0eaa89aee4298afb76b093c20,random,2,2,False,8,3.4103178257626174,next-10,pass
7,s7-test-5-5,e00678c0eaa89aee4298afb76b093c20,random,3,3,False,6,3.2070025164433096,next-9,pass
7,s7-test-5-5,e00678c0eaa89aee4298afb76b093c20,random,4,4,False,4,2.923899125841079,next-0,pass
7,s7-test-5-6,e00678c0eaa89aee4298afb76b093c20,information_gain,0,0,False,10,3.4775273960814217,,
7,s7-test-5-6,e00678c0eaa89aee4298afb76b093c20,information_gain,1,1,False,3,2.1463686515750555,next-6,fail
7,s7-test-5-6,e00678c0eaa89aee4298afb76b093c20,information_gain,2,2,True,1,1.9421590066694037,next-8,pass
7,s7-test-5-6,e00678c0eaa89aee4298afb76b093c20,information_gain,3,3,True,1,1.6138992834680508,next-0,pass
7,s7-test-5-6,e00678c0eaa89aee4298afb76b093c20,information_gain,4,4,True,1,1.3966317496815195,next-11,pass
7,s7-test-5-6,e00678c0eaa89aee4298afb76b093c20,random,0,0,False,10,3.4775273960814217,,
7,s7-test-5-6,e00678c0eaa89aee4298afb76b093c20,random,1,1,False,9,3.3120353784713337,next-7,pass
7,s7-test-5-6,e00678c0eaa89aee4298afb76b093c20,random,2,2,False,8,3.2005666536818826,next-4,pass
7,s7-test-5-6,e00678c0eaa89aee4298afb76b093c20,random,3,3,False,3,2.0223833387516126,next-6,fail
7,s7-test-5-6,e00678c0eaa89aee4298afb76b093c20,random,4,4,True,1,1.7055446493510023,next-8,pass
7,s7-test-5-7,e00678c0eaa89aee4298afb76b093c20,information_gain,0,0,False,8,3.3485960689579,,
7,s7-test-5-7,e00678c0eaa89aee4298afb76b093c20,information_gain,1,1,False,6,3.0943529476245084,next-6,pass
7,s7-test-5-7,e00678c0eaa89aee4298afb76b093c20,information_gain,2,2,False,2,1.6512110439602103,next-1,fail
7,s7-test-5-7,e00678c0eaa89aee4298afb76b093c20,information_gain,3,3,False,2,1.3578709399376458,next-9,pass
7,s7-test-5-7,e00678c0eaa89aee4298afb76b093c20,information_gain,4,4,False,2,2.715389438621928,next-11,pass
7,s7-test-5-7,e00678c0eaa89aee4298afb76b093c20,random,0,0,False,8,3.3485960689579,,
7,s7-test-5-7,e00678c0eaa89aee4298afb76b093c20,random,1,1,False,6,3.0943529476245084,next-6,pass
7,s7-test-5-7,e00678c0eaa89aee4298afb76b093c20,random,2,2,False,2,1.6512110439602103,next-1,fail
7,s7-test-5-7,e00678c0eaa89aee4298afb76b093c20,random,3,3,True,1,0.29360153750437123,next-7,fail
7,s7-test-5-7,e00678c0eaa89aee4298afb76b093c20,random,4,4,True,1,0.29227124014093603,next-2,pass
7,s7-test-5-8,e00678c0eaa89aee4298afb76b093c20,information_gain,0,0,True,1,3.384672305136537,,
7,s7-test-5-8,e00678c0eaa89aee4298afb76b093c20,information_gain,1,1,True,1,3.138003968156398,next-2,pass
7,s7-test-5-8,e00678c0eaa89aee4298afb76b093c20,information_gain,2,2,True,1,2.8876314899997757,next-7,pass
7,s7-test-5-8,e00678c0eaa89aee4298afb76b093c20,information_gain,3,3,True,1,2.690676246410028,next-3,pass
7,s7-test-5-8,e00678c0eaa89aee4298afb76b093c20,information_gain,4,4,True,1,2.4634038691371702,next-4,pass
7,s7-test-5-8,e00678c0eaa89aee4298afb76b093c20,random,0,0,True,1,3.384672305136537,,
7,s7-test-5-8,e00678c0eaa89aee4298afb76b093c20,random,1,1,True,1,3.246796733655882,next-6,pass
7,s7-test-5-8,e00678c0eaa89aee4298afb76b093c20,random,2,2,True,1,3.166617886633438,next-0,pass
7,s7-test-5-8,e00678c0eaa89aee4298afb76b093c20,random,3,3,True,1,2.915895500381935,next-5,pass
7,s7-test-5-8,e00678c0eaa89aee4298afb76b093c20,random,4,4,True,1,2.7689221513277698,next-8,pass
7,s7-test-5-9,e00678c0eaa89aee4298afb76b093c20,information_gain,0,0,False,3,3.2070025164433096,,
7,s7-test-5-9,e00678c0eaa89aee4298afb76b093c20,information_gain,1,1,False,3,2.973112700277701,next-11,pass
7,s7-test-5-9,e00678c0eaa89aee4298afb76b093c20,information_gain,2,2,True,1,1.5735561964707367,next-6,fail
7,s7-test-5-9,e00678c0eaa89aee4298afb76b093c20,information_gain,3,3,True,1,0.30994062664533667,next-8,fail
7,s7-test-5-9,e00678c0eaa89aee4298afb76b093c20,information_gain,4,4,True,1,0.1342388951522258,next-5,pass
7,s7-test-5-9,e00678c0eaa89aee4298afb76b093c20,random,0,0,False,3,3.2070025164433096,,
7,s7-test-5-9,e00678c0eaa89aee4298afb76b093c20,random,1,1,False,3,3.125628081133358,next-7,pass
7,s7-test-5-9,e00678c0eaa89aee4298afb76b093c20,random,2,2,False,3,3.0048844513290103,next-5,pass
7,s7-test-5-9,e00678c0eaa89aee4298afb76b093c20,random,3,3,False,3,2.9123914778423248,next-4,pass
7,s7-test-5-9,e00678c0eaa89aee4298afb76b093c20,random,4,4,False,3,2.6141564562965485,next-11,pass
7,s7-test-5-10,e00678c0eaa89aee4298afb76b093c20,information_gain,0,0,False,8,3.648003859128697,,
7,s7-test-5-10,e00678c0eaa89aee4298afb76b093c20,information_gain,1,1,False,6,3.3485960689579,next-5,pass
7,s7-test-5-10,e00678c0eaa89aee4298afb76b093c20,information_gain,2,2,False,5,3.138003968156398,next-4,pass
7,s7-test-5-10,e00678c0eaa89aee4298afb76b093c20,information_gain,3,3,True,1,1.6626617367225212,next-7,fail
7,s7-test-5-10,e00678c0eaa89aee4298afb76b093c20,information_gain,4,4,True,1,1.5735561964707367,next-10,pass
7,s7-test-5-10,e00678c0eaa89aee4298afb76b093c20,random,0,0,False,8,3.648003859128697,,
7,s7-test-5-10,e00678c0eaa89aee4298afb76b093c20,random,1,1,False,7,3.502602689016775,next-11,pass
7,s7-test-5-10,e00678c0eaa89aee4298afb76b093c20,random,2,2,False,6,3.404881111461859,next-2,pass
7,s7-test-5-10,e00678c0eaa89aee4298afb76b093c20,random,3,3,False,5,3.306141079835258,next-1,pass
7,s7-test-5-10,e00678c0eaa89aee4298afb76b093c20,random,4,4,False,4,3.1997237703580703,next-8,pass
7,s7-test-5-11,e00678c0eaa89aee4298afb76b093c20,information_gain,0,0,False,2,3.4103178257626174,,
7,s7-test-5-11,e00678c0eaa89aee4298afb76b093c20,information_gain,1,1,False,2,3.0943529476245084,next-11,pass
7,s7-test-5-11,e00678c0eaa89aee4298afb76b093c20,information_gain,2,2,False,2,2.842249763183714,next-8,pass
7,s7-test-5-11,e00678c0eaa89aee4298afb76b093c20,information_gain,3,3,False,2,2.637922866943443,next-10,pass
7,s7-test-5-11,e00678c0eaa89aee4298afb76b093c20,information_gain,4,4,False,2,2.4004277098004683,next-5,pass
7,s7-test-5-11,e00678c0eaa89aee4298afb76b093c20,random,0,0,False,2,3.4103178257626174,,
7,s7-test-5-11,e00678c0eaa89aee4298afb76b093c20,random,1,1,False,2,3.0943529476245084,next-11,pass
7,s7-test-5-11,e00678c0eaa89aee4298afb76b093c20,random,2,2,False,2,2.923899125841079,next-10,pass
7,s7-test-5-11,e00678c0eaa89aee4298afb76b093c20,random,3,3,False,2,2.7306108378569047,next-5,pass
7,s7-test-5-11,e00678c0eaa89aee4298afb76b093c20,random,4,4,False,2,2.4004277098004683,next-8,pass
7,s7-test-6-0,558fee17cd4253cf2f99ccea43a61280,information_gain,0,0,False,3,2.821032252595006,,
7,s7-test-6-0,558fee17cd4253cf2f99ccea43a61280,information_gain,1,1,False,2,2.546910910966947,next-5,pass
7,s7-test-6-0,558fee17cd4253cf2f99ccea43a61280,information_gain,2,2,False,2,2.3797995614915783,next-2,pass
7,s7-test-6-0,558fee17cd4253cf2f99ccea43a61280,information_gain,3,3,False,2,2.1029913759867207,next-9,pass
7,s7-test-6-0,558fee17cd4253cf2f99ccea43a61280,information_gain,4,4,False,2,1.991634211507139,next-0,pass
7,s7-test-6-0,558fee17cd4253cf2f99ccea43a61280,random,0,0,False,3,2.821032252595006,,
7,s7-test-6-0,558fee17cd4253cf2f99ccea43a61280,random,1,1,False,3,2.7021274637216535,next-8,pass
7,s7-test-6-0,558fee17cd4253cf2f99ccea43a61280,random,2,2,False,3,2.546910910966947,next-2,pass
7,s7-test-6-0,558fee17cd4253cf2f99ccea43a61280,random,3,3,False,3,2.4639379186429498,next-10,pass
7,s7-test-6-0,558fee17cd4253cf2f99ccea43a61280,random,4,4,False,3,2.3149955351211617,next-4,pass
7,s7-test-6-1,558fee17cd4253cf2f99ccea43a61280,information_gain,0,0,True,1,3.0709606424328166,,
7,s7-test-6-1,558fee17cd4253cf2f99ccea43a61280,information_gain,1,1,True,1,2.7622506667089946,next-3,pass
7,s7-test-6-1,558fee17cd4253cf2f99ccea43a61280,information_gain,2,2,True,1,2.4614906405758568,next-11,pass
7,s7-test-6-1,558fee17cd4253cf2f99ccea43a61280,information_gain,3,3,True,1,2.2060096331707295,next-2,pass
7,s7-test-6-1,558fee17cd4253cf2f99ccea43a61280,information_gain,4,4,True,1,2.0272977935481884,next-7,pass
7,s7-test-6-1,558fee17cd4253cf2f99ccea43a61280,random,0,0,True,1,3.0709606424328166,,
7,s7-test-6-1,558fee17cd4253cf2f99ccea43a61280,random,1,1,True,1,2.9502064259527003,next-10,pass
7,s7-test-6-1,558fee17cd4253cf2f99ccea43a61280,random,2,2,True,1,2.898174430857491,next-1,pass
7,s7-test-6-1,558fee17cd4253cf2f99ccea43a61280,random,3,3,True,1,2.7021274637216535,next-9,pass
7,s7-test-6-1,558fee17cd4253cf2f99ccea43a61280,random,4,4,True,1,2.475723705008336,next-7,pass
7,s7-test-6-2,558fee17cd4253cf2f99ccea43a61280,information_gain,0,0,False,5,3.0709606424328166,,
7,s7-test-6-2,558fee17cd4253cf2f99ccea43a61280,information_gain,1,1,False,4,2.821032252595006,next-10,pass
7,s7-test-6-2,558fee17cd4253cf2f99ccea43a61280,information_gain,2,2,False,3,2.546910910966947,next-6,pass
7,s7-test-6-2,558fee17cd4253cf2f99ccea43a61280,information_gain,3,3,False,3,2.2954186962620877,next-4,pass
7,s7-test-6-2,558fee17cd4253cf2f99ccea43a61280,information_gain,4,4,True,1,0.9752549783564388,next-9,fail
7,s7-test-6-2,558fee17cd4253cf2f99ccea43a61280,random,0,0,False,5,3.0709606424328166,,
7,s7-test-6-2,558fee17cd4253cf2f99ccea43a61280,random,1,1,False,6,1.2793086062849135,next-0,fail
7,s7-test-6-2,558fee17cd4253cf2f99ccea43a61280,random,2,2,False,6,1.240230051054371,next-3,pass
7,s7-test-6-2,558fee17cd4253cf2f99ccea43a61280,random,3,3,False,6,1.107785198078644,next-4,pass
7,s7-test-6-2,558fee17cd4253cf2f99ccea43a61280,random,4,4,False,6,1.0847525922958605,next-8,pass
7,s7-test-6-3,558fee17cd4253cf2f99ccea43a61280,information_gain,0,0,False,4,2.9690974077542287,,
7,s7-test-6-3,558fee17cd4253cf2f99ccea43a61280,information_gain,1,1,False,9,2.692226979907814,next-3,pass
7,s7-test-6-3,558fee17cd4253cf2f99ccea43a61280,information_gain,2,2,False,9,2.366015312812634,next-9,pass
7,s7-test-6-3,558fee17cd4253cf2f99ccea43a61280,information_gain,3,3,False,6,1.9765659575014314,next-1,pass
7,s7-test-6-3,558fee17cd4253cf2f99ccea43a61280,information_gain,4,4,False,6,1.8225098577206829,next-2,pass
7,s7-test-6-3,558fee17cd4253cf2f99ccea43a61280,random,0,0,False,4,2.9690974077542287,,
7,s7-test-6-3,558fee17cd4253cf2f99ccea43a61280,random,1,1,False,4,2.9206502604252993,next-6,pass
7,s7-test-6-3,558fee17cd4253cf2f99ccea43a61280,random,2,2,False,4,2.9117733177809564,next-11,pass
7,s7-test-6-3,558fee17cd4253cf2f99ccea43a61280,random,3,3,False,3,2.6190757231100035,next-9,pass
7,s7-test-6-3,558fee17cd4253cf2f99ccea43a61280,random,4,4,False,3,2.30099518470083,next-7,pass
7,s7-test-6-4,558fee17cd4253cf2f99ccea43a61280,information_gain,0,0,True,1,1.7514215469904673,,
7,s7-test-6-4,558fee17cd4253cf2f99ccea43a61280,information_gain,1,1,True,1,0.30800877630555773,next-2,fail
7,s7-test-6-4,558fee17cd4253cf2f99ccea43a61280,information_gain,2,2,True,1,0.284784227924118,next-3,pass
7,s7-test-6-4,558fee17cd4253cf2f99ccea43a61280,information_gain,3,3,True,1,0.2723172441359961,next-8,pass
7,s7-test-6-4,558fee17cd4253cf2f99ccea43a61280,information_gain,4,4,True,1,0.2599761586338741,next-1,pass
7,s7-test-6-4,558fee17cd4253cf2f99ccea43a61280,random,0,0,True,1,1.7514215469904673,,
7,s7-test-6-4,558fee17cd4253cf2f99ccea43a61280,random,1,1,True,1,1.5991674846895265,next-10,pass
7,s7-test-6-4,558fee17cd4253cf2f99ccea43a61280,random,2,2,True,1,1.5860485556221637,next-9,pass
7,s7-test-6-4,558fee17cd4253cf2f99ccea43a61280,random,3,3,True,1,1.5626779545732357,next-6,pass
7,s7-test-6-4,558fee17cd4253cf2f99ccea43a61280,random,4,4,True,1,1.4814232316912306,next-1,pass
7,s7-test-6-5,558fee17cd4253cf2f99ccea43a61280,information_gain,0,0,True,1,2.9768178553960762,,
7,s7-test-6-5,558fee17cd4253cf2f99ccea43a61280,information_gain,1,1,True,1,2.6922269799078142,next-8,pass
7,s7-test-6-5,558fee17cd4253cf2f99ccea43a61280,information_gain,2,2,True,1,2.4639379186429498,next-11,pass
7,s7-test-6-5,558fee17cd4253cf2f99ccea43a61280,information_gain,3,3,True,1,2.279381960383645,next-7,pass
7,s7-test-6-5,558fee17cd4253cf2f99ccea43a61280,information_gain,4,4,True,1,2.0825942467755265,next-10,pass
7,s7-test-6-5,558fee17cd4253cf2f99ccea43a61280,random,0,0,True,1,2.9768178553960762,,
7,s7-test-6-5,558fee17cd4253cf2f99ccea43a61280,random,1,1,True,1,2.9690974077542287,next-2,pass
7,s7-test-6-5,558fee17cd4253cf2f99ccea43a61280,random,2,2,True,1,2.8364300619435547,next-10,pass
7,s7-test-6-5,558fee17cd4253cf2f99ccea43a61280,random,3,3,True,1,2.780987338970561,next-6,pass
7,s7-test-6-5,558fee17cd4253cf2f99ccea43a61280,random,4,4,True,1,2.4505618633676503,next-8,pass
7,s7-test-6-6,558fee17cd4253cf2f99ccea43a61280,information_gain,0,0,False,6,3.3525684262076965,,
7,s7-test-6-6,558fee17cd4253cf2f99ccea43a61280,information_gain,1,1,False,9,2.9768178553960762,next-3,pass
7,s7-test-6-6,558fee17cd4253cf2f99ccea43a61280,information_gain,2,2,False,6,2.640610526853079,next-11,pass
7,s7-test-6-6,558fee17cd4253cf2f99ccea43a61280,information_gain,3,3,False,4,2.2954186962620877,next-10,pass
7,s7-test-6-6,558fee17cd4253cf2f99ccea43a61280,information_gain,4,4,False,3,1.9949210525982914,next-0,pass
7,s7-test-6-6,558fee17cd4253cf2f99ccea43a61280,random,0,0,False,6,3.3525684262076965,,
7,s7-test-6-6,558fee17cd4253cf2f99ccea43a61280,random,1,1,False,5,3.205055043599744,next-4,pass
7,s7-test-6-6,558fee17cd4253cf2f99ccea43a61280,random,2,2,False,2,1.7388197366996871,next-2,fail
7,s7-test-6-6,558fee17cd4253cf2f99ccea43a61280,random,3,3,False,2,1.6504740059492171,next-9,pass
7,s7-test-6-6,558fee17cd4253cf2f99ccea43a61280,random,4,4,False,2,1.4933727204289735,next-10,pass
7,s7-test-6-7,558fee17cd4253cf2f99ccea43a61280,information_gain,0,0,True,1,0.5229844454026996,,
7,s7-test-6-7,558fee17cd4253cf2f99ccea43a61280,information_gain,1,1,True,1,0.18459494591900277,next-11,pass
7,s7-test-6-7,558fee17cd4253cf2f99ccea43a61280,information_gain,2,2,True,1,0.022002603644417217,next-1,fail
7,s7-test-6-7,558fee17cd4253cf2f99ccea43a61280,information_gain,3,3,True,1,0.00837338021806268,next-10,pass
7,s7-test-6-7,558fee17cd4253cf2f99ccea43a61280,information_gain,4,4,True,1,0.0005517405373231202,next-3,fail
7,s7-test-6-7,558fee17cd4253cf2f99ccea43a61280,random,0,0,True,1,0.5229844454026996,,
7,s7-test-6-7,558fee17cd4253cf2f99ccea43a61280,random,1,1,True,1,0.336503640222635,next-10,pass
7,s7-test-6-7,558fee17cd4253cf2f99ccea43a61280,random,2,2,True,1,0.28954521790988685,next-5,pass
7,s7-test-6-7,558fee17cd4253cf2f99ccea43a61280,random,3,3,True,1,1.2525756822066516,next-9,pass
7,s7-test-6-7,558fee17cd4253cf2f99ccea43a61280,random,4,4,True,1,0.14504626818703778,next-1,fail
7,s7-test-6-8,558fee17cd4253cf2f99ccea43a61280,information_gain,0,0,False,11,2.4382544677416353,,
7,s7-test-6-8,558fee17cd4253cf2f99ccea43a61280,information_gain,1,1,False,10,2.0754451415946167,next-1,pass
7,s7-test-6-8,558fee17cd4253cf2f99ccea43a61280,information_gain,2,2,False,8,1.7004354772486259,next-6,pass
7,s7-test-6-8,558fee17cd4253cf2f99ccea43a61280,information_gain,3,3,False,6,1.3561588852494897,next-0,pass
7,s7-test-6-8,558fee17cd4253cf2f99ccea43a61280,information_gain,4,4,False,5,1.1891655628936402,next-4,pass
7,s7-test-6-8,558fee17cd4253cf2f99ccea43a61280,random,0,0,False,11,2.4382544677416353,,
7,s7-test-6-8,558fee17cd4253cf2f99ccea43a61280,random,1,1,False,10,2.397233400190333,next-10,pass
7,s7-test-6-8,558fee17cd4253cf2f99ccea43a61280,random,2,2,False,10,2.0754451415946167,next-11,pass
7,s7-test-6-8,558fee17cd4253cf2f99ccea43a61280,random,3,3,False,9,1.94494063784161,next-8,pass
7,s7-test-6-8,558fee17cd4253cf2f99ccea43a61280,random,4,4,False,8,1.8751916987901747,next-2,pass
7,s7-test-6-9,558fee17cd4253cf2f99ccea43a61280,information_gain,0,0,True,1,2.9502064259527003,,
7,s7-test-6-9,558fee17cd4253cf2f99ccea43a61280,information_gain,1,1,True,1,2.546910910966947,next-2,pass
7,s7-test-6-9,558fee17cd4253cf2f99ccea43a61280,information_gain,2,2,True,1,2.2954186962620877,next-9,pass
7,s7-test-6-9,558fee17cd4253cf2f99ccea43a61280,information_gain,3,3,True,1,2.084957953248855,next-10,pass
7,s7-test-6-9,558fee17cd4253cf2f99ccea43a61280,information_gain,4,4,True,1,1.8702217004303814,next-5,pass
7,s7-test-6-9,558fee17cd4253cf2f99ccea43a61280,random,0,0,True,1,2.9502064259527003,,
7,s7-test-6-9,558fee17cd4253cf2f99ccea43a61280,random,1,1,True,1,2.8451060193710522,next-8,pass
7,s7-test-6-9,558fee17cd4253cf2f99ccea43a61280,random,2,2,True,1,2.7021274637216535,next-6,pass
7,s7-test-6-9,558fee17cd4253cf2f99ccea43a61280,random,3,3,True,1,2.5353853514371494,next-5,pass
7,s7-test-6-9,558fee17cd4253cf2f99ccea43a61280,random,4,4,True,1,2.3641854261627855,next-11,pass
7,s7-test-6-10,558fee17cd4253cf2f99ccea43a61280,information_gain,0,0,False,8,3.0985091137702048,,
7,s7-test-6-10,558fee17cd4253cf2f99ccea43a61280,information_gain,1,1,False,6,2.8364300619435547,next-0,pass
7,s7-test-6-10,558fee17cd4253cf2f99ccea43a61280,information_gain,2,2,False,2,1.5357110119089454,next-2,fail
7,s7-test-6-10,558fee17cd4253cf2f99ccea43a61280,information_gain,3,3,True,1,1.2386466834648724,next-10,pass
7,s7-test-6-10,558fee17cd4253cf2f99ccea43a61280,information_gain,4,4,True,1,0.09876255202418159,next-3,fail
7,s7-test-6-10,558fee17cd4253cf2f99ccea43a61280,random,0,0,False,8,3.0985091137702048,,
7,s7-test-6-10,558fee17cd4253cf2f99ccea43a61280,random,1,1,False,6,2.8364300619435547,next-0,pass
7,s7-test-6-10,558fee17cd4253cf2f99ccea43a61280,random,2,2,True,1,1.156699836387542,next-8,fail
7,s7-test-6-10,558fee17cd4253cf2f99ccea43a61280,random,3,3,True,1,1.001877915670156,next-6,pass
7,s7-test-6-10,558fee17cd4253cf2f99ccea43a61280,random,4,4,True,1,0.9122940113086532,next-4,pass
7,s7-test-6-11,558fee17cd4253cf2f99ccea43a61280,information_gain,0,0,True,1,1.9586536296270856,,
7,s7-test-6-11,558fee17cd4253cf2f99ccea43a61280,information_gain,1,1,True,1,1.4547234058333611,next-3,pass
7,s7-test-6-11,558fee17cd4253cf2f99ccea43a61280,information_gain,2,2,True,1,1.2075939216793956,next-10,pass
7,s7-test-6-11,558fee17cd4253cf2f99ccea43a61280,information_gain,3,3,True,1,0.9377745842473085,next-8,pass
7,s7-test-6-11,558fee17cd4253cf2f99ccea43a61280,information_gain,4,4,True,1,0.7484047902524491,next-0,pass
7,s7-test-6-11,558fee17cd4253cf2f99ccea43a61280,random,0,0,True,1,1.9586536296270856,,
7,s7-test-6-11,558fee17cd4253cf2f99ccea43a61280,random,1,1,True,1,2.065497851262275,next-2,fail
7,s7-test-6-11,558fee17cd4253cf2f99ccea43a61280,random,2,2,True,1,1.6912137762964174,next-3,pass
7,s7-test-6-11,558fee17cd4253cf2f99ccea43a61280,random,3,3,True,1,1.6154790891023765,next-5,pass
7,s7-test-6-11,558fee17cd4253cf2f99ccea43a61280,random,4,4,True,1,1.4796553497867506,next-6,pass
7,s7-test-7-0,685631b7a2a69085b21f58b3ef5c6342,information_gain,0,0,False,7,2.916810821239316,,
7,s7-test-7-0,685631b7a2a69085b21f58b3ef5c6342,information_gain,1,1,False,5,2.5396252415423533,next-5,pass
7,s7-test-7-0,685631b7a2a69085b21f58b3ef5c6342,information_gain,2,2,False,6,1.279292380596391,next-8,fail
7,s7-test-7-0,685631b7a2a69085b21f58b3ef5c6342,information_gain,3,3,False,6,2.6762160916486475,next-10,pass
7,s7-test-7-0,685631b7a2a69085b21f58b3ef5c6342,information_gain,4,4,False,5,2.4805231749489542,next-11,pass
7,s7-test-7-0,685631b7a2a69085b21f58b3ef5c6342,random,0,0,False,7,2.916810821239316,,
7,s7-test-7-0,685631b7a2a69085b21f58b3ef5c6342,random,1,1,False,7,2.8681128701972614,next-2,pass
7,s7-test-7-0,685631b7a2a69085b21f58b3ef5c6342,random,2,2,False,6,2.7123774524447617,next-4,pass
7,s7-test-7-0,685631b7a2a69085b21f58b3ef5c6342,random,3,3,False,4,2.3426119189669095,next-5,pass
7,s7-test-7-0,685631b7a2a69085b21f58b3ef5c6342,random,4,4,False,4,2.2676446398298067,next-10,pass
7,s7-test-7-1,685631b7a2a69085b21f58b3ef5c6342,information_gain,0,0,True,1,3.0191729099245084,,
7,s7-test-7-1,685631b7a2a69085b21f58b3ef5c6342,information_gain,1,1,True,1,2.674369176968571,next-2,pass
7,s7-test-7-1,685631b7a2a69085b21f58b3ef5c6342,information_gain,2,2,True,1,2.3665194932939992,next-0,pass
7,s7-test-7-1,685631b7a2a69085b21f58b3ef5c6342,information_gain,3,3,True,1,2.1614948453788876,next-11,pass
7,s7-test-7-1,685631b7a2a69085b21f58b3ef5c6342,information_gain,4,4,True,1,1.9296226819698836,next-3,pass
7,s7-test-7-1,685631b7a2a69085b21f58b3ef5c6342,random,0,0,True,1,3.0191729099245084,,
7,s7-test-7-1,685631b7a2a69085b21f58b3ef5c6342,random,1,1,True,1,2.957041625034266,next-6,pass
7,s7-test-7-1,685631b7a2a69085b21f58b3ef5c6342,random,2,2,True,1,2.8111650752631903,next-4,pass
7,s7-test-7-1,685631b7a2a69085b21f58b3ef5c6342,random,3,3,True,1,2.8100418277480226,next-8,pass
7,s7-test-7-1,685631b7a2a69085b21f58b3ef5c6342,random,4,4,True,1,2.5991121098732997,next-2,pass
7,s7-test-7-2,685631b7a2a69085b21f58b3ef5c6342,information_gain,0,0,False,4,3.0949984433210385,,
7,s7-test-7-2,685631b7a2a69085b21f58b3ef5c6342,information_gain,1,1,True,1,1.7295666255450768,next-2,fail
7,s7-test-7-2,685631b7a2a69085b21f58b3ef5c6342,information_gain,2,2,True,1,1.4992482004148358,next-10,pass
7,s7-test-7-2,685631b7a2a69085b21f58b3ef5c6342,information_gain,3,3,True,1,0.1370667255593813,next-11,fail
7,s7-test-7-2,685631b7a2a69085b21f58b3ef5c6342,information_gain,4,4,True,1,0.10916881064680099,next-6,pass
7,s7-test-7-2,685631b7a2a69085b21f58b3ef5c6342,random,0,0,False,4,3.0949984433210385,,
7,s7-test-7-2,685631b7a2a69085b21f58b3ef5c6342,random,1,1,False,4,2.964657644297508,next-9,pass
7,s7-test-7-2,685631b7a2a69085b21f58b3ef5c6342,random,2,2,False,6,3.0889151158203565,next-5,fail
7,s7-test-7-2,685631b7a2a69085b21f58b3ef5c6342,random,3,3,False,6,2.9186905578212228,next-10,pass
7,s7-test-7-2,685631b7a2a69085b21f58b3ef5c6342,random,4,4,True,1,1.6254907483554393,next-11,fail
7,s7-test-7-3,685631b7a2a69085b21f58b3ef5c6342,information_gain,0,0,True,1,2.233387216810697,,
7,s7-test-7-3,685631b7a2a69085b21f58b3ef5c6342,information_gain,1,1,True,1,1.153984218681471,next-10,fail
7,s7-test-7-3,685631b7a2a69085b21f58b3ef5c6342,information_gain,2,2,True,1,0.2703918776167078,next-2,pass
7,s7-test-7-3,685631b7a2a69085b21f58b3ef5c6342,information_gain,3,3,True,1,0.10126672439367378,next-0,pass
7,s7-test-7-3,685631b7a2a69085b21f58b3ef5c6342,information_gain,4,4,True,1,0.025856175746186684,next-4,fail
7,s7-test-7-3,685631b7a2a69085b21f58b3ef5c6342,random,0,0,True,1,2.233387216810697,,
7,s7-test-7-3,685631b7a2a69085b21f58b3ef5c6342,random,1,1,True,1,1.9607195472866854,next-5,pass
7,s7-test-7-3,685631b7a2a69085b21f58b3ef5c6342,random,2,2,True,1,1.508984290706018,next-0,pass
7,s7-test-7-3,685631b7a2a69085b21f58b3ef5c6342,random,3,3,True,1,1.3883796905870642,next-11,pass
7,s7-test-7-3,685631b7a2a69085b21f58b3ef5c6342,random,4,4,True,1,0.12335801472602011,next-10,fail
7,s7-test-7-4,685631b7a2a69085b21f58b3ef5c6342,information_gain,0,0,False,6,1.1706617485491386,,
7,s7-test-7-4,685631b7a2a69085b21f58b3ef5c6342,information_gain,1,1,False,6,2.85250265114135,next-9,pass
7,s7-test-7-4,685631b7a2a69085b21f58b3ef5c6342,information_gain,2,2,False,3,2.233964629155913,next-4,fail
7,s7-test-7-4,685631b7a2a69085b21f58b3ef5c6342,information_gain,3,3,True,1,1.802100623419621,next-6,pass
7,s7-test-7-4,685631b7a2a69085b21f58b3ef5c6342,information_gain,4,4,True,1,0.9868159999754824,next-11,fail
7,s7-test-7-4,685631b7a2a69085b21f58b3ef5c6342,random,0,0,False,6,1.1706617485491386,,
7,s7-test-7-4,685631b7a2a69085b21f58b3ef5c6342,random,1,1,False,2,1.543590558125379,next-2,fail
7,s7-test-7-4,685631b7a2a69085b21f58b3ef5c6342,random,2,2,True,1,0.8007542608006307,next-4,fail
7,s7-test-7-4,685631b7a2a69085b21f58b3ef5c6342,random,3,3,True,1,0.4916612168263735,next-6,pass
7,s7-test-7-4,685631b7a2a69085b21f58b3ef5c6342,random,4,4,True,1,0.2642254023287948,next-0,pass
7,s7-test-7-5,685631b7a2a69085b21f58b3ef5c6342,information_gain,0,0,False,5,2.8681128701972614,,
7,s7-test-7-5,685631b7a2a69085b21f58b3ef5c6342,information_gain,1,1,False,7,2.549754741209927,next-4,pass
7,s7-test-7-5,685631b7a2a69085b21f58b3ef5c6342,information_gain,2,2,False,6,2.2815709647098763,next-2,pass
7,s7-test-7-5,685631b7a2a69085b21f58b3ef5c6342,information_gain,3,3,False,5,2.059635075963497,next-0,pass
7,s7-test-7-5,685631b7a2a69085b21f58b3ef5c6342,information_gain,4,4,False,5,1.8025503148364284,next-5,pass
7,s7-test-7-5,685631b7a2a69085b21f58b3ef5c6342,random,0,0,False,5,2.8681128701972614,,
7,s7-test-7-5,685631b7a2a69085b21f58b3ef5c6342,random,1,1,False,5,2.722362643151644,next-3,pass
7,s7-test-7-5,685631b7a2a69085b21f58b3ef5c6342,random,2,2,False,4,2.56118240279138,next-5,pass
7,s7-test-7-5,685631b7a2a69085b21f58b3ef5c6342,random,3,3,False,6,2.1633656485699904,next-4,pass
7,s7-test-7-5,685631b7a2a69085b21f58b3ef5c6342,random,4,4,False,5,1.9319794316024017,next-0,pass
7,s7-test-7-6,685631b7a2a69085b21f58b3ef5c6342,information_gain,0,0,False,3,2.6938092999994856,,
7,s7-test-7-6,685631b7a2a69085b21f58b3ef5c6342,information_gain,1,1,False,2,2.357783028905497,next-4,pass
7,s7-test-7-6,685631b7a2a69085b21f58b3ef5c6342,information_gain,2,2,False,2,2.043012369747247,next-5,pass
7,s7-test-7-6,685631b7a2a69085b21f58b3ef5c6342,information_gain,3,3,True,1,0.6218577015967688,next-11,fail
7,s7-test-7-6,685631b7a2a69085b21f58b3ef5c6342,information_gain,4,4,True,1,0.4631255478763231,next-9,pass
7,s7-test-7-6,685631b7a2a69085b21f58b3ef5c6342,random,0,0,False,3,2.6938092999994856,,
7,s7-test-7-6,685631b7a2a69085b21f58b3ef5c6342,random,1,1,False,2,2.3696207442294117,next-2,pass
7,s7-test-7-6,685631b7a2a69085b21f58b3ef5c6342,random,2,2,False,2,2.357783028905497,next-10,pass
7,s7-test-7-6,685631b7a2a69085b21f58b3ef5c6342,random,3,3,False,2,2.1491183315668363,next-8,pass
7,s7-test-7-6,685631b7a2a69085b21f58b3ef5c6342,random,4,4,False,2,1.9141052529538678,next-9,pass
7,s7-test-7-7,685631b7a2a69085b21f58b3ef5c6342,information_gain,0,0,False,8,3.511136909158394,,
7,s7-test-7-7,685631b7a2a69085b21f58b3ef5c6342,information_gain,1,1,False,4,2.9427710486577667,next-10,pass
7,s7-test-7-7,685631b7a2a69085b21f58b3ef5c6342,information_gain,2,2,False,2,1.8689573240676702,next-6,fail
7,s7-test-7-7,685631b7a2a69085b21f58b3ef5c6342,information_gain,3,3,True,1,1.0366581685935332,next-0,fail
7,s7-test-7-7,685631b7a2a69085b21f58b3ef5c6342,information_gain,4,4,True,1,0.40564616948073956,next-4,pass
7,s7-test-7-7,685631b7a2a69085b21f58b3ef5c6342,random,0,0,False,8,3.511136909158394,,
7,s7-test-7-7,685631b7a2a69085b21f58b3ef5c6342,random,1,1,False,5,3.179312525156195,next-5,pass
7,s7-test-7-7,685631b7a2a69085b21f58b3ef5c6342,random,2,2,False,4,2.7311750915746402,next-4,pass
7,s7-test-7-7,685631b7a2a69085b21f58b3ef5c6342,random,3,3,False,4,2.6396445165373374,next-3,pass
7,s7-test-7-7,685631b7a2a69085b21f58b3ef5c6342,random,4,4,False,4,2.466597519638776,next-11,pass
7,s7-test-7-8,685631b7a2a69085b21f58b3ef5c6342,information_gain,0,0,True,1,3.2474414348999336,,
7,s7-test-7-8,685631b7a2a69085b21f58b3ef5c6342,information_gain,1,1,True,1,2.7856454375223905,next-8,pass
7,s7-test-7-8,685631b7a2a69085b21f58b3ef5c6342,information_gain,2,2,True,1,2.497569918071423,next-4,pass
7,s7-test-7-8,685631b7a2a69085b21f58b3ef5c6342,information_gain,3,3,True,1,2.305763446997563,next-10,pass
7,s7-test-7-8,685631b7a2a69085b21f58b3ef5c6342,information_gain,4,4,True,1,2.0888746038533896,next-9,pass
7,s7-test-7-8,685631b7a2a69085b21f58b3ef5c6342,random,0,0,True,1,3.2474414348999336,,
7,s7-test-7-8,685631b7a2a69085b21f58b3ef5c6342,random,1,1,True,1,2.8746087091106225,next-3,pass
7,s7-test-7-8,685631b7a2a69085b21f58b3ef5c6342,random,2,2,True,1,2.732700168802196,next-10,pass
7,s7-test-7-8,685631b7a2a69085b21f58b3ef5c6342,random,3,3,True,1,2.673090067488409,next-7,pass
7,s7-test-7-8,685631b7a2a69085b21f58b3ef5c6342,random,4,4,True,1,2.485922251676615,next-2,pass
7,s7-test-7-9,685631b7a2a69085b21f58b3ef5c6342,information_gain,0,0,False,2,3.1106194906807754,,
7,s7-test-7-9,685631b7a2a69085b21f58b3ef5c6342,information_gain,1,1,False,2,2.6938092999994856,next-1,pass
7,s7-test-7-9,685631b7a2a69085b21f58b3ef5c6342,information_gain,2,2,True,1,1.5254459252786867,next-9,fail
7,s7-test-7-9,685631b7a2a69085b21f58b3ef5c6342,information_gain,3,3,True,1,0.4828461577230316,next-3,fail
7,s7-test-7-9,685631b7a2a69085b21f58b3ef5c6342,information_gain,4,4,True,1,0.25814824495327954,next-11,pass
7,s7-test-7-9,685631b7a2a69085b21f58b3ef5c6342,random,0,0,False,2,3.1106194906807754,,
7,s7-test-7-9,685631b7a2a69085b21f58b3ef5c6342,random,1,1,False,2,2.9931617019765704,next-5,pass
7,s7-test-7-9,685631b7a2a69085b21f58b3ef5c6342,random,2,2,True,1,2.0277124146477257,next-3,fail
7,s7-test-7-9,685631b7a2a69085b21f58b3ef5c6342,random,3,3,True,1,1.8238185653560146,next-11,pass
7,s7-test-7-9,685631b7a2a69085b21f58b3ef5c6342,random,4,4,True,1,1.630947334497126,next-10,pass
7,s7-test-7-10,685631b7a2a69085b21f58b3ef5c6342,information_gain,0,0,False,10,3.420126499829919,,
7,s7-test-7-10,685631b7a2a69085b21f58b3ef5c6342,information_gain,1,1,False,6,2.8914095005676357,next-10,pass
7,s7-test-7-10,685631b7a2a69085b21f58b3ef5c6342,information_gain,2,2,False,4,2.5810635597911844,next-8,pass
7,s7-test-7-10,685631b7a2a69085b21f58b3ef5c6342,information_gain,3,3,False,3,2.247742036002106,next-11,pass
7,s7-test-7-10,685631b7a2a69085b21f58b3ef5c6342,information_gain,4,4,False,3,2.1467943137198713,next-5,pass
7,s7-test-7-10,685631b7a2a69085b21f58b3ef5c6342,random,0,0,False,10,3.420126499829919,,
7,s7-test-7-10,685631b7a2a69085b21f58b3ef5c6342,random,1,1,False,9,3.2857141032930897,next-7,pass
7,s7-test-7-10,685631b7a2a69085b21f58b3ef5c6342,random,2,2,False,8,3.172627381003416,next-3,pass
7,s7-test-7-10,685631b7a2a69085b21f58b3ef5c6342,random,3,3,False,6,2.9345106382636224,next-4,pass
7,s7-test-7-10,685631b7a2a69085b21f58b3ef5c6342,random,4,4,False,5,2.622042259412943,next-11,pass
7,s7-test-7-11,685631b7a2a69085b21f58b3ef5c6342,information_gain,0,0,True,1,2.149015848127508,,
7,s7-test-7-11,685631b7a2a69085b21f58b3ef5c6342,information_gain,1,1,True,1,1.721184354636384,next-4,pass
7,s7-test-7-11,685631b7a2a69085b21f58b3ef5c6342,information_gain,2,2,True,1,0.45330986433982484,next-5,fail
7,s7-test-7-11,685631b7a2a69085b21f58b3ef5c6342,information_gain,3,3,True,1,0.1863114539152208,next-6,fail
7,s7-test-7-11,685631b7a2a69085b21f58b3ef5c6342,information_gain,4,4,True,1,0.03911006962910016,next-3,pass
7,s7-test-7-11,685631b7a2a69085b21f58b3ef5c6342,random,0,0,True,1,2.149015848127508,,
7,s7-test-7-11,685631b7a2a69085b21f58b3ef5c6342,random,1,1,True,1,1.9530741544344181,next-0,pass
7,s7-test-7-11,685631b7a2a69085b21f58b3ef5c6342,random,2,2,True,1,1.7678256743701435,next-2,pass
7,s7-test-7-11,685631b7a2a69085b21f58b3ef5c6342,random,3,3,True,1,1.6930522347494525,next-7,pass
7,s7-test-7-11,685631b7a2a69085b21f58b3ef5c6342,random,4,4,True,1,1.3743174523556494,next-3,pass
7,s7-test-8-0,e59edfabd316c45982f8c0f4369243d7,information_gain,0,0,False,11,4.039833154611119,,
7,s7-test-8-0,e59edfabd316c45982f8c0f4369243d7,information_gain,1,1,False,8,3.8409271606977424,next-6,pass
7,s7-test-8-0,e59edfabd316c45982f8c0f4369243d7,information_gain,2,2,False,6,3.69184575515537,next-0,pass
7,s7-test-8-0,e59edfabd316c45982f8c0f4369243d7,information_gain,3,3,True,1,2.071727400704115,next-7,fail
7,s7-test-8-0,e59edfabd316c45982f8c0f4369243d7,information_gain,4,4,True,1,0.3838308524319677,next-10,fail
7,s7-test-8-0,e59edfabd316c45982f8c0f4369243d7,random,0,0,False,11,4.039833154611119,,
7,s7-test-8-0,e59edfabd316c45982f8c0f4369243d7,random,1,1,False,11,3.954011255371759,next-4,pass
7,s7-test-8-0,e59edfabd316c45982f8c0f4369243d7,random,2,2,False,10,3.886612847301846,next-9,pass
7,s7-test-8-0,e59edfabd316c45982f8c0f4369243d7,random,3,3,False,9,3.7908306148623283,next-2,pass
7,s7-test-8-0,e59edfabd316c45982f8c0f4369243d7,random,4,4,False,9,2.1449955698855754,next-11,fail
7,s7-test-8-1,e59edfabd316c45982f8c0f4369243d7,information_gain,0,0,False,7,4.215093730703693,,
7,s7-test-8-1,e59edfabd316c45982f8c0f4369243d7,information_gain,1,1,False,5,4.039833154611119,next-2,pass
7,s7-test-8-1,e59edfabd316c45982f8c0f4369243d7,information_gain,2,2,False,3,3.8409271606977424,next-5,pass
7,s7-test-8-1,e59edfabd316c45982f8c0f4369243d7,information_gain,3,3,False,3,3.69184575515537,next-10,pass
7,s7-test-8-1,e59edfabd316c45982f8c0f4369243d7,information_gain,4,4,False,3,3.526409524365574,next-3,pass
7,s7-test-8-1,e59edfabd316c45982f8c0f4369243d7,random,0,0,False,7,4.215093730703693,,
7,s7-test-8-1,e59edfabd316c45982f8c0f4369243d7,random,1,1,False,5,4.039833154611119,next-2,pass
7,s7-test-8-1,e59edfabd316c45982f8c0f4369243d7,random,2,2,False,5,3.9102355705892378,next-8,pass
7,s7-test-8-1,e59edfabd316c45982f8c0f4369243d7,random,3,3,False,5,3.8409271606977424,next-1,pass
7,s7-test-8-1,e59edfabd316c45982f8c0f4369243d7,random,4,4,False,5,3.741837990849993,next-9,pass
7,s7-test-8-2,e59edfabd316c45982f8c0f4369243d7,information_gain,0,0,False,11,4.139450413098635,,
7,s7-test-8-2,e59edfabd316c45982f8c0f4369243d7,information_gain,1,1,False,9,3.954011255371759,next-5,pass
7,s7-test-8-2,e59edfabd316c45982f8c0f4369243d7,information_gain,2,2,False,7,3.7908306148623283,next-1,pass
7,s7-test-8-2,e59edfabd316c45982f8c0f4369243d7,information_gain,3,3,True,1,2.1829386039283536,next-2,fail
7,s7-test-8-2,e59edfabd316c45982f8c0f4369243d7,information_gain,4,4,True,1,2.147897672659435,next-8,pass
7,s7-test-8-2,e59edfabd316c45982f8c0f4369243d7,random,0,0,False,11,4.139450413098635,,
7,s7-test-8-2,e59edfabd316c45982f8c0f4369243d7,random,1,1,False,10,4.080202571984581,next-0,pass
7,s7-test-8-2,e59edfabd316c45982f8c0f4369243d7,random,2,2,False,10,4.018460748432499,next-10,pass
7,s7-test-8-2,e59edfabd316c45982f8c0f4369243d7,random,3,3,False,10,3.886612847301846,next-8,pass
7,s7-test-8-2,e59edfabd316c45982f8c0f4369243d7,random,4,4,False,9,3.815992110423461,next-11,pass
7,s7-test-8-3,e59edfabd316c45982f8c0f4369243d7,information_gain,0,0,False,15,4.080202571984581,,
7,s7-test-8-3,e59edfabd316c45982f8c0f4369243d7,information_gain,1,1,False,12,3.886612847301846,next-3,pass
7,s7-test-8-3,e59edfabd316c45982f8c0f4369243d7,information_gain,2,2,False,10,3.7151820543126086,next-8,pass
7,s7-test-8-3,e59edfabd316c45982f8c0f4369243d7,information_gain,3,3,False,8,3.551209924114175,next-0,pass
7,s7-test-8-3,e59edfabd316c45982f8c0f4369243d7,information_gain,4,4,False,2,1.9830979712205934,next-5,fail
7,s7-test-8-3,e59edfabd316c45982f8c0f4369243d7,random,0,0,False,15,4.080202571984581,,
7,s7-test-8-3,e59edfabd316c45982f8c0f4369243d7,random,1,1,False,14,3.9969230746606623,next-2,pass
7,s7-test-8-3,e59edfabd316c45982f8c0f4369243d7,random,2,2,False,13,3.9085782716788215,next-10,pass
7,s7-test-8-3,e59edfabd316c45982f8c0f4369243d7,random,3,3,False,12,3.834933633882958,next-6,pass
7,s7-test-8-3,e59edfabd316c45982f8c0f4369243d7,random,4,4,False,11,3.7357401248407105,next-4,pass
7,s7-test-8-4,e59edfabd316c45982f8c0f4369243d7,information_gain,0,0,False,16,4.080202571984581,,
7,s7-test-8-4,e59edfabd316c45982f8c0f4369243d7,information_gain,1,1,False,13,3.886612847301846,next-10,pass
7,s7-test-8-4,e59edfabd316c45982f8c0f4369243d7,information_gain,2,2,False,11,3.741837990849993,next-0,pass
7,s7-test-8-4,e59edfabd316c45982f8c0f4369243d7,information_gain,3,3,False,9,3.5814574466838955,next-1,pass
7,s7-test-8-4,e59edfabd316c45982f8c0f4369243d7,information_gain,4,4,False,2,1.993565855394175,next-3,fail
7,s7-test-8-4,e59edfabd316c45982f8c0f4369243d7,random,0,0,False,16,4.080202571984581,,
7,s7-test-8-4,e59edfabd316c45982f8c0f4369243d7,random,1,1,False,15,3.9969230746606623,next-8,pass
7,s7-test-8-4,e59edfabd316c45982f8c0f4369243d7,random,2,2,False,12,3.7908306148623283,next-10,pass
7,s7-test-8-4,e59edfabd316c45982f8c0f4369243d7,random,3,3,False,10,3.6354566854072963,next-0,pass
7,s7-test-8-4,e59edfabd316c45982f8c0f4369243d7,random,4,4,False,9,3.551209924114175,next-6,pass
7,s7-test-8-5,e59edfabd316c45982f8c0f4369243d7,information_gain,0,0,False,2,3.9764526468329464,,
7,s7-test-8-5,e59edfabd316c45982f8c0f4369243d7,information_gain,1,1,False,2,3.8409271606977424,next-10,pass
7,s7-test-8-5,e59edfabd316c45982f8c0f4369243d7,information_gain,2,2,False,2,3.69184575515537,next-11,pass
7,s7-test-8-5,e59edfabd316c45982f8c0f4369243d7,information_gain,3,3,True,1,2.071727400704115,next-9,fail
7,s7-test-8-5,e59edfabd316c45982f8c0f4369243d7,information_gain,4,4,True,1,2.0708711834279296,next-2,pass
7,s7-test-8-5,e59edfabd316c45982f8c0f4369243d7,random,0,0,False,2,3.9764526468329464,,
7,s7-test-8-5,e59edfabd316c45982f8c0f4369243d7,random,1,1,False,2,3.8409271606977424,next-6,pass
7,s7-test-8-5,e59edfabd316c45982f8c0f4369243d7,random,2,2,True,1,2.2027222240790825,next-9,fail
7,s7-test-8-5,e59edfabd316c45982f8c0f4369243d7,random,3,3,True,1,2.1177992643712393,next-8,pass
7,s7-test-8-5,e59edfabd316c45982f8c0f4369243d7,random,4,4,True,1,2.097564722272036,next-4,pass
7,s7-test-8-6,e59edfabd316c45982f8c0f4369243d7,information_gain,0,0,True,1,4.158963433108405,,
7,s7-test-8-6,e59edfabd316c45982f8c0f4369243d7,information_gain,1,1,True,1,4.039833154611119,next-10,pass
7,s7-test-8-6,e59edfabd316c45982f8c0f4369243d7,information_gain,2,2,True,1,3.9102355705892378,next-3,pass
7,s7-test-8-6,e59edfabd316c45982f8c0f4369243d7,information_gain,3,3,True,1,3.7682393680309274,next-4,pass
7,s7-test-8-6,e59edfabd316c45982f8c0f4369243d7,information_gain,4,4,True,1,3.66379534451255,next-1,pass
7,s7-test-8-6,e59edfabd316c45982f8c0f4369243d7,random,0,0,True,1,4.158963433108405,,
7,s7-test-8-6,e59edfabd316c45982f8c0f4369243d7,random,1,1,True,1,4.100603064372234,next-8,pass
7,s7-test-8-6,e59edfabd316c45982f8c0f4369243d7,random,2,2,False,2,2.6665522051348307,next-11,fail
7,s7-test-8-6,e59edfabd316c45982f8c0f4369243d7,random,3,3,False,2,2.513730467585189,next-4,pass
7,s7-test-8-6,e59edfabd316c45982f8c0f4369243d7,random,4,4,False,2,2.351042430011519,next-3,pass
7,s7-test-8-7,e59edfabd316c45982f8c0f4369243d7,information_gain,0,0,False,5,4.139450413098635,,
7,s7-test-8-7,e59edfabd316c45982f8c0f4369243d7,information_gain,1,1,False,4,3.954011255371759,next-2,pass
7,s7-test-8-7,e59edfabd316c45982f8c0f4369243d7,information_gain,2,2,True,1,2.445692901080939,next-0,fail
7,s7-test-8-7,e59edfabd316c45982f8c0f4369243d7,information_gain,3,3,True,1,2.4998435484097157,next-4,pass
7,s7-test-8-7,e59edfabd316c45982f8c0f4369243d7,information_gain,4,4,True,1,0.43071812343763094,next-6,fail
7,s7-test-8-7,e59edfabd316c45982f8c0f4369243d7,random,0,0,False,5,4.139450413098635,,
7,s7-test-8-7,e59edfabd316c45982f8c0f4369243d7,random,1,1,True,1,2.6161333845168433,next-0,fail
7,s7-test-8-7,e59edfabd316c45982f8c0f4369243d7,random,2,2,True,1,2.5036482398076014,next-8,pass
7,s7-test-8-7,e59edfabd316c45982f8c0f4369243d7,random,3,3,True,1,2.4365455006217664,next-5,pass
7,s7-test-8-7,e59edfabd316c45982f8c0f4369243d7,random,4,4,True,1,0.4275213611909547,next-6,fail
7,s7-test-8-8,e59edfabd316c45982f8c0f4369243d7,information_gain,0,0,False,15,4.215093730703693,,
7,s7-test-8-8,e59edfabd316c45982f8c0f4369243d7,information_gain,1,1,False,12,4.039833154611119,next-5,pass
7,s7-test-8-8,e59edfabd316c45982f8c0f4369243d7,information_gain,2,2,False,9,3.8409271606977424,next-8,pass
7,s7-test-8-8,e59edfabd316c45982f8c0f4369243d7,information_gain,3,3,False,8,3.741837990849993,next-2,pass
7,s7-test-8-8,e59edfabd316c45982f8c0f4369243d7,information_gain,4,4,False,7,3.6354566854072963,next-3,pass
7,s7-test-8-8,e59edfabd316c45982f8c0f4369243d7,random,0,0,False,15,4.215093730703693,,
7,s7-test-8-8,e59edfabd316c45982f8c0f4369243d7,random,1,1,False,12,4.039833154611119,next-5,pass
7,s7-test-8-8,e59edfabd316c45982f8c0f4369243d7,random,2,2,False,11,3.9764526468329464,next-7,pass
7,s7-test-8-8,e59edfabd316c45982f8c0f4369243d7,random,3,3,False,9,3.8409271606977424,next-3,pass
7,s7-test-8-8,e59edfabd316c45982f8c0f4369243d7,random,4,4,False,7,3.66379534451255,next-8,pass
7,s7-test-8-9,e59edfabd316c45982f8c0f4369243d7,information_gain,0,0,False,11,4.039833154611119,,
7,s7-test-8-9,e59edfabd316c45982f8c0f4369243d7,information_gain,1,1,False,10,3.9102355705892378,next-10,pass
7,s7-test-8-9,e59edfabd316c45982f8c0f4369243d7,information_gain,2,2,False,8,3.7682393680309274,next-5,pass
7,s7-test-8-9,e59edfabd316c45982f8c0f4369243d7,information_gain,3,3,True,1,2.1379466533884197,next-9,fail
7,s7-test-8-9,e59edfabd316c45982f8c0f4369243d7,information_gain,4,4,True,1,0.3677249867072385,next-3,fail
7,s7-test-8-9,e59edfabd316c45982f8c0f4369243d7,random,0,0,False,11,4.039833154611119,,
7,s7-test-8-9,e59edfabd316c45982f8c0f4369243d7,random,1,1,False,10,3.954011255371759,next-4,pass
7,s7-test-8-9,e59edfabd316c45982f8c0f4369243d7,random,2,2,False,9,3.815992110423461,next-10,pass
7,s7-test-8-9,e59edfabd316c45982f8c0f4369243d7,random,3,3,True,1,2.1928409342734168,next-9,fail
7,s7-test-8-9,e59edfabd316c45982f8c0f4369243d7,random,4,4,True,1,2.126589331381891,next-7,pass
7,s7-test-8-10,e59edfabd316c45982f8c0f4369243d7,information_gain,0,0,False,15,4.100603064372234,,
7,s7-test-8-10,e59edfabd316c45982f8c0f4369243d7,information_gain,1,1,False,12,3.9102355705892378,next-9,pass
7,s7-test-8-10,e59edfabd316c45982f8c0f4369243d7,information_gain,2,2,False,10,3.741837990849993,next-2,pass
7,s7-test-8-10,e59edfabd316c45982f8c0f4369243d7,information_gain,3,3,False,8,3.581457446683895,next-1,pass
7,s7-test-8-10,e59edfabd316c45982f8c0f4369243d7,information_gain,4,4,False,8,1.993565855394175,next-6,fail
7,s7-test-8-10,e59edfabd316c45982f8c0f4369243d7,random,0,0,False,15,4.100603064372234,,
7,s7-test-8-10,e59edfabd316c45982f8c0f4369243d7,random,1,1,False,15,4.059651768768022,next-3,pass
7,s7-test-8-10,e59edfabd316c45982f8c0f4369243d7,random,2,2,False,13,3.931387292085781,next-5,pass
7,s7-test-8-10,e59edfabd316c45982f8c0f4369243d7,random,3,3,False,12,3.8145165191506,next-9,pass
7,s7-test-8-10,e59edfabd316c45982f8c0f4369243d7,random,4,4,False,11,3.7398144367091977,next-0,pass
7,s7-test-8-11,e59edfabd316c45982f8c0f4369243d7,information_gain,0,0,False,3,2.6124597351120338,,
7,s7-test-8-11,e59edfabd316c45982f8c0f4369243d7,information_gain,1,1,False,2,2.512625499345731,next-5,pass
7,s7-test-8-11,e59edfabd316c45982f8c0f4369243d7,information_gain,2,2,True,1,2.6518522810689733,next-10,pass
7,s7-test-8-11,e59edfabd316c45982f8c0f4369243d7,information_gain,3,3,True,1,2.4867585600186075,next-9,pass
7,s7-test-8-11,e59edfabd316c45982f8c0f4369243d7,information_gain,4,4,True,1,2.324360025933306,next-1,pass
7,s7-test-8-11,e59edfabd316c45982f8c0f4369243d7,random,0,0,False,3,2.6124597351120338,,
7,s7-test-8-11,e59edfabd316c45982f8c0f4369243d7,random,1,1,False,3,2.520685378333205,next-1,pass
7,s7-test-8-11,e59edfabd316c45982f8c0f4369243d7,random,2,2,False,3,2.4665726324115673,next-11,pass
7,s7-test-8-11,e59edfabd316c45982f8c0f4369243d7,random,3,3,False,3,2.411530635018047,next-0,pass
7,s7-test-8-11,e59edfabd316c45982f8c0f4369243d7,random,4,4,False,3,2.362909681755755,next-2,pass
7,s7-test-9-0,5232b90dda9242eb9a5c6097d5204d6f,information_gain,0,0,False,4,2.5147458187050846,,
7,s7-test-9-0,5232b90dda9242eb9a5c6097d5204d6f,information_gain,1,1,True,1,1.5638697003783075,next-11,fail
7,s7-test-9-0,5232b90dda9242eb9a5c6097d5204d6f,information_gain,2,2,True,1,0.695606354789343,next-4,fail
7,s7-test-9-0,5232b90dda9242eb9a5c6097d5204d6f,information_gain,3,3,True,1,0.049781515304280155,next-5,fail
7,s7-test-9-0,5232b90dda9242eb9a5c6097d5204d6f,information_gain,4,4,True,1,0.01963431138692112,next-9,pass
7,s7-test-9-0,5232b90dda9242eb9a5c6097d5204d6f,random,0,0,False,4,2.5147458187050846,,
7,s7-test-9-0,5232b90dda9242eb9a5c6097d5204d6f,random,1,1,True,1,1.5638697003783075,next-11,fail
7,s7-test-9-0,5232b90dda9242eb9a5c6097d5204d6f,random,2,2,True,1,0.28461693478053823,next-5,fail
7,s7-test-9-0,5232b90dda9242eb9a5c6097d5204d6f,random,3,3,True,1,0.2591400103284613,next-8,pass
7,s7-test-9-0,5232b90dda9242eb9a5c6097d5204d6f,random,4,4,True,1,0.252742633070215,next-9,pass
7,s7-test-9-1,5232b90dda9242eb9a5c6097d5204d6f,information_gain,0,0,False,2,2.582868368137718,,
7,s7-test-9-1,5232b90dda9242eb9a5c6097d5204d6f,information_gain,1,1,False,2,2.1261547659404276,next-1,pass
7,s7-test-9-1,5232b90dda9242eb9a5c6097d5204d6f,information_gain,2,2,False,4,1.654652467621196,next-2,pass
7,s7-test-9-1,5232b90dda9242eb9a5c6097d5204d6f,information_gain,3,3,False,2,1.1498918698927918,next-8,pass
7,s7-test-9-1,5232b90dda9242eb9a5c6097d5204d6f,information_gain,4,4,True,1,1.7769361245097308,next-5,fail
7,s7-test-9-1,5232b90dda9242eb9a5c6097d5204d6f,random,0,0,False,2,2.582868368137718,,
7,s7-test-9-1,5232b90dda9242eb9a5c6097d5204d6f,random,1,1,False,2,2.5147458187050846,next-0,pass
7,s7-test-9-1,5232b90dda9242eb9a5c6097d5204d6f,random,2,2,False,2,2.336465720622513,next-4,pass
7,s7-test-9-1,5232b90dda9242eb9a5c6097d5204d6f,random,3,3,True,1,1.4554756765047154,next-5,fail
7,s7-test-9-1,5232b90dda9242eb9a5c6097d5204d6f,random,4,4,True,1,1.3597238027622869,next-8,pass
7,s7-test-9-2,5232b90dda9242eb9a5c6097d5204d6f,information_gain,0,0,True,1,2.066588076333256,,
7,s7-test-9-2,5232b90dda9242eb9a5c6097d5204d6f,information_gain,1,1,True,1,1.770750011444188,next-0,pass
7,s7-test-9-2,5232b90dda9242eb9a5c6097d5204d6f,information_gain,2,2,True,1,1.1880337513531765,next-10,pass
7,s7-test-9-2,5232b90dda9242eb9a5c6097d5204d6f,information_gain,3,3,True,1,0.6569332400118332,next-1,pass
7,s7-test-9-2,5232b90dda9242eb9a5c6097d5204d6f,information_gain,4,4,True,1,0.3196906390479354,next-7,pass
7,s7-test-9-2,5232b90dda9242eb9a5c6097d5204d6f,random,0,0,True,1,2.066588076333256,,
7,s7-test-9-2,5232b90dda9242eb9a5c6097d5204d6f,random,1,1,True,1,1.9438142663310622,next-4,pass
7,s7-test-9-2,5232b90dda9242eb9a5c6097d5204d6f,random,2,2,True,1,1.654652467621196,next-1,pass
7,s7-test-9-2,5232b90dda9242eb9a5c6097d5204d6f,random,3,3,True,1,1.149891869892792,next-0,pass
7,s7-test-9-2,5232b90dda9242eb9a5c6097d5204d6f,random,4,4,True,1,0.6569332400118333,next-9,pass
7,s7-test-9-3,5232b90dda9242eb9a5c6097d5204d6f,information_gain,0,0,True,1,1.463099073800825,,
7,s7-test-9-3,5232b90dda9242eb9a5c6097d5204d6f,information_gain,1,1,True,1,0.4516413344336303,next-10,fail
7,s7-test-9-3,5232b90dda9242eb9a5c6097d5204d6f,information_gain,2,2,True,1,0.05376702770189563,next-4,fail
7,s7-test-9-3,5232b90dda9242eb9a5c6097d5204d6f,information_gain,3,3,True,1,0.015320667688200307,next-5,fail
7,s7-test-9-3,5232b90dda9242eb9a5c6097d5204d6f,information_gain,4,4,True,1,0.003604820716056688,next-0,pass
7,s7-test-9-3,5232b90dda9242eb9a5c6097d5204d6f,random,0,0,True,1,1.463099073800825,,
7,s7-test-9-3,5232b90dda9242eb9a5c6097d5204d6f,random,1,1,True,1,1.4510370539915327,next-8,pass
7,s7-test-9-3,5232b90dda9242eb9a5c6097d5204d6f,random,2,2,True,1,0.45035980562341965,next-10,fail
7,s7-test-9-3,5232b90dda9242eb9a5c6097d5204d6f,random,3,3,True,1,0.4490780529172435,next-2,pass
7,s7-test-9-3,5232b90dda9242eb9a5c6097d5204d6f,random,4,4,True,1,0.4369636312416836,next-1,pass
7,s7-test-9-4,5232b90dda9242eb9a5c6097d5204d6f,information_gain,0,0,False,5,2.7361199615152803,,
7,s7-test-9-4,5232b90dda9242eb9a5c6097d5204d6f,information_gain,1,1,False,3,2.1426546883541104,next-6,pass
7,s7-test-9-4,5232b90dda9242eb9a5c6097d5204d6f,information_gain,2,2,False,2,1.5508397511093854,next-7,fail
7,s7-test-9-4,5232b90dda9242eb9a5c6097d5204d6f,information_gain,3,3,True,1,0.6424765973685939,next-1,fail
7,s7-test-9-4,5232b90dda9242eb9a5c6097d5204d6f,information_gain,4,4,True,1,0.046350632050925475,next-4,fail
7,s7-test-9-4,5232b90dda9242eb9a5c6097d5204d6f,random,0,0,False,5,2.7361199615152803,,
7,s7-test-9-4,5232b90dda9242eb9a5c6097d5204d6f,random,1,1,True,1,1.6248642763663408,next-3,fail
7,s7-test-9-4,5232b90dda9242eb9a5c6097d5204d6f,random,2,2,True,1,1.5471160131286372,next-2,pass
7,s7-test-9-4,5232b90dda9242eb9a5c6097d5204d6f,random,3,3,True,1,0.2825184825375628,next-4,fail
7,s7-test-9-4,5232b90dda9242eb9a5c6097d5204d6f,random,4,4,True,1,0.10561802885395546,next-10,pass
7,s7-test-9-5,5232b90dda9242eb9a5c6097d5204d6f,information_gain,0,0,True,1,1.0558247407371195,,
7,s7-test-9-5,5232b90dda9242eb9a5c6097d5204d6f,information_gain,1,1,True,1,0.4568007910220251,next-5,fail
7,s7-test-9-5,5232b90dda9242eb9a5c6097d5204d6f,information_gain,2,2,True,1,0.11271003052495664,next-1,pass
7,s7-test-9-5,5232b90dda9242eb9a5c6097d5204d6f,information_gain,3,3,True,1,0.03791082059259655,next-2,fail
7,s7-test-9-5,5232b90dda9242eb9a5c6097d5204d6f,information_gain,4,4,True,1,0.009660913651582137,next-4,pass
7,s7-test-9-5,5232b90dda9242eb9a5c6097d5204d6f,random,0,0,True,1,1.0558247407371195,,
7,s7-test-9-5,5232b90dda9242eb9a5c6097d5204d6f,random,1,1,True,1,0.9192048876534601,next-11,pass
7,s7-test-9-5,5232b90dda9242eb9a5c6097d5204d6f,random,2,2,True,1,0.7541408182512792,next-1,pass
7,s7-test-9-5,5232b90dda9242eb9a5c6097d5204d6f,random,3,3,True,1,0.6873794871476,next-10,pass
7,s7-test-9-5,5232b90dda9242eb9a5c6097d5204d6f,random,4,4,True,1,0.6845316208617627,next-9,pass
7,s7-test-9-6,5232b90dda9242eb9a5c6097d5204d6f,information_gain,0,0,True,1,1.3737830402582456,,
7,s7-test-9-6,5232b90dda9242eb9a5c6097d5204d6f,information_gain,1,1,True,1,0.2592925439621132,next-9,fail
7,s7-test-9-6,5232b90dda9242eb9a5c6097d5204d6f,information_gain,2,2,True,1,0.056862530683929054,next-11,pass
7,s7-test-9-6,5232b90dda9242eb9a5c6097d5204d6f,information_gain,3,3,True,1,0.030113340366604895,next-8,pass
7,s7-test-9-6,5232b90dda9242eb9a5c6097d5204d6f,information_gain,4,4,True,1,0.0050924815331950075,next-10,fail
7,s7-test-9-6,5232b90dda9242eb9a5c6097d5204d6f,random,0,0,True,1,1.3737830402582456,,
7,s7-test-9-6,5232b90dda9242eb9a5c6097d5204d6f,random,1,1,True,1,0.2592925439621132,next-9,fail
7,s7-test-9-6,5232b90dda9242eb9a5c6097d5204d6f,random,2,2,True,1,0.2166452629651197,next-6,fail
7,s7-test-9-6,5232b90dda9242eb9a5c6097d5204d6f,random,3,3,True,1,0.21335636856555365,next-2,pass
7,s7-test-9-6,5232b90dda9242eb9a5c6097d5204d6f,random,4,4,True,1,0.2127988345011792,next-4,pass
7,s7-test-9-7,5232b90dda9242eb9a5c6097d5204d6f,information_gain,0,0,False,6,2.1426546883541104,,
7,s7-test-9-7,5232b90dda9242eb9a5c6097d5204d6f,information_gain,1,1,False,3,1.373504773617746,next-4,fail
7,s7-test-9-7,5232b90dda9242eb9a5c6097d5204d6f,information_gain,2,2,False,3,0.9925615163361645,next-5,pass
7,s7-test-9-7,5232b90dda9242eb9a5c6097d5204d6f,information_gain,3,3,False,3,1.970197521543304,next-3,pass
7,s7-test-9-7,5232b90dda9242eb9a5c6097d5204d6f,information_gain,4,4,False,2,1.164977814829761,next-2,fail
7,s7-test-9-7,5232b90dda9242eb9a5c6097d5204d6f,random,0,0,False,6,2.1426546883541104,,
7,s7-test-9-7,5232b90dda9242eb9a5c6097d5204d6f,random,1,1,False,2,0.8766879455170623,next-2,fail
7,s7-test-9-7,5232b90dda9242eb9a5c6097d5204d6f,random,2,2,False,2,0.8552865147331546,next-8,pass
7,s7-test-9-7,5232b90dda9242eb9a5c6097d5204d6f,random,3,3,True,1,1.0513700336142602,next-1,fail
7,s7-test-9-7,5232b90dda9242eb9a5c6097d5204d6f,random,4,4,True,1,0.1558301380958561,next-10,fail
7,s7-test-9-8,5232b90dda9242eb9a5c6097d5204d6f,information_gain,0,0,True,1,2.65096725502932,,
7,s7-test-9-8,5232b90dda9242eb9a5c6097d5204d6f,information_gain,1,1,True,1,2.1747051636017223,next-8,pass
7,s7-test-9-8,5232b90dda9242eb9a5c6097d5204d6f,information_gain,2,2,True,1,1.7761687473780912,next-0,pass
7,s7-test-9-8,5232b90dda9242eb9a5c6097d5204d6f,information_gain,3,3,True,1,1.201303357476453,next-1,pass
7,s7-test-9-8,5232b90dda9242eb9a5c6097d5204d6f,information_gain,4,4,True,1,0.9250392623596166,next-10,pass
7,s7-test-9-8,5232b90dda9242eb9a5c6097d5204d6f,random,0,0,True,1,2.65096725502932,,
7,s7-test-9-8,5232b90dda9242eb9a5c6097d5204d6f,random,1,1,True,1,2.3160178759574843,next-10,pass
7,s7-test-9-8,5232b90dda9242eb9a5c6097d5204d6f,random,2,2,True,1,2.2230752810472167,next-7,pass
7,s7-test-9-8,5232b90dda9242eb9a5c6097d5204d6f,random,3,3,True,1,2.110294003346268,next-6,pass
7,s7-test-9-8,5232b90dda9242eb9a5c6097d5204d6f,random,4,4,True,1,1.8961402457555963,next-3,pass
7,s7-test-9-9,5232b90dda9242eb9a5c6097d5204d6f,information_gain,0,0,False,4,2.676918154451574,,
7,s7-test-9-9,5232b90dda9242eb9a5c6097d5204d6f,information_gain,1,1,False,3,1.8165086315186316,next-5,fail
7,s7-test-9-9,5232b90dda9242eb9a5c6097d5204d6f,information_gain,2,2,True,1,0.6236549089700524,next-1,fail
7,s7-test-9-9,5232b90dda9242eb9a5c6097d5204d6f,information_gain,3,3,True,1,0.05363769181794629,next-9,fail
7,s7-test-9-9,5232b90dda9242eb9a5c6097d5204d6f,information_gain,4,4,True,1,0.03046555122602708,next-7,pass
7,s7-test-9-9,5232b90dda9242eb9a5c6097d5204d6f,random,0,0,False,4,2.676918154451574,,
7,s7-test-9-9,5232b90dda9242eb9a5c6097d5204d6f,random,1,1,False,3,2.503517652726345,next-8,pass
7,s7-test-9-9,5232b90dda9242eb9a5c6097d5204d6f,random,2,2,False,3,2.240064808834265,next-3,pass
7,s7-test-9-9,5232b90dda9242eb9a5c6097d5204d6f,random,3,3,False,2,2.0052133638871514,next-4,pass
7,s7-test-9-9,5232b90dda9242eb9a5c6097d5204d6f,random,4,4,False,2,2.002945073349914,next-6,pass
7,s7-test-9-10,5232b90dda9242eb9a5c6097d5204d6f,information_gain,0,0,True,1,2.5147458187050846,,
7,s7-test-9-10,5232b90dda9242eb9a5c6097d5204d6f,information_gain,1,1,True,1,1.9438142663310625,next-8,pass
7,s7-test-9-10,5232b90dda9242eb9a5c6097d5204d6f,information_gain,2,2,True,1,1.4340814275148706,next-10,pass
7,s7-test-9-10,5232b90dda9242eb9a5c6097d5204d6f,information_gain,3,3,True,1,0.9155919660309161,next-4,pass
7,s7-test-9-10,5232b90dda9242eb9a5c6097d5204d6f,information_gain,4,4,True,1,0.5658210233168652,next-5,pass
7,s7-test-9-10,5232b90dda9242eb9a5c6097d5204d6f,random,0,0,True,1,2.5147458187050846,,
7,s7-test-9-10,5232b90dda9242eb9a5c6097d5204d6f,random,1,1,True,1,2.4448309226520957,next-1,pass
7,s7-test-9-10,5232b90dda9242eb9a5c6097d5204d6f,random,2,2,True,1,2.240064808834265,next-6,pass
7,s7-test-9-10,5232b90dda9242eb9a5c6097d5204d6f,random,3,3,True,1,2.1383499052718604,next-2,pass
7,s7-test-9-10,5232b90dda9242eb9a5c6097d5204d6f,random,4,4,True,1,1.4812993804158685,next-8,pass
7,s7-test-9-11,5232b90dda9242eb9a5c6097d5204d6f,information_gain,0,0,False,4,2.649274250355761,,
7,s7-test-9-11,5232b90dda9242eb9a5c6097d5204d6f,information_gain,1,1,False,2,1.7751218435199911,next-3,fail
7,s7-test-9-11,5232b90dda9242eb9a5c6097d5204d6f,information_gain,2,2,True,1,0.6410754183796843,next-0,fail
7,s7-test-9-11,5232b90dda9242eb9a5c6097d5204d6f,information_gain,3,3,True,1,0.29136705640105953,next-8,pass
7,s7-test-9-11,5232b90dda9242eb9a5c6097d5204d6f,information_gain,4,4,True,1,0.08705686927052574,next-7,pass
7,s7-test-9-11,5232b90dda9242eb9a5c6097d5204d6f,random,0,0,False,4,2.649274250355761,,
7,s7-test-9-11,5232b90dda9242eb9a5c6097d5204d6f,random,1,1,False,4,2.416615150045851,next-1,pass
7,s7-test-9-11,5232b90dda9242eb9a5c6097d5204d6f,random,2,2,False,3,2.23982391014505,next-10,pass
7,s7-test-9-11,5232b90dda9242eb9a5c6097d5204d6f,random,3,3,False,3,2.1426546883541104,next-2,pass
7,s7-test-9-11,5232b90dda9242eb9a5c6097d5204d6f,random,4,4,True,1,0.8766879455170624,next-6,fail
7,s7-test-10-0,5fcc80649738bc6ebb5e6ed34bbe4c7e,information_gain,0,0,False,2,1.5664122100219529,,
7,s7-test-10-0,5fcc80649738bc6ebb5e6ed34bbe4c7e,information_gain,1,1,True,1,0.6389729725117618,next-5,fail
7,s7-test-10-0,5fcc80649738bc6ebb5e6ed34bbe4c7e,information_gain,2,2,True,1,0.04501559410273399,next-6,fail
7,s7-test-10-0,5fcc80649738bc6ebb5e6ed34bbe4c7e,information_gain,3,3,True,1,0.014798600245926758,next-4,fail
7,s7-test-10-0,5fcc80649738bc6ebb5e6ed34bbe4c7e,information_gain,4,4,True,1,0.013382741943108433,next-7,fail
7,s7-test-10-0,5fcc80649738bc6ebb5e6ed34bbe4c7e,random,0,0,False,2,1.5664122100219529,,
7,s7-test-10-0,5fcc80649738bc6ebb5e6ed34bbe4c7e,random,1,1,True,1,0.4650600727916648,next-4,fail
7,s7-test-10-0,5fcc80649738bc6ebb5e6ed34bbe4c7e,random,2,2,True,1,0.29517695218244594,next-9,pass
7,s7-test-10-0,5fcc80649738bc6ebb5e6ed34bbe4c7e,random,3,3,True,1,0.2842201383229943,next-3,pass
7,s7-test-10-0,5fcc80649738bc6ebb5e6ed34bbe4c7e,random,4,4,True,1,0.28391627328050684,next-1,pass
7,s7-test-10-1,5fcc80649738bc6ebb5e6ed34bbe4c7e,information_gain,0,0,True,1,2.5839928604401203,,
7,s7-test-10-1,5fcc80649738bc6ebb5e6ed34bbe4c7e,information_gain,1,1,True,1,2.232040840114419,next-8,pass
7,s7-test-10-1,5fcc80649738bc6ebb5e6ed34bbe4c7e,information_gain,2,2,True,1,1.9248645338702608,next-4,pass
7,s7-test-10-1,5fcc80649738bc6ebb5e6ed34bbe4c7e,information_gain,3,3,True,1,1.7371886236229008,next-0,pass
7,s7-test-10-1,5fcc80649738bc6ebb5e6ed34bbe4c7e,information_gain,4,4,True,1,1.5053635575170308,next-7,pass
7,s7-test-10-1,5fcc80649738bc6ebb5e6ed34bbe4c7e,random,0,0,True,1,2.5839928604401203,,
7,s7-test-10-1,5fcc80649738bc6ebb5e6ed34bbe4c7e,random,1,1,False,2,0.8946474179875096,next-5,fail
7,s7-test-10-1,5fcc80649738bc6ebb5e6ed34bbe4c7e,random,2,2,False,2,0.7459401576751122,next-3,pass
7,s7-test-10-1,5fcc80649738bc6ebb5e6ed34bbe4c7e,random,3,3,False,2,0.5927970080641639,next-0,pass
7,s7-test-10-1,5fcc80649738bc6ebb5e6ed34bbe4c7e,random,4,4,False,2,1.8837334038845583,next-8,pass
7,s7-test-10-2,5fcc80649738bc6ebb5e6ed34bbe4c7e,information_gain,0,0,False,6,2.8513896643006786,,
7,s7-test-10-2,5fcc80649738bc6ebb5e6ed34bbe4c7e,information_gain,1,1,False,4,2.4909995568534047,next-3,pass
7,s7-test-10-2,5fcc80649738bc6ebb5e6ed34bbe4c7e,information_gain,2,2,False,3,2.1373859559938184,next-1,pass
7,s7-test-10-2,5fcc80649738bc6ebb5e6ed34bbe4c7e,information_gain,3,3,True,1,0.6291527726743831,next-2,fail
7,s7-test-10-2,5fcc80649738bc6ebb5e6ed34bbe4c7e,information_gain,4,4,True,1,0.5474034168715626,next-11,pass
7,s7-test-10-2,5fcc80649738bc6ebb5e6ed34bbe4c7e,random,0,0,False,6,2.8513896643006786,,
7,s7-test-10-2,5fcc80649738bc6ebb5e6ed34bbe4c7e,random,1,1,False,5,2.6491633056358515,next-6,pass
7,s7-test-10-2,5fcc80649738bc6ebb5e6ed34bbe4c7e,random,2,2,False,5,2.573250634760723,next-4,pass
7,s7-test-10-2,5fcc80649738bc6ebb5e6ed34bbe4c7e,random,3,3,False,4,2.3235372777340975,next-5,pass
7,s7-test-10-2,5fcc80649738bc6ebb5e6ed34bbe4c7e,random,4,4,False,4,2.1450702560831876,next-7,pass
7,s7-test-10-3,5fcc80649738bc6ebb5e6ed34bbe4c7e,information_gain,0,0,True,1,1.7336074756087072,,
7,s7-test-10-3,5fcc80649738bc6ebb5e6ed34bbe4c7e,information_gain,1,1,True,1,1.3550623560716675,next-10,pass
7,s7-test-10-3,5fcc80649738bc6ebb5e6ed34bbe4c7e,information_gain,2,2,True,1,0.10525878858422694,next-7,fail
7,s7-test-10-3,5fcc80649738bc6ebb5e6ed34bbe4c7e,information_gain,3,3,True,1,0.006829750830422539,next-2,fail
7,s7-test-10-3,5fcc80649738bc6ebb5e6ed34bbe4c7e,information_gain,4,4,True,1,0.0038522793465225846,next-5,pass
7,s7-test-10-3,5fcc80649738bc6ebb5e6ed34bbe4c7e,random,0,0,True,1,1.7336074756087072,,
7,s7-test-10-3,5fcc80649738bc6ebb5e6ed34bbe4c7e,random,1,1,True,1,1.6356814447041501,next-0,pass
7,s7-test-10-3,5fcc80649738bc6ebb5e6ed34bbe4c7e,random,2,2,True,1,1.5582246308846543,next-9,pass
7,s7-test-10-3,5fcc80649738bc6ebb5e6ed34bbe4c7e,random,3,3,True,1,1.2022145122653118,next-6,pass
7,s7-test-10-3,5fcc80649738bc6ebb5e6ed34bbe4c7e,random,4,4,True,1,0.09951452565607312,next-2,fail
7,s7-test-10-4,5fcc80649738bc6ebb5e6ed34bbe4c7e,information_gain,0,0,True,1,3.1002981005042773,,
7,s7-test-10-4,5fcc80649738bc6ebb5e6ed34bbe4c7e,information_gain,1,1,True,1,2.7127596082782794,next-10,pass
7,s7-test-10-4,5fcc80649738bc6ebb5e6ed34bbe4c7e,information_gain,2,2,True,1,2.3233102308835543,next-11,pass
7,s7-test-10-4,5fcc80649738bc6ebb5e6ed34bbe4c7e,information_gain,3,3,True,1,1.9248645338702608,next-9,pass
7,s7-test-10-4,5fcc80649738bc6ebb5e6ed34bbe4c7e,information_gain,4,4,True,1,1.7371886236229008,next-5,pass
7,s7-test-10-4,5fcc80649738bc6ebb5e6ed34bbe4c7e,random,0,0,True,1,3.1002981005042773,,
7,s7-test-10-4,5fcc80649738bc6ebb5e6ed34bbe4c7e,random,1,1,True,1,2.7127596082782794,next-10,pass
7,s7-test-10-4,5fcc80649738bc6ebb5e6ed34bbe4c7e,random,2,2,True,1,2.4909995568534047,next-0,pass
7,s7-test-10-4,5fcc80649738bc6ebb5e6ed34bbe4c7e,random,3,3,True,1,2.4149087717011906,next-6,pass
7,s7-test-10-4,5fcc80649738bc6ebb5e6ed34bbe4c7e,random,4,4,True,1,2.232040840114419,next-5,pass
7,s7-test-10-5,5fcc80649738bc6ebb5e6ed34bbe4c7e,information_gain,0,0,False,4,2.4149087717011906,,
7,s7-test-10-5,5fcc80649738bc6ebb5e6ed34bbe4c7e,information_gain,1,1,False,3,2.1373859559938184,next-9,pass
7,s7-test-10-5,5fcc80649738bc6ebb5e6ed34bbe4c7e,information_gain,2,2,False,2,1.9248645338702608,next-6,pass
7,s7-test-10-5,5fcc80649738bc6ebb5e6ed34bbe4c7e,information_gain,3,3,False,2,1.6682665843156945,next-5,pass
7,s7-test-10-5,5fcc80649738bc6ebb5e6ed34bbe4c7e,information_gain,4,4,False,2,1.4826628495490104,next-7,pass
7,s7-test-10-5,5fcc80649738bc6ebb5e6ed34bbe4c7e,random,0,0,False,4,2.4149087717011906,,
7,s7-test-10-5,5fcc80649738bc6ebb5e6ed34bbe4c7e,random,1,1,False,3,2.232040840114419,next-3,pass
7,s7-test-10-5,5fcc80649738bc6ebb5e6ed34bbe4c7e,random,2,2,False,3,2.121438042166335,next-10,pass
7,s7-test-10-5,5fcc80649738bc6ebb5e6ed34bbe4c7e,random,3,3,False,3,2.0205005010707464,next-1,pass
7,s7-test-10-5,5fcc80649738bc6ebb5e6ed34bbe4c7e,random,4,4,False,3,1.8109744704801873,next-9,pass
7,s7-test-10-6,5fcc80649738bc6ebb5e6ed34bbe4c7e,information_gain,0,0,True,1,1.478775486439383,,
7,s7-test-10-6,5fcc80649738bc6ebb5e6ed34bbe4c7e,information_gain,1,1,True,1,0.12160066956786174,next-0,fail
7,s7-test-10-6,5fcc80649738bc6ebb5e6ed34bbe4c7e,information_gain,2,2,True,1,0.0077206879230405775,next-11,fail
7,s7-test-10-6,5fcc80649738bc6ebb5e6ed34bbe4c7e,information_gain,3,3,True,1,0.000978187853723725,next-8,fail
7,s7-test-10-6,5fcc80649738bc6ebb5e6ed34bbe4c7e,information_gain,4,4,True,1,0.0002650280048609202,next-6,pass
7,s7-test-10-6,5fcc80649738bc6ebb5e6ed34bbe4c7e,random,0,0,True,1,1.478775486439383,,
7,s7-test-10-6,5fcc80649738bc6ebb5e6ed34bbe4c7e,random,1,1,True,1,0.17835339738692754,next-3,fail
7,s7-test-10-6,5fcc80649738bc6ebb5e6ed34bbe4c7e,random,2,2,True,1,0.09956197790221502,next-4,pass
7,s7-test-10-6,5fcc80649738bc6ebb5e6ed34bbe4c7e,random,3,3,True,1,0.3543722137347749,next-2,fail
7,s7-test-10-6,5fcc80649738bc6ebb5e6ed34bbe4c7e,random,4,4,True,1,0.34039820453195024,next-9,pass
7,s7-test-10-7,5fcc80649738bc6ebb5e6ed34bbe4c7e,information_gain,0,0,True,1,2.738657972598011,,
7,s7-test-10-7,5fcc80649738bc6ebb5e6ed34bbe4c7e,information_gain,1,1,True,1,2.4022264131071775,next-6,pass
7,s7-test-10-7,5fcc80649738bc6ebb5e6ed34bbe4c7e,information_gain,2,2,True,1,2.103309435287228,next-11,pass
7,s7-test-10-7,5fcc80649738bc6ebb5e6ed34bbe4c7e,information_gain,3,3,True,1,1.8571709482821646,next-9,pass
7,s7-test-10-7,5fcc80649738bc6ebb5e6ed34bbe4c7e,information_gain,4,4,True,1,1.637504867272796,next-10,pass
7,s7-test-10-7,5fcc80649738bc6ebb5e6ed34bbe4c7e,random,0,0,True,1,2.738657972598011,,
7,s7-test-10-7,5fcc80649738bc6ebb5e6ed34bbe4c7e,random,1,1,True,1,2.4022264131071775,next-6,pass
7,s7-test-10-7,5fcc80649738bc6ebb5e6ed34bbe4c7e,random,2,2,True,1,2.2165697321960582,next-4,pass
7,s7-test-10-7,5fcc80649738bc6ebb5e6ed34bbe4c7e,random,3,3,True,1,2.105430438765197,next-2,pass
7,s7-test-10-7,5fcc80649738bc6ebb5e6ed34bbe4c7e,random,4,4,True,1,1.7510173668396964,next-11,pass
7,s7-test-10-8,5fcc80649738bc6ebb5e6ed34bbe4c7e,information_gain,0,0,True,1,1.720246052388846,,
7,s7-test-10-8,5fcc80649738bc6ebb5e6ed34bbe4c7e,information_gain,1,1,True,1,0.6590480783710229,next-8,fail
7,s7-test-10-8,5fcc80649738bc6ebb5e6ed34bbe4c7e,information_gain,2,2,True,1,0.04316078960112632,next-1,fail
7,s7-test-10-8,5fcc80649738bc6ebb5e6ed34bbe4c7e,information_gain,3,3,True,1,0.0028227606010224333,next-3,fail
7,s7-test-10-8,5fcc80649738bc6ebb5e6ed34bbe4c7e,information_gain,4,4,True,1,0.0016572045400353999,next-9,pass
7,s7-test-10-8,5fcc80649738bc6ebb5e6ed34bbe4c7e,random,0,0,True,1,1.720246052388846,,
7,s7-test-10-8,5fcc80649738bc6ebb5e6ed34bbe4c7e,random,1,1,True,1,1.632765189425835,next-6,pass
7,s7-test-10-8,5fcc80649738bc6ebb5e6ed34bbe4c7e,random,2,2,True,1,1.5428969271426993,next-0,pass
7,s7-test-10-8,5fcc80649738bc6ebb5e6ed34bbe4c7e,random,3,3,True,1,1.1846046347016719,next-9,pass
7,s7-test-10-8,5fcc80649738bc6ebb5e6ed34bbe4c7e,random,4,4,True,1,1.0540625899848772,next-2,pass
7,s7-test-10-9,5fcc80649738bc6ebb5e6ed34bbe4c7e,information_gain,0,0,False,5,2.6491633056358515,,
7,s7-test-10-9,5fcc80649738bc6ebb5e6ed34bbe4c7e,information_gain,1,1,False,9,2.3233102308835543,next-7,pass
7,s7-test-10-9,5fcc80649738bc6ebb5e6ed34bbe4c7e,information_gain,2,2,False,8,2.024120235158408,next-6,pass
7,s7-test-10-9,5fcc80649738bc6ebb5e6ed34bbe4c7e,information_gain,3,3,False,8,1.8681069909267523,next-8,pass
7,s7-test-10-9,5fcc80649738bc6ebb5e6ed34bbe4c7e,information_gain,4,4,False,2,1.9299605840940035,next-4,fail
7,s7-test-10-9,5fcc80649738bc6ebb5e6ed34bbe4c7e,random,0,0,False,5,2.6491633056358515,,
7,s7-test-10-9,5fcc80649738bc6ebb5e6ed34bbe4c7e,random,1,1,False,5,2.5839928604401203,next-9,pass
7,s7-test-10-9,5fcc80649738bc6ebb5e6ed34bbe4c7e,random,2,2,False,5,2.5171818670060313,next-0,pass
7,s7-test-10-9,5fcc80649738bc6ebb5e6ed34bbe4c7e,random,3,3,False,5,2.448660002407009,next-3,pass
7,s7-test-10-9,5fcc80649738bc6ebb5e6ed34bbe4c7e,random,4,4,False,4,2.255762614012239,next-1,pass
7,s7-test-10-10,5fcc80649738bc6ebb5e6ed34bbe4c7e,information_gain,0,0,False,6,3.1107479851583117,,
7,s7-test-10-10,5fcc80649738bc6ebb5e6ed34bbe4c7e,information_gain,1,1,False,2,1.73683357425626,next-4,fail
7,s7-test-10-10,5fcc80649738bc6ebb5e6ed34bbe4c7e,information_gain,2,2,True,1,1.8667244525603153,next-9,pass
7,s7-test-10-10,5fcc80649738bc6ebb5e6ed34bbe4c7e,information_gain,3,3,True,1,1.6469375901212597,next-2,pass
7,s7-test-10-10,5fcc80649738bc6ebb5e6ed34bbe4c7e,information_gain,4,4,True,1,0.18782299544481787,next-1,fail
7,s7-test-10-10,5fcc80649738bc6ebb5e6ed34bbe4c7e,random,0,0,False,6,3.1107479851583117,,
7,s7-test-10-10,5fcc80649738bc6ebb5e6ed34bbe4c7e,random,1,1,False,2,1.73683357425626,next-4,fail
7,s7-test-10-10,5fcc80649738bc6ebb5e6ed34bbe4c7e,random,2,2,False,2,1.6948519278124898,next-10,pass
7,s7-test-10-10,5fcc80649738bc6ebb5e6ed34bbe4c7e,random,3,3,True,1,0.6869464069361757,next-1,fail
7,s7-test-10-10,5fcc80649738bc6ebb5e6ed34bbe4c7e,random,4,4,True,1,0.6545747569700487,next-0,pass
7,s7-test-10-11,5fcc80649738bc6ebb5e6ed34bbe4c7e,information_gain,0,0,False,2,2.8513896643006786,,
7,s7-test-10-11,5fcc80649738bc6ebb5e6ed34bbe4c7e,information_gain,1,1,True,1,1.974807009104493,next-1,fail
7,s7-test-10-11,5fcc80649738bc6ebb5e6ed34bbe4c7e,information_gain,2,2,True,1,1.1594178205648134,next-3,fail
7,s7-test-10-11,5fcc80649738bc6ebb5e6ed34bbe4c7e,information_gain,3,3,True,1,0.6917014850276941,next-10,pass
7,s7-test-10-11,5fcc80649738bc6ebb5e6ed34bbe4c7e,information_gain,4,4,True,1,0.04930005924255454,next-11,fail
7,s7-test-10-11,5fcc80649738bc6ebb5e6ed34bbe4c7e,random,0,0,False,2,2.8513896643006786,,
7,s7-test-10-11,5fcc80649738bc6ebb5e6ed34bbe4c7e,random,1,1,True,1,1.4865980891717108,next-9,fail
7,s7-test-10-11,5fcc80649738bc6ebb5e6ed34bbe4c7e,random,2,2,True,1,0.48067868618176274,next-6,fail
7,s7-test-10-11,5fcc80649738bc6ebb5e6ed34bbe4c7e,random,3,3,True,1,0.3032389985194833,next-2,pass
7,s7-test-10-11,5fcc80649738bc6ebb5e6ed34bbe4c7e,random,4,4,True,1,0.01971387166590665,next-8,fail
7,s7-test-11-0,6e8701ec4a17b2b7edc4615747cc5c1f,information_gain,0,0,True,1,2.0335593031712667,,
7,s7-test-11-0,6e8701ec4a17b2b7edc4615747cc5c1f,information_gain,1,1,True,1,0.7024786519906492,next-9,fail
7,s7-test-11-0,6e8701ec4a17b2b7edc4615747cc5c1f,information_gain,2,2,True,1,0.04567302960391275,next-10,fail
7,s7-test-11-0,6e8701ec4a17b2b7edc4615747cc5c1f,information_gain,3,3,True,1,0.33402691395264944,next-7,pass
7,s7-test-11-0,6e8701ec4a17b2b7edc4615747cc5c1f,information_gain,4,4,True,1,0.17045302205915766,next-5,pass
7,s7-test-11-0,6e8701ec4a17b2b7edc4615747cc5c1f,random,0,0,True,1,2.0335593031712667,,
7,s7-test-11-0,6e8701ec4a17b2b7edc4615747cc5c1f,random,1,1,False,2,1.9363431103100108,next-7,pass
7,s7-test-11-0,6e8701ec4a17b2b7edc4615747cc5c1f,random,2,2,False,2,1.7323002783699406,next-6,pass
7,s7-test-11-0,6e8701ec4a17b2b7edc4615747cc5c1f,random,3,3,False,2,1.715443716325863,next-11,pass
7,s7-test-11-0,6e8701ec4a17b2b7edc4615747cc5c1f,random,4,4,True,1,1.8806751113576083,next-9,fail
7,s7-test-11-1,6e8701ec4a17b2b7edc4615747cc5c1f,information_gain,0,0,False,3,3.565136908674418,,
7,s7-test-11-1,6e8701ec4a17b2b7edc4615747cc5c1f,information_gain,1,1,False,3,3.286014810793497,next-10,pass
7,s7-test-11-1,6e8701ec4a17b2b7edc4615747cc5c1f,information_gain,2,2,False,3,3.0689111159691107,next-1,pass
7,s7-test-11-1,6e8701ec4a17b2b7edc4615747cc5c1f,information_gain,3,3,False,2,2.8223399122383546,next-5,pass
7,s7-test-11-1,6e8701ec4a17b2b7edc4615747cc5c1f,information_gain,4,4,True,1,1.2733382048387394,next-3,fail
7,s7-test-11-1,6e8701ec4a17b2b7edc4615747cc5c1f,random,0,0,False,3,3.565136908674418,,
7,s7-test-11-1,6e8701ec4a17b2b7edc4615747cc5c1f,random,1,1,False,3,3.3846723051365366,next-2,pass
7,s7-test-11-1,6e8701ec4a17b2b7edc4615747cc5c1f,random,2,2,False,3,3.3485960689579,next-9,pass
7,s7-test-11-1,6e8701ec4a17b2b7edc4615747cc5c1f,random,3,3,False,3,3.2070025164433096,next-7,pass
7,s7-test-11-1,6e8701ec4a17b2b7edc4615747cc5c1f,random,4,4,False,3,3.0499863766548625,next-8,pass
7,s7-test-11-2,6e8701ec4a17b2b7edc4615747cc5c1f,information_gain,0,0,False,7,3.286014810793497,,
7,s7-test-11-2,6e8701ec4a17b2b7edc4615747cc5c1f,information_gain,1,1,False,5,3.0214412626582674,next-0,pass
7,s7-test-11-2,6e8701ec4a17b2b7edc4615747cc5c1f,information_gain,2,2,True,1,1.585244534634108,next-5,fail
7,s7-test-11-2,6e8701ec4a17b2b7edc4615747cc5c1f,information_gain,3,3,True,1,0.31126688873698344,next-11,fail
7,s7-test-11-2,6e8701ec4a17b2b7edc4615747cc5c1f,information_gain,4,4,True,1,0.29901190273262307,next-10,pass
7,s7-test-11-2,6e8701ec4a17b2b7edc4615747cc5c1f,random,0,0,False,7,3.286014810793497,,
7,s7-test-11-2,6e8701ec4a17b2b7edc4615747cc5c1f,random,1,1,False,7,3.246796733655882,next-3,pass
7,s7-test-11-2,6e8701ec4a17b2b7edc4615747cc5c1f,random,2,2,False,6,3.1310111234265934,next-4,pass
7,s7-test-11-2,6e8701ec4a17b2b7edc4615747cc5c1f,random,3,3,False,5,2.9158955003819353,next-0,pass
7,s7-test-11-2,6e8701ec4a17b2b7edc4615747cc5c1f,random,4,4,False,5,2.814452697811875,next-2,pass
7,s7-test-11-3,6e8701ec4a17b2b7edc4615747cc5c1f,information_gain,0,0,False,6,3.384672305136537,,
7,s7-test-11-3,6e8701ec4a17b2b7edc4615747cc5c1f,information_gain,1,1,False,6,3.138003968156398,next-3,pass
7,s7-test-11-3,6e8701ec4a17b2b7edc4615747cc5c1f,information_gain,2,2,False,2,1.6626617367225212,next-8,fail
7,s7-test-11-3,6e8701ec4a17b2b7edc4615747cc5c1f,information_gain,3,3,False,2,0.32217232713403127,next-2,fail
7,s7-test-11-3,6e8701ec4a17b2b7edc4615747cc5c1f,information_gain,4,4,False,2,0.2968747593808145,next-10,pass
7,s7-test-11-3,6e8701ec4a17b2b7edc4615747cc5c1f,random,0,0,False,6,3.384672305136537,,
7,s7-test-11-3,6e8701ec4a17b2b7edc4615747cc5c1f,random,1,1,False,6,3.246796733655882,next-10,pass
7,s7-test-11-3,6e8701ec4a17b2b7edc4615747cc5c1f,random,2,2,False,5,3.0943529476245084,next-11,pass
7,s7-test-11-3,6e8701ec4a17b2b7edc4615747cc5c1f,random,3,3,False,5,3.049986376654863,next-6,pass
7,s7-test-11-3,6e8701ec4a17b2b7edc4615747cc5c1f,random,4,4,False,6,1.571914618738684,next-2,fail
7,s7-test-11-4,6e8701ec4a17b2b7edc4615747cc5c1f,information_gain,0,0,True,1,3.384672305136537,,
7,s7-test-11-4,6e8701ec4a17b2b7edc4615747cc5c1f,information_gain,1,1,True,1,3.180958516181757,next-3,pass
7,s7-test-11-4,6e8701ec4a17b2b7edc4615747cc5c1f,information_gain,2,2,True,1,2.9493972594242885,next-4,pass
7,s7-test-11-4,6e8701ec4a17b2b7edc4615747cc5c1f,information_gain,3,3,True,1,2.688778479500822,next-8,pass
7,s7-test-11-4,6e8701ec4a17b2b7edc4615747cc5c1f,information_gain,4,4,True,1,2.4715316324288397,next-9,pass
7,s7-test-11-4,6e8701ec4a17b2b7edc4615747cc5c1f,random,0,0,True,1,3.384672305136537,,
7,s7-test-11-4,6e8701ec4a17b2b7edc4615747cc5c1f,random,1,1,True,1,3.180958516181757,next-8,pass
7,s7-test-11-4,6e8701ec4a17b2b7edc4615747cc5c1f,random,2,2,True,1,2.9493972594242885,next-4,pass
7,s7-test-11-4,6e8701ec4a17b2b7edc4615747cc5c1f,random,3,3,True,1,2.7870112534896556,next-7,pass
7,s7-test-11-4,6e8701ec4a17b2b7edc4615747cc5c1f,random,4,4,True,1,2.6730070732239395,next-1,pass
7,s7-test-11-5,6e8701ec4a17b2b7edc4615747cc5c1f,information_gain,0,0,True,1,3.3846723051365366,,
7,s7-test-11-5,6e8701ec4a17b2b7edc4615747cc5c1f,information_gain,1,1,True,1,3.138003968156398,next-11,pass
7,s7-test-11-5,6e8701ec4a17b2b7edc4615747cc5c1f,information_gain,2,2,True,1,2.896365871803483,next-8,pass
7,s7-test-11-5,6e8701ec4a17b2b7edc4615747cc5c1f,information_gain,3,3,True,1,2.637922866943443,next-0,pass
7,s7-test-11-5,6e8701ec4a17b2b7edc4615747cc5c1f,information_gain,4,4,True,1,2.3230788374686515,next-6,pass
7,s7-test-11-5,6e8701ec4a17b2b7edc4615747cc5c1f,random,0,0,True,1,3.3846723051365366,,
7,s7-test-11-5,6e8701ec4a17b2b7edc4615747cc5c1f,random,1,1,True,1,3.286014810793497,next-3,pass
7,s7-test-11-5,6e8701ec4a17b2b7edc4615747cc5c1f,random,2,2,True,1,3.0689111159691107,next-5,pass
7,s7-test-11-5,6e8701ec4a17b2b7edc4615747cc5c1f,random,3,3,True,1,2.842249763183714,next-6,pass
7,s7-test-11-5,6e8701ec4a17b2b7edc4615747cc5c1f,random,4,4,True,1,2.777976048036589,next-2,pass
7,s7-test-11-6,6e8701ec4a17b2b7edc4615747cc5c1f,information_gain,0,0,True,1,2.0286100900966706,,
7,s7-test-11-6,6e8701ec4a17b2b7edc4615747cc5c1f,information_gain,1,1,True,1,1.7238344240826335,next-8,pass
7,s7-test-11-6,6e8701ec4a17b2b7edc4615747cc5c1f,information_gain,2,2,True,1,1.481829757557335,next-9,pass
7,s7-test-11-6,6e8701ec4a17b2b7edc4615747cc5c1f,information_gain,3,3,True,1,1.2376766515291115,next-2,pass
7,s7-test-11-6,6e8701ec4a17b2b7edc4615747cc5c1f,information_gain,4,4,True,1,1.08702556891395,next-10,pass
7,s7-test-11-6,6e8701ec4a17b2b7edc4615747cc5c1f,random,0,0,True,1,2.0286100900966706,,
7,s7-test-11-6,6e8701ec4a17b2b7edc4615747cc5c1f,random,1,1,True,1,1.7238344240826335,next-8,pass
7,s7-test-11-6,6e8701ec4a17b2b7edc4615747cc5c1f,random,2,2,True,1,1.5965134437319983,next-3,pass
7,s7-test-11-6,6e8701ec4a17b2b7edc4615747cc5c1f,random,3,3,True,1,1.5787379971007882,next-6,pass
7,s7-test-11-6,6e8701ec4a17b2b7edc4615747cc5c1f,random,4,4,True,1,1.463446293406864,next-4,pass
7,s7-test-11-7,6e8701ec4a17b2b7edc4615747cc5c1f,information_gain,0,0,False,8,3.565136908674418,,
7,s7-test-11-7,6e8701ec4a17b2b7edc4615747cc5c1f,information_gain,1,1,False,5,3.286014810793497,next-3,pass
7,s7-test-11-7,6e8701ec4a17b2b7edc4615747cc5c1f,information_gain,2,2,False,3,3.0689111159691107,next-4,pass
7,s7-test-11-7,6e8701ec4a17b2b7edc4615747cc5c1f,information_gain,3,3,True,1,1.7409467861691201,next-10,fail
7,s7-test-11-7,6e8701ec4a17b2b7edc4615747cc5c1f,information_gain,4,4,True,1,0.5467314265635895,next-5,fail
7,s7-test-11-7,6e8701ec4a17b2b7edc4615747cc5c1f,random,0,0,False,8,3.565136908674418,,
7,s7-test-11-7,6e8701ec4a17b2b7edc4615747cc5c1f,random,1,1,False,3,2.1984855421087315,next-5,fail
7,s7-test-11-7,6e8701ec4a17b2b7edc4615747cc5c1f,random,2,2,False,3,2.1907704521719364,next-0,pass
7,s7-test-11-7,6e8701ec4a17b2b7edc4615747cc5c1f,random,3,3,False,3,2.0854512071735107,next-8,pass
7,s7-test-11-7,6e8701ec4a17b2b7edc4615747cc5c1f,random,4,4,True,1,1.811168081627112,next-7,pass
7,s7-test-11-8,6e8701ec4a17b2b7edc4615747cc5c1f,information_gain,0,0,False,7,3.4775273960814217,,
7,s7-test-11-8,6e8701ec4a17b2b7edc4615747cc5c1f,information_gain,1,1,False,5,3.180958516181757,next-1,pass
7,s7-test-11-8,6e8701ec4a17b2b7edc4615747cc5c1f,information_gain,2,2,False,4,2.896365871803483,next-3,pass
7,s7-test-11-8,6e8701ec4a17b2b7edc4615747cc5c1f,information_gain,3,3,True,1,1.5058879577168256,next-8,fail
7,s7-test-11-8,6e8701ec4a17b2b7edc4615747cc5c1f,information_gain,4,4,True,1,0.27298795862545,next-11,fail
7,s7-test-11-8,6e8701ec4a17b2b7edc4615747cc5c1f,random,0,0,False,7,3.4775273960814217,,
7,s7-test-11-8,6e8701ec4a17b2b7edc4615747cc5c1f,random,1,1,True,1,1.7238344240826333,next-11,fail
7,s7-test-11-8,6e8701ec4a17b2b7edc4615747cc5c1f,random,2,2,True,1,1.596513443731998,next-6,pass
7,s7-test-11-8,6e8701ec4a17b2b7edc4615747cc5c1f,random,3,3,True,1,1.2376766515291113,next-1,pass
7,s7-test-11-8,6e8701ec4a17b2b7edc4615747cc5c1f,random,4,4,True,1,1.2351398118506989,next-4,pass
7,s7-test-11-9,6e8701ec4a17b2b7edc4615747cc5c1f,information_gain,0,0,True,1,3.4775273960814217,,
7,s7-test-11-9,6e8701ec4a17b2b7edc4615747cc5c1f,information_gain,1,1,True,1,3.2467967336558816,next-11,pass
7,s7-test-11-9,6e8701ec4a17b2b7edc4615747cc5c1f,information_gain,2,2,True,1,2.973112700277701,next-2,pass
7,s7-test-11-9,6e8701ec4a17b2b7edc4615747cc5c1f,information_gain,3,3,True,1,2.637922866943443,next-4,pass
7,s7-test-11-9,6e8701ec4a17b2b7edc4615747cc5c1f,information_gain,4,4,True,1,2.300577417889073,next-10,pass
7,s7-test-11-9,6e8701ec4a17b2b7edc4615747cc5c1f,random,0,0,True,1,3.4775273960814217,,
7,s7-test-11-9,6e8701ec4a17b2b7edc4615747cc5c1f,random,1,1,True,1,3.3120353784713337,next-9,pass
7,s7-test-11-9,6e8701ec4a17b2b7edc4615747cc5c1f,random,2,2,True,1,3.0943529476245084,next-0,pass
7,s7-test-11-9,6e8701ec4a17b2b7edc4615747cc5c1f,random,3,3,True,1,3.049986376654863,next-5,pass
7,s7-test-11-9,6e8701ec4a17b2b7edc4615747cc5c1f,random,4,4,True,1,2.7306108378569047,next-4,pass
7,s7-test-11-10,6e8701ec4a17b2b7edc4615747cc5c1f,information_gain,0,0,False,4,2.3002042995269356,,
7,s7-test-11-10,6e8701ec4a17b2b7edc4615747cc5c1f,information_gain,1,1,False,4,2.2184319630089,next-2,pass
7,s7-test-11-10,6e8701ec4a17b2b7edc4615747cc5c1f,information_gain,2,2,False,3,3.5641883027258077,next-5,pass
7,s7-test-11-10,6e8701ec4a17b2b7edc4615747cc5c1f,information_gain,3,3,False,2,3.4029590243615013,next-1,pass
7,s7-test-11-10,6e8701ec4a17b2b7edc4615747cc5c1f,information_gain,4,4,False,2,3.0766447983319227,next-0,pass
7,s7-test-11-10,6e8701ec4a17b2b7edc4615747cc5c1f,random,0,0,False,4,2.3002042995269356,,
7,s7-test-11-10,6e8701ec4a17b2b7edc4615747cc5c1f,random,1,1,False,4,2.1463686515750555,next-0,pass
7,s7-test-11-10,6e8701ec4a17b2b7edc4615747cc5c1f,random,2,2,False,4,2.1385466243827036,next-4,pass
7,s7-test-11-10,6e8701ec4a17b2b7edc4615747cc5c1f,random,3,3,False,4,2.129718329983326,next-3,pass
7,s7-test-11-10,6e8701ec4a17b2b7edc4615747cc5c1f,random,4,4,False,4,1.812096841788628,next-7,pass
7,s7-test-11-11,6e8701ec4a17b2b7edc4615747cc5c1f,information_gain,0,0,True,1,3.4775273960814217,,
7,s7-test-11-11,6e8701ec4a17b2b7edc4615747cc5c1f,information_gain,1,1,True,1,3.246796733655882,next-10,pass
7,s7-test-11-11,6e8701ec4a17b2b7edc4615747cc5c1f,information_gain,2,2,True,1,3.0214412626582674,next-1,pass
7,s7-test-11-11,6e8701ec4a17b2b7edc4615747cc5c1f,information_gain,3,3,True,1,2.7622990852588103,next-6,pass
7,s7-test-11-11,6e8701ec4a17b2b7edc4615747cc5c1f,information_gain,4,4,True,1,2.475571924443244,next-9,pass
7,s7-test-11-11,6e8701ec4a17b2b7edc4615747cc5c1f,random,0,0,True,1,3.4775273960814217,,
7,s7-test-11-11,6e8701ec4a17b2b7edc4615747cc5c1f,random,1,1,True,1,3.2860148107934966,next-1,pass
7,s7-test-11-11,6e8701ec4a17b2b7edc4615747cc5c1f,random,2,2,True,1,3.0689111159691107,next-6,pass
7,s7-test-11-11,6e8701ec4a17b2b7edc4615747cc5c1f,random,3,3,True,1,2.8223399122383546,next-0,pass
7,s7-test-11-11,6e8701ec4a17b2b7edc4615747cc5c1f,random,4,4,True,1,2.70084562515136,next-11,pass
7,s7-test-12-0,1635725a719b7f9ec7d8e77a981e8ecd,information_gain,0,0,False,5,3.470794335562157,,
7,s7-test-12-0,1635725a719b7f9ec7d8e77a981e8ecd,information_gain,1,1,False,4,3.2630502369876564,next-1,pass
7,s7-test-12-0,1635725a719b7f9ec7d8e77a981e8ecd,information_gain,2,2,False,4,3.1124262559202314,next-3,pass
7,s7-test-12-0,1635725a719b7f9ec7d8e77a981e8ecd,information_gain,3,3,True,1,1.4661172122379833,next-9,fail
7,s7-test-12-0,1635725a719b7f9ec7d8e77a981e8ecd,information_gain,4,4,True,1,1.345871137262213,next-5,pass
7,s7-test-12-0,1635725a719b7f9ec7d8e77a981e8ecd,random,0,0,False,5,3.470794335562157,,
7,s7-test-12-0,1635725a719b7f9ec7d8e77a981e8ecd,random,1,1,True,1,1.9865689538253366,next-9,fail
7,s7-test-12-0,1635725a719b7f9ec7d8e77a981e8ecd,random,2,2,True,1,1.8886227005433667,next-10,pass
7,s7-test-12-0,1635725a719b7f9ec7d8e77a981e8ecd,random,3,3,True,1,1.5858551546194732,next-3,pass
7,s7-test-12-0,1635725a719b7f9ec7d8e77a981e8ecd,random,4,4,True,1,1.4685004476656522,next-4,pass
7,s7-test-12-1,1635725a719b7f9ec7d8e77a981e8ecd,information_gain,0,0,False,11,3.138003968156398,,
7,s7-test-12-1,1635725a719b7f9ec7d8e77a981e8ecd,information_gain,1,1,False,9,2.8876314899997757,next-4,pass
7,s7-test-12-1,1635725a719b7f9ec7d8e77a981e8ecd,information_gain,2,2,False,2,1.3802373098911005,next-3,fail
7,s7-test-12-1,1635725a719b7f9ec7d8e77a981e8ecd,information_gain,3,3,True,1,2.848570653653914,next-11,pass
7,s7-test-12-1,1635725a719b7f9ec7d8e77a981e8ecd,information_gain,4,4,True,1,2.6581743148875634,next-10,pass
7,s7-test-12-1,1635725a719b7f9ec7d8e77a981e8ecd,random,0,0,False,11,3.138003968156398,,
7,s7-test-12-1,1635725a719b7f9ec7d8e77a981e8ecd,random,1,1,False,10,3.0943529476245084,next-9,pass
7,s7-test-12-1,1635725a719b7f9ec7d8e77a981e8ecd,random,2,2,False,10,1.3433016819613555,next-1,fail
7,s7-test-12-1,1635725a719b7f9ec7d8e77a981e8ecd,random,3,3,False,10,1.3217183800033678,next-2,pass
7,s7-test-12-1,1635725a719b7f9ec7d8e77a981e8ecd,random,4,4,False,10,1.319243963621663,next-0,pass
7,s7-test-12-2,1635725a719b7f9ec7d8e77a981e8ecd,information_gain,0,0,True,1,0.7223256633654646,,
7,s7-test-12-2,1635725a719b7f9ec7d8e77a981e8ecd,information_gain,1,1,True,1,0.046831269006075885,next-11,fail
7,s7-test-12-2,1635725a719b7f9ec7d8e77a981e8ecd,information_gain,2,2,True,1,0.02362875490544073,next-4,pass
7,s7-test-12-2,1635725a719b7f9ec7d8e77a981e8ecd,information_gain,3,3,True,1,0.0032699986859234444,next-7,fail
7,s7-test-12-2,1635725a719b7f9ec7d8e77a981e8ecd,information_gain,4,4,True,1,0.0018608672878734046,next-0,pass
7,s7-test-12-2,1635725a719b7f9ec7d8e77a981e8ecd,random,0,0,True,1,0.7223256633654646,,
7,s7-test-12-2,1635725a719b7f9ec7d8e77a981e8ecd,random,1,1,True,1,0.5467559346336711,next-1,pass
7,s7-test-12-2,1635725a719b7f9ec7d8e77a981e8ecd,random,2,2,True,1,0.03408142988543906,next-11,fail
7,s7-test-12-2,1635725a719b7f9ec7d8e77a981e8ecd,random,3,3,True,1,0.0210612864717574,next-4,pass
7,s7-test-12-2,1635725a719b7f9ec7d8e77a981e8ecd,random,4,4,True,1,0.019898685792531616,next-9,pass
7,s7-test-12-3,1635725a719b7f9ec7d8e77a981e8ecd,information_gain,0,0,False,7,3.502602689016775,,
7,s7-test-12-3,1635725a719b7f9ec7d8e77a981e8ecd,information_gain,1,1,False,5,3.166617886633438,next-3,pass
7,s7-test-12-3,1635725a719b7f9ec7d8e77a981e8ecd,information_gain,2,2,False,5,2.997602559052099,next-5,pass
7,s7-test-12-3,1635725a719b7f9ec7d8e77a981e8ecd,information_gain,3,3,False,4,2.849347936763957,next-8,pass
7,s7-test-12-3,1635725a719b7f9ec7d8e77a981e8ecd,information_gain,4,4,False,3,2.7029743100399184,next-10,pass
7,s7-test-12-3,1635725a719b7f9ec7d8e77a981e8ecd,random,0,0,False,7,3.502602689016775,,
7,s7-test-12-3,1635725a719b7f9ec7d8e77a981e8ecd,random,1,1,False,7,3.4103178257626174,next-6,pass
7,s7-test-12-3,1635725a719b7f9ec7d8e77a981e8ecd,random,2,2,False,7,3.3705920243182543,next-7,pass
7,s7-test-12-3,1635725a719b7f9ec7d8e77a981e8ecd,random,3,3,False,7,3.3698746246715077,next-4,pass
7,s7-test-12-3,1635725a719b7f9ec7d8e77a981e8ecd,random,4,4,False,7,3.2622702434006277,next-11,pass
7,s7-test-12-4,1635725a719b7f9ec7d8e77a981e8ecd,information_gain,0,0,False,10,3.4441291141547303,,
7,s7-test-12-4,1635725a719b7f9ec7d8e77a981e8ecd,information_gain,1,1,False,8,3.2005666536818826,next-3,pass
7,s7-test-12-4,1635725a719b7f9ec7d8e77a981e8ecd,information_gain,2,2,False,6,2.965228784049117,next-0,pass
7,s7-test-12-4,1635725a719b7f9ec7d8e77a981e8ecd,information_gain,3,3,False,5,2.7677326608241244,next-8,pass
7,s7-test-12-4,1635725a719b7f9ec7d8e77a981e8ecd,information_gain,4,4,False,5,2.653047598100609,next-1,pass
7,s7-test-12-4,1635725a719b7f9ec7d8e77a981e8ecd,random,0,0,False,10,3.4441291141547303,,
7,s7-test-12-4,1635725a719b7f9ec7d8e77a981e8ecd,random,1,1,False,10,3.4103178257626174,next-10,pass
7,s7-test-12-4,1635725a719b7f9ec7d8e77a981e8ecd,random,2,2,False,10,3.376084942490407,next-7,pass
7,s7-test-12-4,1635725a719b7f9ec7d8e77a981e8ecd,random,3,3,False,8,3.1190320697837812,next-8,pass
7,s7-test-12-4,1635725a719b7f9ec7d8e77a981e8ecd,random,4,4,False,7,2.9516434262752576,next-2,pass
7,s7-test-12-5,1635725a719b7f9ec7d8e77a981e8ecd,information_gain,0,0,False,7,3.534047927487847,,
7,s7-test-12-5,1635725a719b7f9ec7d8e77a981e8ecd,information_gain,1,1,False,5,3.2404382858761274,next-2,pass
7,s7-test-12-5,1635725a719b7f9ec7d8e77a981e8ecd,information_gain,2,2,False,3,3.0136737938382776,next-5,pass
7,s7-test-12-5,1635725a719b7f9ec7d8e77a981e8ecd,information_gain,3,3,False,3,2.7767886808257205,next-7,pass
7,s7-test-12-5,1635725a719b7f9ec7d8e77a981e8ecd,information_gain,4,4,True,1,1.0635232130944068,next-0,fail
7,s7-test-12-5,1635725a719b7f9ec7d8e77a981e8ecd,random,0,0,False,7,3.534047927487847,,
7,s7-test-12-5,1635725a719b7f9ec7d8e77a981e8ecd,random,1,1,False,7,3.44412911415473,next-8,pass
7,s7-test-12-5,1635725a719b7f9ec7d8e77a981e8ecd,random,2,2,False,7,3.4103178257626174,next-6,pass
7,s7-test-12-5,1635725a719b7f9ec7d8e77a981e8ecd,random,3,3,False,6,3.306141079835258,next-3,pass
7,s7-test-12-5,1635725a719b7f9ec7d8e77a981e8ecd,random,4,4,False,5,3.1601028551047903,next-5,pass
7,s7-test-12-6,1635725a719b7f9ec7d8e77a981e8ecd,information_gain,0,0,False,10,3.497557690111276,,
7,s7-test-12-6,1635725a719b7f9ec7d8e77a981e8ecd,information_gain,1,1,False,2,2.0886871191399297,next-10,fail
7,s7-test-12-6,1635725a719b7f9ec7d8e77a981e8ecd,information_gain,2,2,True,1,1.8241653082232887,next-5,pass
7,s7-test-12-6,1635725a719b7f9ec7d8e77a981e8ecd,information_gain,3,3,True,1,0.21702978512598975,next-11,fail
7,s7-test-12-6,1635725a719b7f9ec7d8e77a981e8ecd,information_gain,4,4,True,1,0.13220372540420156,next-8,pass
7,s7-test-12-6,1635725a719b7f9ec7d8e77a981e8ecd,random,0,0,False,10,3.497557690111276,,
7,s7-test-12-6,1635725a719b7f9ec7d8e77a981e8ecd,random,1,1,False,9,3.3698746246715077,next-7,pass
7,s7-test-12-6,1635725a719b7f9ec7d8e77a981e8ecd,random,2,2,False,8,3.268239674648168,next-3,pass
7,s7-test-12-6,1635725a719b7f9ec7d8e77a981e8ecd,random,3,3,False,7,3.152724768024681,next-1,pass
7,s7-test-12-6,1635725a719b7f9ec7d8e77a981e8ecd,random,4,4,False,7,3.1115630722712857,next-6,pass
7,s7-test-12-7,1635725a719b7f9ec7d8e77a981e8ecd,information_gain,0,0,False,7,2.033559303171267,,
7,s7-test-12-7,1635725a719b7f9ec7d8e77a981e8ecd,information_gain,1,1,False,6,1.8362213769191071,next-2,pass
7,s7-test-12-7,1635725a719b7f9ec7d8e77a981e8ecd,information_gain,2,2,False,6,3.347599099438859,next-5,pass
7,s7-test-12-7,1635725a719b7f9ec7d8e77a981e8ecd,information_gain,3,3,False,5,3.1860144848368552,next-3,pass
7,s7-test-12-7,1635725a719b7f9ec7d8e77a981e8ecd,information_gain,4,4,False,4,3.2202532197441736,next-10,pass
7,s7-test-12-7,1635725a719b7f9ec7d8e77a981e8ecd,random,0,0,False,7,2.033559303171267,,
7,s7-test-12-7,1635725a719b7f9ec7d8e77a981e8ecd,random,1,1,False,6,1.9544081412696537,next-1,pass
7,s7-test-12-7,1635725a719b7f9ec7d8e77a981e8ecd,random,2,2,False,7,2.190770452171936,next-4,fail
7,s7-test-12-7,1635725a719b7f9ec7d8e77a981e8ecd,random,3,3,False,3,2.41649273382411,next-11,fail
7,s7-test-12-7,1635725a719b7f9ec7d8e77a981e8ecd,random,4,4,False,3,2.3750579964065746,next-9,pass
7,s7-test-12-8,1635725a719b7f9ec7d8e77a981e8ecd,information_gain,0,0,True,1,3.6189264727506596,,
7,s7-test-12-8,1635725a719b7f9ec7d8e77a981e8ecd,information_gain,1,1,True,1,3.376084942490407,next-5,pass
7,s7-test-12-8,1635725a719b7f9ec7d8e77a981e8ecd,information_gain,2,2,True,1,3.2313883585618766,next-11,pass
7,s7-test-12-8,1635725a719b7f9ec7d8e77a981e8ecd,information_gain,3,3,True,1,3.0773389628044843,next-10,pass
7,s7-test-12-8,1635725a719b7f9ec7d8e77a981e8ecd,information_gain,4,4,True,1,2.9516434262752576,next-3,pass
7,s7-test-12-8,1635725a719b7f9ec7d8e77a981e8ecd,random,0,0,True,1,3.6189264727506596,,
7,s7-test-12-8,1635725a719b7f9ec7d8e77a981e8ecd,random,1,1,True,1,3.502602689016775,next-1,pass
7,s7-test-12-8,1635725a719b7f9ec7d8e77a981e8ecd,random,2,2,True,1,3.4103178257626174,next-6,pass
7,s7-test-12-8,1635725a719b7f9ec7d8e77a981e8ecd,random,3,3,True,1,3.2690187623061275,next-4,pass
7,s7-test-12-8,1635725a719b7f9ec7d8e77a981e8ecd,random,4,4,True,1,3.1810188804634074,next-5,pass
7,s7-test-12-9,1635725a719b7f9ec7d8e77a981e8ecd,information_gain,0,0,False,5,1.689493823638185,,
7,s7-test-12-9,1635725a719b7f9ec7d8e77a981e8ecd,information_gain,1,1,False,5,3.299069707876178,next-1,pass
7,s7-test-12-9,1635725a719b7f9ec7d8e77a981e8ecd,information_gain,2,2,False,3,3.2095714994848623,next-3,pass
7,s7-test-12-9,1635725a719b7f9ec7d8e77a981e8ecd,information_gain,3,3,False,2,1.7318207411816184,next-6,fail
7,s7-test-12-9,1635725a719b7f9ec7d8e77a981e8ecd,information_gain,4,4,True,1,1.5744111221046333,next-4,pass
7,s7-test-12-9,1635725a719b7f9ec7d8e77a981e8ecd,random,0,0,False,5,1.689493823638185,,
7,s7-test-12-9,1635725a719b7f9ec7d8e77a981e8ecd,random,1,1,False,5,1.5787379971007882,next-5,pass
7,s7-test-12-9,1635725a719b7f9ec7d8e77a981e8ecd,random,2,2,False,4,3.109930101436153,next-3,pass
7,s7-test-12-9,1635725a719b7f9ec7d8e77a981e8ecd,random,3,3,False,3,2.9327404659858383,next-4,pass
7,s7-test-12-9,1635725a719b7f9ec7d8e77a981e8ecd,random,4,4,False,3,2.8855328170880647,next-8,pass
7,s7-test-12-10,1635725a719b7f9ec7d8e77a981e8ecd,information_gain,0,0,False,4,3.404881111461859,,
7,s7-test-12-10,1635725a719b7f9ec7d8e77a981e8ecd,information_gain,1,1,False,2,1.9014528474455668,next-6,fail
7,s7-test-12-10,1635725a719b7f9ec7d8e77a981e8ecd,information_gain,2,2,True,1,1.8245695284858832,next-3,pass
7,s7-test-12-10,1635725a719b7f9ec7d8e77a981e8ecd,information_gain,3,3,True,1,1.608781543914917,next-1,pass
7,s7-test-12-10,1635725a719b7f9ec7d8e77a981e8ecd,information_gain,4,4,True,1,1.3757899142036094,next-7,pass
7,s7-test-12-10,1635725a719b7f9ec7d8e77a981e8ecd,random,0,0,False,4,3.404881111461859,,
7,s7-test-12-10,1635725a719b7f9ec7d8e77a981e8ecd,random,1,1,False,4,3.4041704365884797,next-4,pass
7,s7-test-12-10,1635725a719b7f9ec7d8e77a981e8ecd,random,2,2,False,4,3.305369922944577,next-9,pass
7,s7-test-12-10,1635725a719b7f9ec7d8e77a981e8ecd,random,3,3,False,4,3.2681469957737437,next-0,pass
7,s7-test-12-10,1635725a719b7f9ec7d8e77a981e8ecd,random,4,4,False,4,3.0417503265009644,next-7,pass
7,s7-test-12-11,1635725a719b7f9ec7d8e77a981e8ecd,information_gain,0,0,True,1,3.5895386476395323,,
7,s7-test-12-11,1635725a719b7f9ec7d8e77a981e8ecd,information_gain,1,1,True,1,3.404881111461859,next-11,pass
7,s7-test-12-11,1635725a719b7f9ec7d8e77a981e8ecd,information_gain,2,2,True,1,3.1997237703580703,next-2,pass
7,s7-test-12-11,1635725a719b7f9ec7d8e77a981e8ecd,information_gain,3,3,True,1,2.964193324599751,next-4,pass
7,s7-test-12-11,1635725a719b7f9ec7d8e77a981e8ecd,information_gain,4,4,True,1,2.8231559579870353,next-1,pass
7,s7-test-12-11,1635725a719b7f9ec7d8e77a981e8ecd,random,0,0,True,1,3.5895386476395323,,
7,s7-test-12-11,1635725a719b7f9ec7d8e77a981e8ecd,random,1,1,True,1,3.502602689016775,next-3,pass
7,s7-test-12-11,1635725a719b7f9ec7d8e77a981e8ecd,random,2,2,True,1,3.3120353784713337,next-4,pass
7,s7-test-12-11,1635725a719b7f9ec7d8e77a981e8ecd,random,3,3,True,1,3.166617886633438,next-7,pass
7,s7-test-12-11,1635725a719b7f9ec7d8e77a981e8ecd,random,4,4,True,1,3.035608410293227,next-8,pass
7,s7-test-13-0,38d45072b3db4bbfe7d2bab536da1eee,information_gain,0,0,False,9,3.4706766567056304,,
7,s7-test-13-0,38d45072b3db4bbfe7d2bab536da1eee,information_gain,1,1,False,7,3.2381723704169505,next-1,pass
7,s7-test-13-0,38d45072b3db4bbfe7d2bab536da1eee,information_gain,2,2,False,5,3.0093947750166175,next-2,pass
7,s7-test-13-0,38d45072b3db4bbfe7d2bab536da1eee,information_gain,3,3,False,3,2.7436568430948474,next-4,pass
7,s7-test-13-0,38d45072b3db4bbfe7d2bab536da1eee,information_gain,4,4,False,3,2.4531000982152307,next-7,pass
7,s7-test-13-0,38d45072b3db4bbfe7d2bab536da1eee,random,0,0,False,9,3.4706766567056304,,
7,s7-test-13-0,38d45072b3db4bbfe7d2bab536da1eee,random,1,1,False,7,3.2381723704169505,next-1,pass
7,s7-test-13-0,38d45072b3db4bbfe7d2bab536da1eee,random,2,2,False,7,3.0407764333245404,next-7,pass
7,s7-test-13-0,38d45072b3db4bbfe7d2bab536da1eee,random,3,3,False,7,3.0336904477823046,next-9,pass
7,s7-test-13-0,38d45072b3db4bbfe7d2bab536da1eee,random,4,4,False,7,2.974563937838712,next-11,pass
7,s7-test-13-1,38d45072b3db4bbfe7d2bab536da1eee,information_gain,0,0,False,6,3.4706766567056304,,
7,s7-test-13-1,38d45072b3db4bbfe7d2bab536da1eee,information_gain,1,1,False,6,3.1279120909784877,next-4,pass
7,s7-test-13-1,38d45072b3db4bbfe7d2bab536da1eee,information_gain,2,2,False,4,2.8194105942733247,next-10,pass
7,s7-test-13-1,38d45072b3db4bbfe7d2bab536da1eee,information_gain,3,3,False,4,2.5366368482402084,next-6,pass
7,s7-test-13-1,38d45072b3db4bbfe7d2bab536da1eee,information_gain,4,4,False,3,2.3547807736162976,next-11,pass
7,s7-test-13-1,38d45072b3db4bbfe7d2bab536da1eee,random,0,0,False,6,3.4706766567056304,,
7,s7-test-13-1,38d45072b3db4bbfe7d2bab536da1eee,random,1,1,False,5,3.37688348206737,next-11,pass
7,s7-test-13-1,38d45072b3db4bbfe7d2bab536da1eee,random,2,2,False,4,3.1279120909784877,next-3,pass
7,s7-test-13-1,38d45072b3db4bbfe7d2bab536da1eee,random,3,3,False,4,3.1210109023059442,next-1,pass
7,s7-test-13-1,38d45072b3db4bbfe7d2bab536da1eee,random,4,4,False,4,3.0777002466004606,next-9,pass
7,s7-test-13-2,38d45072b3db4bbfe7d2bab536da1eee,information_gain,0,0,True,1,2.170975554354413,,
7,s7-test-13-2,38d45072b3db4bbfe7d2bab536da1eee,information_gain,1,1,True,1,0.4427166531741025,next-11,fail
7,s7-test-13-2,38d45072b3db4bbfe7d2bab536da1eee,information_gain,2,2,True,1,0.21375893383681374,next-4,pass
7,s7-test-13-2,38d45072b3db4bbfe7d2bab536da1eee,information_gain,3,3,True,1,0.17648349517916997,next-9,pass
7,s7-test-13-2,38d45072b3db4bbfe7d2bab536da1eee,information_gain,4,4,True,1,0.6683609515653994,next-6,fail
7,s7-test-13-2,38d45072b3db4bbfe7d2bab536da1eee,random,0,0,True,1,2.170975554354413,,
7,s7-test-13-2,38d45072b3db4bbfe7d2bab536da1eee,random,1,1,True,1,1.9843472661010992,next-2,pass
7,s7-test-13-2,38d45072b3db4bbfe7d2bab536da1eee,random,2,2,True,1,2.3036506781069295,next-6,fail
7,s7-test-13-2,38d45072b3db4bbfe7d2bab536da1eee,random,3,3,True,1,2.039635435277781,next-5,pass
7,s7-test-13-2,38d45072b3db4bbfe7d2bab536da1eee,random,4,4,True,1,1.8307187696299305,next-1,pass
7,s7-test-13-3,38d45072b3db4bbfe7d2bab536da1eee,information_gain,0,0,False,14,2.0041220546642067,,
7,s7-test-13-3,38d45072b3db4bbfe7d2bab536da1eee,information_gain,1,1,False,12,2.225554272693049,next-6,pass
7,s7-test-13-3,38d45072b3db4bbfe7d2bab536da1eee,information_gain,2,2,False,11,2.159696406957253,next-11,pass
7,s7-test-13-3,38d45072b3db4bbfe7d2bab536da1eee,information_gain,3,3,False,12,1.786050458868673,next-9,fail
7,s7-test-13-3,38d45072b3db4bbfe7d2bab536da1eee,information_gain,4,4,False,12,2.421058495378507,next-4,pass
7,s7-test-13-3,38d45072b3db4bbfe7d2bab536da1eee,random,0,0,False,14,2.0041220546642067,,
7,s7-test-13-3,38d45072b3db4bbfe7d2bab536da1eee,random,1,1,False,14,2.28185972509909,next-3,fail
7,s7-test-13-3,38d45072b3db4bbfe7d2bab536da1eee,random,2,2,False,12,2.2163678105477786,next-1,pass
7,s7-test-13-3,38d45072b3db4bbfe7d2bab536da1eee,random,3,3,False,11,2.183164758389857,next-2,pass
7,s7-test-13-3,38d45072b3db4bbfe7d2bab536da1eee,random,4,4,False,11,1.63227290405386,next-11,pass
7,s7-test-13-4,38d45072b3db4bbfe7d2bab536da1eee,information_gain,0,0,True,1,0.7447157738222911,,
7,s7-test-13-4,38d45072b3db4bbfe7d2bab536da1eee,information_gain,1,1,True,1,0.06063144306770695,next-11,fail
7,s7-test-13-4,38d45072b3db4bbfe7d2bab536da1eee,information_gain,2,2,True,1,0.01556258853347192,next-0,fail
7,s7-test-13-4,38d45072b3db4bbfe7d2bab536da1eee,information_gain,3,3,True,1,0.003303241194614879,next-8,pass
7,s7-test-13-4,38d45072b3db4bbfe7d2bab536da1eee,information_gain,4,4,True,1,0.0018912999315086395,next-2,pass
7,s7-test-13-4,38d45072b3db4bbfe7d2bab536da1eee,random,0,0,True,1,0.7447157738222911,,
7,s7-test-13-4,38d45072b3db4bbfe7d2bab536da1eee,random,1,1,True,1,0.7051117045688449,next-6,pass
7,s7-test-13-4,38d45072b3db4bbfe7d2bab536da1eee,random,2,2,True,1,0.6939482037668337,next-10,pass
7,s7-test-13-4,38d45072b3db4bbfe7d2bab536da1eee,random,3,3,True,1,0.6838429190834673,next-5,pass
7,s7-test-13-4,38d45072b3db4bbfe7d2bab536da1eee,random,4,4,True,1,0.6726218228279061,next-4,pass
7,s7-test-13-5,38d45072b3db4bbfe7d2bab536da1eee,information_gain,0,0,True,1,2.108227186363614,,
7,s7-test-13-5,38d45072b3db4bbfe7d2bab536da1eee,information_gain,1,1,True,1,0.8758288523895408,next-2,fail
7,s7-test-13-5,38d45072b3db4bbfe7d2bab536da1eee,information_gain,2,2,True,1,0.4113183294858595,next-1,pass
7,s7-test-13-5,38d45072b3db4bbfe7d2bab536da1eee,information_gain,3,3,True,1,0.23739462912304538,next-3,pass
7,s7-test-13-5,38d45072b3db4bbfe7d2bab536da1eee,information_gain,4,4,True,1,0.18887752855734338,next-7,pass
7,s7-test-13-5,38d45072b3db4bbfe7d2bab536da1eee,random,0,0,True,1,2.108227186363614,,
7,s7-test-13-5,38d45072b3db4bbfe7d2bab536da1eee,random,1,1,True,1,1.9016659736843196,next-7,pass
7,s7-test-13-5,38d45072b3db4bbfe7d2bab536da1eee,random,2,2,True,1,0.7085660346880551,next-2,fail
7,s7-test-13-5,38d45072b3db4bbfe7d2bab536da1eee,random,3,3,True,1,0.6986297651066947,next-5,pass
7,s7-test-13-5,38d45072b3db4bbfe7d2bab536da1eee,random,4,4,True,1,0.5402690429442174,next-3,pass
7,s7-test-13-6,38d45072b3db4bbfe7d2bab536da1eee,information_gain,0,0,True,1,0.585426901658287,,
7,s7-test-13-6,38d45072b3db4bbfe7d2bab536da1eee,information_gain,1,1,True,1,0.0652463861287278,next-6,fail
7,s7-test-13-6,38d45072b3db4bbfe7d2bab536da1eee,information_gain,2,2,True,1,0.004792672450475428,next-9,fail
7,s7-test-13-6,38d45072b3db4bbfe7d2bab536da1eee,information_gain,3,3,True,1,0.0019747131306931984,next-2,pass
7,s7-test-13-6,38d45072b3db4bbfe7d2bab536da1eee,information_gain,4,4,True,1,0.0007704488245593191,next-3,fail
7,s7-test-13-6,38d45072b3db4bbfe7d2bab536da1eee,random,0,0,True,1,0.585426901658287,,
7,s7-test-13-6,38d45072b3db4bbfe7d2bab536da1eee,random,1,1,True,1,0.5751489666651803,next-7,pass
7,s7-test-13-6,38d45072b3db4bbfe7d2bab536da1eee,random,2,2,True,1,0.39115045933524595,next-4,pass
7,s7-test-13-6,38d45072b3db4bbfe7d2bab536da1eee,random,3,3,True,1,0.3542108215642433,next-10,pass
7,s7-test-13-6,38d45072b3db4bbfe7d2bab536da1eee,random,4,4,True,1,0.3260630761811785,next-2,pass
7,s7-test-13-7,38d45072b3db4bbfe7d2bab536da1eee,information_gain,0,0,False,7,2.5144519472791815,,
7,s7-test-13-7,38d45072b3db4bbfe7d2bab536da1eee,information_gain,1,1,False,7,2.20102370434044,next-5,pass
7,s7-test-13-7,38d45072b3db4bbfe7d2bab536da1eee,information_gain,2,2,False,6,2.068290582982401,next-1,pass
7,s7-test-13-7,38d45072b3db4bbfe7d2bab536da1eee,information_gain,3,3,False,6,3.454081182404862,next-10,pass
7,s7-test-13-7,38d45072b3db4bbfe7d2bab536da1eee,information_gain,4,4,False,5,3.252115531829511,next-9,pass
7,s7-test-13-7,38d45072b3db4bbfe7d2bab536da1eee,random,0,0,False,7,2.5144519472791815,,
7,s7-test-13-7,38d45072b3db4bbfe7d2bab536da1eee,random,1,1,False,7,2.254104624546544,next-1,pass
7,s7-test-13-7,38d45072b3db4bbfe7d2bab536da1eee,random,2,2,False,7,2.17046565180457,next-2,pass
7,s7-test-13-7,38d45072b3db4bbfe7d2bab536da1eee,random,3,3,False,6,2.1059035656877674,next-6,pass
7,s7-test-13-7,38d45072b3db4bbfe7d2bab536da1eee,random,4,4,True,1,2.413719795192743,next-7,fail
7,s7-test-13-8,38d45072b3db4bbfe7d2bab536da1eee,information_gain,0,0,True,1,0.5444466317525802,,
7,s7-test-13-8,38d45072b3db4bbfe7d2bab536da1eee,information_gain,1,1,True,1,0.1853753132734633,next-9,pass
7,s7-test-13-8,38d45072b3db4bbfe7d2bab536da1eee,information_gain,2,2,True,1,0.014010029681643228,next-6,fail
7,s7-test-13-8,38d45072b3db4bbfe7d2bab536da1eee,information_gain,3,3,True,1,0.010613293098354785,next-2,pass
7,s7-test-13-8,38d45072b3db4bbfe7d2bab536da1eee,information_gain,4,4,True,1,0.06856646130022756,next-1,fail
7,s7-test-13-8,38d45072b3db4bbfe7d2bab536da1eee,random,0,0,True,1,0.5444466317525802,,
7,s7-test-13-8,38d45072b3db4bbfe7d2bab536da1eee,random,1,1,True,1,0.3684478530367661,next-2,pass
7,s7-test-13-8,38d45072b3db4bbfe7d2bab536da1eee,random,2,2,True,1,0.3326539722880737,next-11,pass
7,s7-test-13-8,38d45072b3db4bbfe7d2bab536da1eee,random,3,3,True,1,0.15789083572591495,next-3,pass
7,s7-test-13-8,38d45072b3db4bbfe7d2bab536da1eee,random,4,4,True,1,0.14652642524474643,next-8,pass
7,s7-test-13-9,38d45072b3db4bbfe7d2bab536da1eee,information_gain,0,0,False,6,3.8220851659300834,,
7,s7-test-13-9,38d45072b3db4bbfe7d2bab536da1eee,information_gain,1,1,False,4,3.503420333110622,next-6,pass
7,s7-test-13-9,38d45072b3db4bbfe7d2bab536da1eee,information_gain,2,2,False,2,3.1704528469859388,next-1,pass
7,s7-test-13-9,38d45072b3db4bbfe7d2bab536da1eee,information_gain,3,3,False,2,2.8281463437252286,next-4,pass
7,s7-test-13-9,38d45072b3db4bbfe7d2bab536da1eee,information_gain,4,4,True,1,1.6124332612229704,next-7,fail
7,s7-test-13-9,38d45072b3db4bbfe7d2bab536da1eee,random,0,0,False,6,3.8220851659300834,,
7,s7-test-13-9,38d45072b3db4bbfe7d2bab536da1eee,random,1,1,False,5,3.7484927402799215,next-3,pass
7,s7-test-13-9,38d45072b3db4bbfe7d2bab536da1eee,random,2,2,False,3,3.412197446953074,next-6,pass
7,s7-test-13-9,38d45072b3db4bbfe7d2bab536da1eee,random,3,3,False,2,3.1279120909784877,next-1,pass
7,s7-test-13-9,38d45072b3db4bbfe7d2bab536da1eee,random,4,4,False,2,2.9961443090877427,next-8,pass
7,s7-test-13-10,38d45072b3db4bbfe7d2bab536da1eee,information_gain,0,0,False,3,2.3715230838701715,,
7,s7-test-13-10,38d45072b3db4bbfe7d2bab536da1eee,information_gain,1,1,True,1,2.3149106360428138,next-11,pass
7,s7-test-13-10,38d45072b3db4bbfe7d2bab536da1eee,information_gain,2,2,True,1,0.4113183294858595,next-7,fail
7,s7-test-13-10,38d45072b3db4bbfe7d2bab536da1eee,information_gain,3,3,True,1,0.2030374223905525,next-1,pass
7,s7-test-13-10,38d45072b3db4bbfe7d2bab536da1eee,information_gain,4,4,True,1,0.147577225229917,next-0,pass
7,s7-test-13-10,38d45072b3db4bbfe7d2bab536da1eee,random,0,0,False,3,2.3715230838701715,,
7,s7-test-13-10,38d45072b3db4bbfe7d2bab536da1eee,random,1,1,False,2,2.201023704340439,next-10,pass
7,s7-test-13-10,38d45072b3db4bbfe7d2bab536da1eee,random,2,2,False,2,1.9985198809287932,next-5,pass
7,s7-test-13-10,38d45072b3db4bbfe7d2bab536da1eee,random,3,3,False,2,1.8482357541768082,next-8,pass
7,s7-test-13-10,38d45072b3db4bbfe7d2bab536da1eee,random,4,4,True,1,1.5176771491201617,next-0,pass
7,s7-test-13-11,38d45072b3db4bbfe7d2bab536da1eee,information_gain,0,0,False,4,2.2633402849955373,,
7,s7-test-13-11,38d45072b3db4bbfe7d2bab536da1eee,information_gain,1,1,False,4,2.062519117179623,next-10,pass
7,s7-test-13-11,38d45072b3db4bbfe7d2bab536da1eee,information_gain,2,2,False,3,1.7837976842671421,next-11,pass
7,s7-test-13-11,38d45072b3db4bbfe7d2bab536da1eee,information_gain,3,3,False,2,1.5637120367311388,next-1,pass
7,s7-test-13-11,38d45072b3db4bbfe7d2bab536da1eee,information_gain,4,4,False,2,1.30696050865852,next-9,pass
7,s7-test-13-11,38d45072b3db4bbfe7d2bab536da1eee,random,0,0,False,4,2.2633402849955373,,
7,s7-test-13-11,38d45072b3db4bbfe7d2bab536da1eee,random,1,1,False,4,2.255756668388328,next-5,pass
7,s7-test-13-11,38d45072b3db4bbfe7d2bab536da1eee,random,2,2,False,4,2.144799768117765,next-2,pass
7,s7-test-13-11,38d45072b3db4bbfe7d2bab536da1eee,random,3,3,False,4,1.9038688485624011,next-11,pass
7,s7-test-13-11,38d45072b3db4bbfe7d2bab536da1eee,random,4,4,False,4,1.8314160393718377,next-7,pass
7,s7-test-14-0,0910b8fa94bec81eab184511b3cbe011,information_gain,0,0,False,8,2.238060292992772,,
7,s7-test-14-0,0910b8fa94bec81eab184511b3cbe011,information_gain,1,1,False,5,1.9574386139492936,next-11,pass
7,s7-test-14-0,0910b8fa94bec81eab184511b3cbe011,information_gain,2,2,True,1,2.371523083870172,next-0,fail
7,s7-test-14-0,0910b8fa94bec81eab184511b3cbe011,information_gain,3,3,True,1,1.188206069284649,next-8,fail
7,s7-test-14-0,0910b8fa94bec81eab184511b3cbe011,information_gain,4,4,True,1,0.7319902185104121,next-10,pass
7,s7-test-14-0,0910b8fa94bec81eab184511b3cbe011,random,0,0,False,8,2.238060292992772,,
7,s7-test-14-0,0910b8fa94bec81eab184511b3cbe011,random,1,1,False,8,2.0543245651429918,next-7,pass
7,s7-test-14-0,0910b8fa94bec81eab184511b3cbe011,random,2,2,True,1,2.2555243560163087,next-3,fail
7,s7-test-14-0,0910b8fa94bec81eab184511b3cbe011,random,3,3,True,1,2.1923016467404133,next-5,pass
7,s7-test-14-0,0910b8fa94bec81eab184511b3cbe011,random,4,4,True,1,2.1276982440918077,next-9,pass
7,s7-test-14-1,0910b8fa94bec81eab184511b3cbe011,information_gain,0,0,True,1,1.903036211365126,,
7,s7-test-14-1,0910b8fa94bec81eab184511b3cbe011,information_gain,1,1,False,2,0.5120400777824052,next-9,fail
7,s7-test-14-1,0910b8fa94bec81eab184511b3cbe011,information_gain,2,2,False,2,1.8341385743377732,next-4,pass
7,s7-test-14-1,0910b8fa94bec81eab184511b3cbe011,information_gain,3,3,True,1,0.6956245380278901,next-11,fail
7,s7-test-14-1,0910b8fa94bec81eab184511b3cbe011,information_gain,4,4,True,1,0.6661946723552489,next-8,pass
7,s7-test-14-1,0910b8fa94bec81eab184511b3cbe011,random,0,0,True,1,1.903036211365126,,
7,s7-test-14-1,0910b8fa94bec81eab184511b3cbe011,random,1,1,True,1,1.6830661998200052,next-8,pass
7,s7-test-14-1,0910b8fa94bec81eab184511b3cbe011,random,2,2,True,1,1.506899918307985,next-4,pass
7,s7-test-14-1,0910b8fa94bec81eab184511b3cbe011,random,3,3,True,1,1.4708860542475974,next-5,pass
7,s7-test-14-1,0910b8fa94bec81eab184511b3cbe011,random,4,4,True,1,1.3527876811479493,next-10,pass
7,s7-test-14-2,0910b8fa94bec81eab184511b3cbe011,information_gain,0,0,False,4,1.9626424967467215,,
7,s7-test-14-2,0910b8fa94bec81eab184511b3cbe011,information_gain,1,1,False,4,1.6537383936484764,next-0,pass
7,s7-test-14-2,0910b8fa94bec81eab184511b3cbe011,information_gain,2,2,False,4,1.4269945753812958,next-10,pass
7,s7-test-14-2,0910b8fa94bec81eab184511b3cbe011,information_gain,3,3,True,1,1.8664085004169044,next-3,fail
7,s7-test-14-2,0910b8fa94bec81eab184511b3cbe011,information_gain,4,4,True,1,1.7016784531384592,next-5,pass
7,s7-test-14-2,0910b8fa94bec81eab184511b3cbe011,random,0,0,False,4,1.9626424967467215,,
7,s7-test-14-2,0910b8fa94bec81eab184511b3cbe011,random,1,1,False,4,1.760604641203276,next-4,pass
7,s7-test-14-2,0910b8fa94bec81eab184511b3cbe011,random,2,2,False,4,1.542630792336179,next-10,pass
7,s7-test-14-2,0910b8fa94bec81eab184511b3cbe011,random,3,3,False,4,1.506899918307985,next-7,pass
7,s7-test-14-2,0910b8fa94bec81eab184511b3cbe011,random,4,4,False,4,1.468544745381725,next-8,pass
7,s7-test-14-3,0910b8fa94bec81eab184511b3cbe011,information_gain,0,0,True,1,2.0543245651429913,,
7,s7-test-14-3,0910b8fa94bec81eab184511b3cbe011,information_gain,1,1,True,1,1.6440836158881953,next-10,pass
7,s7-test-14-3,0910b8fa94bec81eab184511b3cbe011,information_gain,2,2,True,1,1.3760315412678155,next-9,pass
7,s7-test-14-3,0910b8fa94bec81eab184511b3cbe011,information_gain,3,3,True,1,1.2324862205832186,next-4,pass
7,s7-test-14-3,0910b8fa94bec81eab184511b3cbe011,information_gain,4,4,True,1,1.0819132030981673,next-6,pass
7,s7-test-14-3,0910b8fa94bec81eab184511b3cbe011,random,0,0,True,1,2.0543245651429913,,
7,s7-test-14-3,0910b8fa94bec81eab184511b3cbe011,random,1,1,True,1,1.8569282084251255,next-4,pass
7,s7-test-14-3,0910b8fa94bec81eab184511b3cbe011,random,2,2,True,1,1.4136650354731959,next-10,pass
7,s7-test-14-3,0910b8fa94bec81eab184511b3cbe011,random,3,3,True,1,1.271636754916547,next-8,pass
7,s7-test-14-3,0910b8fa94bec81eab184511b3cbe011,random,4,4,True,1,1.14295286695242,next-0,pass
7,s7-test-14-4,0910b8fa94bec81eab184511b3cbe011,information_gain,0,0,False,5,3.412197446953074,,
7,s7-test-14-4,0910b8fa94bec81eab184511b3cbe011,information_gain,1,1,False,2,2.10764614719154,next-1,fail
7,s7-test-14-4,0910b8fa94bec81eab184511b3cbe011,information_gain,2,2,True,1,1.171346331464202,next-9,fail
7,s7-test-14-4,0910b8fa94bec81eab184511b3cbe011,information_gain,3,3,True,1,0.6929823933016952,next-4,pass
7,s7-test-14-4,0910b8fa94bec81eab184511b3cbe011,information_gain,4,4,True,1,0.3523126902483617,next-2,pass
7,s7-test-14-4,0910b8fa94bec81eab184511b3cbe011,random,0,0,False,5,3.412197446953074,,
7,s7-test-14-4,0910b8fa94bec81eab184511b3cbe011,random,1,1,False,5,3.10252965917986,next-4,pass
7,s7-test-14-4,0910b8fa94bec81eab184511b3cbe011,random,2,2,True,1,1.7688403715904264,next-9,fail
7,s7-test-14-4,0910b8fa94bec81eab184511b3cbe011,random,3,3,True,1,1.752390948143184,next-11,pass
7,s7-test-14-4,0910b8fa94bec81eab184511b3cbe011,random,4,4,True,1,1.7193095998561791,next-0,pass
7,s7-test-14-5,0910b8fa94bec81eab184511b3cbe011,information_gain,0,0,False,4,3.4375363269409562,,
7,s7-test-14-5,0910b8fa94bec81eab184511b3cbe011,information_gain,1,1,False,2,3.0093947750166175,next-0,pass
7,s7-test-14-5,0910b8fa94bec81eab184511b3cbe011,information_gain,2,2,True,1,1.5945255899465605,next-8,fail
7,s7-test-14-5,0910b8fa94bec81eab184511b3cbe011,information_gain,3,3,True,1,0.3399727222063366,next-4,fail
7,s7-test-14-5,0910b8fa94bec81eab184511b3cbe011,information_gain,4,4,True,1,0.16425508257871715,next-6,pass
7,s7-test-14-5,0910b8fa94bec81eab184511b3cbe011,random,0,0,False,4,3.4375363269409562,,
7,s7-test-14-5,0910b8fa94bec81eab184511b3cbe011,random,1,1,False,3,2.144799768117765,next-4,fail
7,s7-test-14-5,0910b8fa94bec81eab184511b3cbe011,random,2,2,False,2,1.9628826202866165,next-9,pass
7,s7-test-14-5,0910b8fa94bec81eab184511b3cbe011,random,3,3,False,2,2.131236842210725,next-1,fail
7,s7-test-14-5,0910b8fa94bec81eab184511b3cbe011,random,4,4,False,2,2.1299630789239714,next-7,pass
7,s7-test-14-6,0910b8fa94bec81eab184511b3cbe011,information_gain,0,0,False,10,3.4375363269409562,,
7,s7-test-14-6,0910b8fa94bec81eab184511b3cbe011,information_gain,1,1,False,7,3.1279120909784877,next-2,pass
7,s7-test-14-6,0910b8fa94bec81eab184511b3cbe011,information_gain,2,2,False,6,2.912921036438466,next-6,pass
7,s7-test-14-6,0910b8fa94bec81eab184511b3cbe011,information_gain,3,3,True,1,1.2601497420907841,next-0,fail
7,s7-test-14-6,0910b8fa94bec81eab184511b3cbe011,information_gain,4,4,True,1,0.09233806849896457,next-7,fail
7,s7-test-14-6,0910b8fa94bec81eab184511b3cbe011,random,0,0,False,10,3.4375363269409562,,
7,s7-test-14-6,0910b8fa94bec81eab184511b3cbe011,random,1,1,False,10,1.7185109678369712,next-10,fail
7,s7-test-14-6,0910b8fa94bec81eab184511b3cbe011,random,2,2,False,8,1.492486248651178,next-9,pass
7,s7-test-14-6,0910b8fa94bec81eab184511b3cbe011,random,3,3,False,2,1.745553216107006,next-7,fail
7,s7-test-14-6,0910b8fa94bec81eab184511b3cbe011,random,4,4,False,2,1.7327682654652783,next-4,pass
7,s7-test-14-7,0910b8fa94bec81eab184511b3cbe011,information_gain,0,0,False,2,2.2473530332950804,,
7,s7-test-14-7,0910b8fa94bec81eab184511b3cbe011,information_gain,1,1,True,1,0.7348414116310167,next-3,fail
7,s7-test-14-7,0910b8fa94bec81eab184511b3cbe011,information_gain,2,2,True,1,0.24357575059349573,next-7,fail
7,s7-test-14-7,0910b8fa94bec81eab184511b3cbe011,information_gain,3,3,True,1,0.22496033179575203,next-5,fail
7,s7-test-14-7,0910b8fa94bec81eab184511b3cbe011,information_gain,4,4,True,1,0.21386512572535882,next-8,pass
7,s7-test-14-7,0910b8fa94bec81eab184511b3cbe011,random,0,0,False,2,2.2473530332950804,,
7,s7-test-14-7,0910b8fa94bec81eab184511b3cbe011,random,1,1,False,2,2.1835536632644357,next-11,pass
7,s7-test-14-7,0910b8fa94bec81eab184511b3cbe011,random,2,2,False,2,2.3630095950433505,next-6,fail
7,s7-test-14-7,0910b8fa94bec81eab184511b3cbe011,random,3,3,False,2,2.2557566683883286,next-9,pass
7,s7-test-14-7,0910b8fa94bec81eab184511b3cbe011,random,4,4,False,2,2.364192675880497,next-4,fail
7,s7-test-14-8,0910b8fa94bec81eab184511b3cbe011,information_gain,0,0,False,2,2.118346527460766,,
7,s7-test-14-8,0910b8fa94bec81eab184511b3cbe011,information_gain,1,1,False,2,2.135762154317057,next-4,pass
7,s7-test-14-8,0910b8fa94bec81eab184511b3cbe011,information_gain,2,2,False,2,0.5837454393793522,next-0,fail
7,s7-test-14-8,0910b8fa94bec81eab184511b3cbe011,information_gain,3,3,False,2,0.55035633614539,next-3,pass
7,s7-test-14-8,0910b8fa94bec81eab184511b3cbe011,information_gain,4,4,False,2,0.5197929844218033,next-10,pass
7,s7-test-14-8,0910b8fa94bec81eab184511b3cbe011,random,0,0,False,2,2.118346527460766,,
7,s7-test-14-8,0910b8fa94bec81eab184511b3cbe011,random,1,1,False,2,2.0516795799644365,next-5,pass
7,s7-test-14-8,0910b8fa94bec81eab184511b3cbe011,random,2,2,False,2,2.043008306531318,next-4,pass
7,s7-test-14-8,0910b8fa94bec81eab184511b3cbe011,random,3,3,False,2,1.8472857928667756,next-1,pass
7,s7-test-14-8,0910b8fa94bec81eab184511b3cbe011,random,4,4,False,2,1.636481402927095,next-7,pass
7,s7-test-14-9,0910b8fa94bec81eab184511b3cbe011,information_gain,0,0,False,9,3.5281797119264975,,
7,s7-test-14-9,0910b8fa94bec81eab184511b3cbe011,information_gain,1,1,False,11,3.198740955625568,next-9,pass
7,s7-test-14-9,0910b8fa94bec81eab184511b3cbe011,information_gain,2,2,False,11,2.9538199980402453,next-11,pass
7,s7-test-14-9,0910b8fa94bec81eab184511b3cbe011,information_gain,3,3,False,11,2.6730293204784665,next-3,pass
7,s7-test-14-9,0910b8fa94bec81eab184511b3cbe011,information_gain,4,4,False,10,2.441203325668741,next-4,pass
7,s7-test-14-9,0910b8fa94bec81eab184511b3cbe011,random,0,0,False,9,3.5281797119264975,,
7,s7-test-14-9,0910b8fa94bec81eab184511b3cbe011,random,1,1,False,7,3.341105782642091,next-1,pass
7,s7-test-14-9,0910b8fa94bec81eab184511b3cbe011,random,2,2,False,9,2.961587673609911,next-9,pass
7,s7-test-14-9,0910b8fa94bec81eab184511b3cbe011,random,3,3,False,9,2.9538199980402453,next-6,pass
7,s7-test-14-9,0910b8fa94bec81eab184511b3cbe011,random,4,4,False,9,2.889228150745447,next-0,pass
7,s7-test-14-10,0910b8fa94bec81eab184511b3cbe011,information_gain,0,0,True,1,3.503420333110622,,
7,s7-test-14-10,0910b8fa94bec81eab184511b3cbe011,information_gain,1,1,True,1,3.2123325954118234,next-11,pass
7,s7-test-14-10,0910b8fa94bec81eab184511b3cbe011,information_gain,2,2,True,1,2.8816212297236707,next-8,pass
7,s7-test-14-10,0910b8fa94bec81eab184511b3cbe011,information_gain,3,3,True,1,2.6209429952697287,next-7,pass
7,s7-test-14-10,0910b8fa94bec81eab184511b3cbe011,information_gain,4,4,True,1,2.3669878620889317,next-1,pass
7,s7-test-14-10,0910b8fa94bec81eab184511b3cbe011,random,0,0,True,1,3.503420333110622,,
7,s7-test-14-10,0910b8fa94bec81eab184511b3cbe011,random,1,1,True,1,3.412197446953074,next-3,pass
7,s7-test-14-10,0910b8fa94bec81eab184511b3cbe011,random,2,2,True,1,3.277041155711225,next-9,pass
7,s7-test-14-10,0910b8fa94bec81eab184511b3cbe011,random,3,3,True,1,3.0093947750166175,next-7,pass
7,s7-test-14-10,0910b8fa94bec81eab184511b3cbe011,random,4,4,True,1,2.8553661483866652,next-5,pass
7,s7-test-14-11,0910b8fa94bec81eab184511b3cbe011,information_gain,0,0,False,10,3.5232295437234975,,
7,s7-test-14-11,0910b8fa94bec81eab184511b3cbe011,information_gain,1,1,False,7,3.231889994180269,next-0,pass
7,s7-test-14-11,0910b8fa94bec81eab184511b3cbe011,information_gain,2,2,True,1,1.9025104734185083,next-9,fail
7,s7-test-14-11,0910b8fa94bec81eab184511b3cbe011,information_gain,3,3,True,1,0.5157139876813279,next-10,fail
7,s7-test-14-11,0910b8fa94bec81eab184511b3cbe011,information_gain,4,4,True,1,0.3256667359253545,next-6,pass
7,s7-test-14-11,0910b8fa94bec81eab184511b3cbe011,random,0,0,False,10,3.5232295437234975,,
7,s7-test-14-11,0910b8fa94bec81eab184511b3cbe011,random,1,1,False,9,3.432209573284971,next-5,pass
7,s7-test-14-11,0910b8fa94bec81eab184511b3cbe011,random,2,2,False,8,3.299025495137199,next-4,pass
7,s7-test-14-11,0910b8fa94bec81eab184511b3cbe011,random,3,3,False,2,1.8081267801174283,next-10,fail
7,s7-test-14-11,0910b8fa94bec81eab184511b3cbe011,random,4,4,False,2,1.786108024553963,next-7,pass
7,s7-test-15-0,9aa0868ad4dae8c862aa32bf01849b2f,information_gain,0,0,True,1,3.420126499829919,,
7,s7-test-15-0,9aa0868ad4dae8c862aa32bf01849b2f,information_gain,1,1,True,1,3.0652850393219215,next-6,pass
7,s7-test-15-0,9aa0868ad4dae8c862aa32bf01849b2f,information_gain,2,2,True,1,2.830517145788359,next-1,pass
7,s7-test-15-0,9aa0868ad4dae8c862aa32bf01849b2f,information_gain,3,3,True,1,2.6134268324673813,next-5,pass
7,s7-test-15-0,9aa0868ad4dae8c862aa32bf01849b2f,information_gain,4,4,True,1,2.3696207442294117,next-10,pass
7,s7-test-15-0,9aa0868ad4dae8c862aa32bf01849b2f,random,0,0,True,1,3.420126499829919,,
7,s7-test-15-0,9aa0868ad4dae8c862aa32bf01849b2f,random,1,1,True,1,3.3853053595945273,next-9,pass
7,s7-test-15-0,9aa0868ad4dae8c862aa32bf01849b2f,random,2,2,True,1,3.172627381003416,next-4,pass
7,s7-test-15-0,9aa0868ad4dae8c862aa32bf01849b2f,random,3,3,True,1,3.0448957842231925,next-3,pass
7,s7-test-15-0,9aa0868ad4dae8c862aa32bf01849b2f,random,4,4,True,1,2.993909543580102,next-2,pass
7,s7-test-15-1,9aa0868ad4dae8c862aa32bf01849b2f,information_gain,0,0,False,5,3.420126499829919,,
7,s7-test-15-1,9aa0868ad4dae8c862aa32bf01849b2f,information_gain,1,1,False,3,3.0652850393219215,next-3,pass
7,s7-test-15-1,9aa0868ad4dae8c862aa32bf01849b2f,information_gain,2,2,False,3,2.7530446611228547,next-5,pass
7,s7-test-15-1,9aa0868ad4dae8c862aa32bf01849b2f,information_gain,3,3,True,1,1.3369360268308934,next-4,fail
7,s7-test-15-1,9aa0868ad4dae8c862aa32bf01849b2f,information_gain,4,4,True,1,0.10314506435373298,next-0,fail
7,s7-test-15-1,9aa0868ad4dae8c862aa32bf01849b2f,random,0,0,False,5,3.420126499829919,,
7,s7-test-15-1,9aa0868ad4dae8c862aa32bf01849b2f,random,1,1,True,1,1.6643015585445367,next-0,fail
7,s7-test-15-1,9aa0868ad4dae8c862aa32bf01849b2f,random,2,2,True,1,0.35028811053893727,next-4,fail
7,s7-test-15-1,9aa0868ad4dae8c862aa32bf01849b2f,random,3,3,True,1,0.17634080698348292,next-6,pass
7,s7-test-15-1,9aa0868ad4dae8c862aa32bf01849b2f,random,4,4,True,1,0.14230045299837818,next-5,pass
7,s7-test-15-2,9aa0868ad4dae8c862aa32bf01849b2f,information_gain,0,0,True,1,0.5515664446382831,,
7,s7-test-15-2,9aa0868ad4dae8c862aa32bf01849b2f,information_gain,1,1,False,3,1.8349182626130578,next-4,fail
7,s7-test-15-2,9aa0868ad4dae8c862aa32bf01849b2f,information_gain,2,2,False,2,1.394229531279301,next-5,pass
7,s7-test-15-2,9aa0868ad4dae8c862aa32bf01849b2f,information_gain,3,3,True,1,0.9262981297834975,next-10,pass
7,s7-test-15-2,9aa0868ad4dae8c862aa32bf01849b2f,information_gain,4,4,True,1,0.08355788595729839,next-1,fail
7,s7-test-15-2,9aa0868ad4dae8c862aa32bf01849b2f,random,0,0,True,1,0.5515664446382831,,
7,s7-test-15-2,9aa0868ad4dae8c862aa32bf01849b2f,random,1,1,True,1,0.35236322004714754,next-5,pass
7,s7-test-15-2,9aa0868ad4dae8c862aa32bf01849b2f,random,2,2,True,1,0.3273599888578264,next-9,pass
7,s7-test-15-2,9aa0868ad4dae8c862aa32bf01849b2f,random,3,3,True,1,0.32603657217762017,next-7,pass
7,s7-test-15-2,9aa0868ad4dae8c862aa32bf01849b2f,random,4,4,True,1,0.5077066284953263,next-6,fail
7,s7-test-15-3,9aa0868ad4dae8c862aa32bf01849b2f,information_gain,0,0,False,3,2.231468119352642,,
7,s7-test-15-3,9aa0868ad4dae8c862aa32bf01849b2f,information_gain,1,1,False,2,1.9320143924238886,next-9,pass
7,s7-test-15-3,9aa0868ad4dae8c862aa32bf01849b2f,information_gain,2,2,True,1,1.7778283176616574,next-11,pass
7,s7-test-15-3,9aa0868ad4dae8c862aa32bf01849b2f,information_gain,3,3,True,1,0.8514047154629447,next-6,fail
7,s7-test-15-3,9aa0868ad4dae8c862aa32bf01849b2f,information_gain,4,4,True,1,0.5477713102229747,next-10,pass
7,s7-test-15-3,9aa0868ad4dae8c862aa32bf01849b2f,random,0,0,False,3,2.231468119352642,,
7,s7-test-15-3,9aa0868ad4dae8c862aa32bf01849b2f,random,1,1,False,2,2.0173072719301315,next-0,pass
7,s7-test-15-3,9aa0868ad4dae8c862aa32bf01849b2f,random,2,2,False,2,1.9387858029611966,next-4,pass
7,s7-test-15-3,9aa0868ad4dae8c862aa32bf01849b2f,random,3,3,True,1,1.8775321004780225,next-11,pass
7,s7-test-15-3,9aa0868ad4dae8c862aa32bf01849b2f,random,4,4,True,1,1.670863607552986,next-5,pass
7,s7-test-15-4,9aa0868ad4dae8c862aa32bf01849b2f,information_gain,0,0,False,10,2.139811075282923,,
7,s7-test-15-4,9aa0868ad4dae8c862aa32bf01849b2f,information_gain,1,1,False,8,1.8884238265922082,next-3,pass
7,s7-test-15-4,9aa0868ad4dae8c862aa32bf01849b2f,information_gain,2,2,False,7,3.1511693661593356,next-9,pass
7,s7-test-15-4,9aa0868ad4dae8c862aa32bf01849b2f,information_gain,3,3,False,3,1.994444725565228,next-1,fail
7,s7-test-15-4,9aa0868ad4dae8c862aa32bf01849b2f,information_gain,4,4,False,2,1.6154439684198445,next-10,fail
7,s7-test-15-4,9aa0868ad4dae8c862aa32bf01849b2f,random,0,0,False,10,2.139811075282923,,
7,s7-test-15-4,9aa0868ad4dae8c862aa32bf01849b2f,random,1,1,False,8,1.9420177657025048,next-7,pass
7,s7-test-15-4,9aa0868ad4dae8c862aa32bf01849b2f,random,2,2,False,7,1.8712817313643777,next-0,pass
7,s7-test-15-4,9aa0868ad4dae8c862aa32bf01849b2f,random,3,3,False,6,1.7134565812769442,next-11,pass
7,s7-test-15-4,9aa0868ad4dae8c862aa32bf01849b2f,random,4,4,False,6,1.5682129969553475,next-2,pass
7,s7-test-15-5,9aa0868ad4dae8c862aa32bf01849b2f,information_gain,0,0,False,2,1.6859367124546762,,
7,s7-test-15-5,9aa0868ad4dae8c862aa32bf01849b2f,information_gain,1,1,True,1,1.3935283849674072,next-0,pass
7,s7-test-15-5,9aa0868ad4dae8c862aa32bf01849b2f,information_gain,2,2,True,1,0.10963876645525936,next-4,fail
7,s7-test-15-5,9aa0868ad4dae8c862aa32bf01849b2f,information_gain,3,3,True,1,0.005718856210318084,next-10,fail
7,s7-test-15-5,9aa0868ad4dae8c862aa32bf01849b2f,information_gain,4,4,True,1,0.0041499242938819745,next-11,pass
7,s7-test-15-5,9aa0868ad4dae8c862aa32bf01849b2f,random,0,0,False,2,1.6859367124546762,,
7,s7-test-15-5,9aa0868ad4dae8c862aa32bf01849b2f,random,1,1,True,1,1.527917729926771,next-8,pass
7,s7-test-15-5,9aa0868ad4dae8c862aa32bf01849b2f,random,2,2,True,1,1.3887450106768324,next-7,pass
7,s7-test-15-5,9aa0868ad4dae8c862aa32bf01849b2f,random,3,3,True,1,1.2671592356433712,next-3,pass
7,s7-test-15-5,9aa0868ad4dae8c862aa32bf01849b2f,random,4,4,True,1,0.992860373608625,next-0,pass
7,s7-test-15-6,9aa0868ad4dae8c862aa32bf01849b2f,information_gain,0,0,False,4,1.6565177952876948,,
7,s7-test-15-6,9aa0868ad4dae8c862aa32bf01849b2f,information_gain,1,1,False,4,3.1465400987355046,next-1,pass
7,s7-test-15-6,9aa0868ad4dae8c862aa32bf01849b2f,information_gain,2,2,False,2,2.1269767604158223,next-2,fail
7,s7-test-15-6,9aa0868ad4dae8c862aa32bf01849b2f,information_gain,3,3,True,1,2.2640634173955667,next-4,pass
7,s7-test-15-6,9aa0868ad4dae8c862aa32bf01849b2f,information_gain,4,4,True,1,1.1863577036626274,next-7,fail
7,s7-test-15-6,9aa0868ad4dae8c862aa32bf01849b2f,random,0,0,False,4,1.6565177952876948,,
7,s7-test-15-6,9aa0868ad4dae8c862aa32bf01849b2f,random,1,1,False,4,1.5100666314930438,next-11,pass
7,s7-test-15-6,9aa0868ad4dae8c862aa32bf01849b2f,random,2,2,False,4,2.9519256012529196,next-6,pass
7,s7-test-15-6,9aa0868ad4dae8c862aa32bf01849b2f,random,3,3,False,3,2.546500499214979,next-3,pass
7,s7-test-15-6,9aa0868ad4dae8c862aa32bf01849b2f,random,4,4,True,1,1.1987101869696843,next-7,fail
7,s7-test-15-7,9aa0868ad4dae8c862aa32bf01849b2f,information_gain,0,0,False,6,2.9427710486577667,,
7,s7-test-15-7,9aa0868ad4dae8c862aa32bf01849b2f,information_gain,1,1,False,5,2.6332326117971965,next-7,pass
7,s7-test-15-7,9aa0868ad4dae8c862aa32bf01849b2f,information_gain,2,2,False,4,2.381426624028741,next-10,pass
7,s7-test-15-7,9aa0868ad4dae8c862aa32bf01849b2f,information_gain,3,3,False,3,2.0888746038533896,next-9,pass
7,s7-test-15-7,9aa0868ad4dae8c862aa32bf01849b2f,information_gain,4,4,True,1,0.6309949773869961,next-5,fail
7,s7-test-15-7,9aa0868ad4dae8c862aa32bf01849b2f,random,0,0,False,6,2.9427710486577667,,
7,s7-test-15-7,9aa0868ad4dae8c862aa32bf01849b2f,random,1,1,False,5,2.743511760647315,next-9,pass
7,s7-test-15-7,9aa0868ad4dae8c862aa32bf01849b2f,random,2,2,False,5,2.7339579259858797,next-8,pass
7,s7-test-15-7,9aa0868ad4dae8c862aa32bf01849b2f,random,3,3,False,5,2.674369176968571,next-1,pass
7,s7-test-15-7,9aa0868ad4dae8c862aa32bf01849b2f,random,4,4,False,4,2.440461348720555,next-10,pass
7,s7-test-15-8,9aa0868ad4dae8c862aa32bf01849b2f,information_gain,0,0,False,8,3.220506088552463,,
7,s7-test-15-8,9aa0868ad4dae8c862aa32bf01849b2f,information_gain,1,1,False,6,2.8914095005676357,next-8,pass
7,s7-test-15-8,9aa0868ad4dae8c862aa32bf01849b2f,information_gain,2,2,False,4,2.6031530214073757,next-0,pass
7,s7-test-15-8,9aa0868ad4dae8c862aa32bf01849b2f,information_gain,3,3,False,3,2.348282640203393,next-4,pass
7,s7-test-15-8,9aa0868ad4dae8c862aa32bf01849b2f,information_gain,4,4,False,2,2.1594016265145615,next-5,pass
7,s7-test-15-8,9aa0868ad4dae8c862aa32bf01849b2f,random,0,0,False,8,3.220506088552463,,
7,s7-test-15-8,9aa0868ad4dae8c862aa32bf01849b2f,random,1,1,False,7,3.1106194906807754,next-3,pass
7,s7-test-15-8,9aa0868ad4dae8c862aa32bf01849b2f,random,2,2,False,7,3.0652850393219215,next-11,pass
7,s7-test-15-8,9aa0868ad4dae8c862aa32bf01849b2f,random,3,3,False,7,2.916810821239316,next-7,pass
7,s7-test-15-8,9aa0868ad4dae8c862aa32bf01849b2f,random,4,4,False,6,2.759589670306367,next-6,pass
7,s7-test-15-9,9aa0868ad4dae8c862aa32bf01849b2f,information_gain,0,0,True,1,1.4725307347582286,,
7,s7-test-15-9,9aa0868ad4dae8c862aa32bf01849b2f,information_gain,1,1,True,1,0.16530693218644463,next-0,fail
7,s7-test-15-9,9aa0868ad4dae8c862aa32bf01849b2f,information_gain,2,2,True,1,0.014240612102234405,next-1,fail
7,s7-test-15-9,9aa0868ad4dae8c862aa32bf01849b2f,information_gain,3,3,True,1,0.001582079842134973,next-11,fail
7,s7-test-15-9,9aa0868ad4dae8c862aa32bf01849b2f,information_gain,4,4,True,1,0.00033814588119530995,next-8,fail
7,s7-test-15-9,9aa0868ad4dae8c862aa32bf01849b2f,random,0,0,True,1,1.4725307347582286,,
7,s7-test-15-9,9aa0868ad4dae8c862aa32bf01849b2f,random,1,1,True,1,1.0480508191380407,next-5,pass
7,s7-test-15-9,9aa0868ad4dae8c862aa32bf01849b2f,random,2,2,True,1,0.1604868126408302,next-1,fail
7,s7-test-15-9,9aa0868ad4dae8c862aa32bf01849b2f,random,3,3,True,1,0.15509505053321804,next-9,pass
7,s7-test-15-9,9aa0868ad4dae8c862aa32bf01849b2f,random,4,4,True,1,0.02629877583424326,next-8,fail
7,s7-test-15-10,9aa0868ad4dae8c862aa32bf01849b2f,information_gain,0,0,True,1,2.1097555463884206,,
7,s7-test-15-10,9aa0868ad4dae8c862aa32bf01849b2f,information_gain,1,1,True,1,1.1577212623182636,next-10,fail
7,s7-test-15-10,9aa0868ad4dae8c862aa32bf01849b2f,information_gain,2,2,False,2,0.6889924323612373,next-11,pass
7,s7-test-15-10,9aa0868ad4dae8c862aa32bf01849b2f,information_gain,3,3,True,1,1.439882581804286,next-0,fail
7,s7-test-15-10,9aa0868ad4dae8c862aa32bf01849b2f,information_gain,4,4,True,1,1.0187006540369081,next-2,pass
7,s7-test-15-10,9aa0868ad4dae8c862aa32bf01849b2f,random,0,0,True,1,2.1097555463884206,,
7,s7-test-15-10,9aa0868ad4dae8c862aa32bf01849b2f,random,1,1,True,1,1.846214201594608,next-2,pass
7,s7-test-15-10,9aa0868ad4dae8c862aa32bf01849b2f,random,2,2,True,1,1.835405367729257,next-4,pass
7,s7-test-15-10,9aa0868ad4dae8c862aa32bf01849b2f,random,3,3,True,1,1.759973914471637,next-9,pass
7,s7-test-15-10,9aa0868ad4dae8c862aa32bf01849b2f,random,4,4,True,1,1.5324595444450564,next-3,pass
7,s7-test-15-11,9aa0868ad4dae8c862aa32bf01849b2f,information_gain,0,0,True,1,1.7877047459002953,,
7,s7-test-15-11,9aa0868ad4dae8c862aa32bf01849b2f,information_gain,1,1,True,1,1.3369360268308934,next-0,pass
7,s7-test-15-11,9aa0868ad4dae8c862aa32bf01849b2f,information_gain,2,2,True,1,0.9341517310607496,next-1,pass
7,s7-test-15-11,9aa0868ad4dae8c862aa32bf01849b2f,information_gain,3,3,True,1,0.7897500488349676,next-9,pass
7,s7-test-15-11,9aa0868ad4dae8c862aa32bf01849b2f,information_gain,4,4,True,1,0.7142589846435456,next-10,pass
7,s7-test-15-11,9aa0868ad4dae8c862aa32bf01849b2f,random,0,0,True,1,1.7877047459002953,,
7,s7-test-15-11,9aa0868ad4dae8c862aa32bf01849b2f,random,1,1,True,1,1.552832589075036,next-6,pass
7,s7-test-15-11,9aa0868ad4dae8c862aa32bf01849b2f,random,2,2,True,1,1.378661758664248,next-10,pass
7,s7-test-15-11,9aa0868ad4dae8c862aa32bf01849b2f,random,3,3,True,1,1.2566996423277133,next-9,pass
7,s7-test-15-11,9aa0868ad4dae8c862aa32bf01849b2f,random,4,4,True,1,1.1208976629094096,next-11,pass
7,s7-test-16-0,921a105796c51cf86736d46ce4e25dbd,information_gain,0,0,True,1,0.5361647648264756,,
7,s7-test-16-0,921a105796c51cf86736d46ce4e25dbd,information_gain,1,1,True,1,0.04594466622258278,next-6,fail
7,s7-test-16-0,921a105796c51cf86736d46ce4e25dbd,information_gain,2,2,True,1,0.033773378794552715,next-11,pass
7,s7-test-16-0,921a105796c51cf86736d46ce4e25dbd,information_gain,3,3,True,1,0.02157675161203257,next-3,pass
7,s7-test-16-0,921a105796c51cf86736d46ce4e25dbd,information_gain,4,4,True,1,0.019590008741825378,next-8,pass
7,s7-test-16-0,921a105796c51cf86736d46ce4e25dbd,random,0,0,True,1,0.5361647648264756,,
7,s7-test-16-0,921a105796c51cf86736d46ce4e25dbd,random,1,1,True,1,0.525789649410784,next-1,pass
7,s7-test-16-0,921a105796c51cf86736d46ce4e25dbd,random,2,2,True,1,0.6971593169615948,next-5,fail
7,s7-test-16-0,921a105796c51cf86736d46ce4e25dbd,random,3,3,True,1,0.6772216713776954,next-8,pass
7,s7-test-16-0,921a105796c51cf86736d46ce4e25dbd,random,4,4,True,1,0.04571356788012838,next-6,fail
7,s7-test-16-1,921a105796c51cf86736d46ce4e25dbd,information_gain,0,0,True,1,3.3853053595945273,,
7,s7-test-16-1,921a105796c51cf86736d46ce4e25dbd,information_gain,1,1,True,1,3.179312525156195,next-2,pass
7,s7-test-16-1,921a105796c51cf86736d46ce4e25dbd,information_gain,2,2,True,1,2.9427710486577667,next-3,pass
7,s7-test-16-1,921a105796c51cf86736d46ce4e25dbd,information_gain,3,3,True,1,2.669577878120424,next-5,pass
7,s7-test-16-1,921a105796c51cf86736d46ce4e25dbd,information_gain,4,4,True,1,2.506841237154047,next-7,pass
7,s7-test-16-1,921a105796c51cf86736d46ce4e25dbd,random,0,0,True,1,3.3853053595945273,,
7,s7-test-16-1,921a105796c51cf86736d46ce4e25dbd,random,1,1,True,1,3.179312525156195,next-5,pass
7,s7-test-16-1,921a105796c51cf86736d46ce4e25dbd,random,2,2,True,1,2.9427710486577667,next-2,pass
7,s7-test-16-1,921a105796c51cf86736d46ce4e25dbd,random,3,3,False,2,2.9466177311370565,next-11,fail
7,s7-test-16-1,921a105796c51cf86736d46ce4e25dbd,random,4,4,False,2,2.7993379775465677,next-7,pass
7,s7-test-16-2,921a105796c51cf86736d46ce4e25dbd,information_gain,0,0,False,4,1.6643015585445373,,
7,s7-test-16-2,921a105796c51cf86736d46ce4e25dbd,information_gain,1,1,False,4,3.226382076059062,next-0,pass
7,s7-test-16-2,921a105796c51cf86736d46ce4e25dbd,information_gain,2,2,False,3,3.1570532098642223,next-10,pass
7,s7-test-16-2,921a105796c51cf86736d46ce4e25dbd,information_gain,3,3,False,3,2.945040016633978,next-2,pass
7,s7-test-16-2,921a105796c51cf86736d46ce4e25dbd,information_gain,4,4,False,3,2.755457047951054,next-1,pass
7,s7-test-16-2,921a105796c51cf86736d46ce4e25dbd,random,0,0,False,4,1.6643015585445373,,
7,s7-test-16-2,921a105796c51cf86736d46ce4e25dbd,random,1,1,False,4,1.5523217305918129,next-11,pass
7,s7-test-16-2,921a105796c51cf86736d46ce4e25dbd,random,2,2,False,4,1.4357153517442813,next-4,pass
7,s7-test-16-2,921a105796c51cf86736d46ce4e25dbd,random,3,3,False,3,1.2948444645746722,next-8,pass
7,s7-test-16-2,921a105796c51cf86736d46ce4e25dbd,random,4,4,False,3,2.940172231655503,next-0,pass
7,s7-test-16-3,921a105796c51cf86736d46ce4e25dbd,information_gain,0,0,True,1,0.5257896494107839,,
7,s7-test-16-3,921a105796c51cf86736d46ce4e25dbd,information_gain,1,1,True,1,1.8878881988644245,next-4,pass
7,s7-test-16-3,921a105796c51cf86736d46ce4e25dbd,information_gain,2,2,True,1,1.5299982577645275,next-5,pass
7,s7-test-16-3,921a105796c51cf86736d46ce4e25dbd,information_gain,3,3,True,1,1.1230742888755139,next-0,pass
7,s7-test-16-3,921a105796c51cf86736d46ce4e25dbd,information_gain,4,4,True,1,0.9178250395376663,next-6,pass
7,s7-test-16-3,921a105796c51cf86736d46ce4e25dbd,random,0,0,True,1,0.5257896494107839,,
7,s7-test-16-3,921a105796c51cf86736d46ce4e25dbd,random,1,1,True,1,0.5153952304300573,next-9,pass
7,s7-test-16-3,921a105796c51cf86736d46ce4e25dbd,random,2,2,True,1,0.3502881105389374,next-2,pass
7,s7-test-16-3,921a105796c51cf86736d46ce4e25dbd,random,3,3,True,1,0.3285641783036523,next-10,pass
7,s7-test-16-3,921a105796c51cf86736d46ce4e25dbd,random,4,4,True,1,0.29250314520078347,next-6,pass
7,s7-test-16-4,921a105796c51cf86736d46ce4e25dbd,information_gain,0,0,True,1,1.8558263019913164,,
7,s7-test-16-4,921a105796c51cf86736d46ce4e25dbd,information_gain,1,1,True,1,0.5049814513745922,next-1,fail
7,s7-test-16-4,921a105796c51cf86736d46ce4e25dbd,information_gain,2,2,True,1,0.031683808111259405,next-3,fail
7,s7-test-16-4,921a105796c51cf86736d46ce4e25dbd,information_gain,3,3,True,1,0.019418371072716396,next-2,pass
7,s7-test-16-4,921a105796c51cf86736d46ce4e25dbd,information_gain,4,4,True,1,0.00719236754917478,next-11,pass
7,s7-test-16-4,921a105796c51cf86736d46ce4e25dbd,random,0,0,True,1,1.8558263019913164,,
7,s7-test-16-4,921a105796c51cf86736d46ce4e25dbd,random,1,1,True,1,1.8449509297648798,next-5,pass
7,s7-test-16-4,921a105796c51cf86736d46ce4e25dbd,random,2,2,True,1,0.5037106153249362,next-1,fail
7,s7-test-16-4,921a105796c51cf86736d46ce4e25dbd,random,3,3,True,1,0.32724147565458606,next-11,pass
7,s7-test-16-4,921a105796c51cf86736d46ce4e25dbd,random,4,4,True,1,0.14076465825197143,next-2,pass
7,s7-test-16-5,921a105796c51cf86736d46ce4e25dbd,information_gain,0,0,True,1,0.5257896494107841,,
7,s7-test-16-5,921a105796c51cf86736d46ce4e25dbd,information_gain,1,1,True,1,0.04536550446149373,next-2,fail
7,s7-test-16-5,921a105796c51cf86736d46ce4e25dbd,information_gain,2,2,True,1,0.03319318031138974,next-1,pass
7,s7-test-16-5,921a105796c51cf86736d46ce4e25dbd,information_gain,3,3,True,1,0.021511790595898958,next-0,pass
7,s7-test-16-5,921a105796c51cf86736d46ce4e25dbd,information_gain,4,4,True,1,0.00987187664008353,next-9,pass
7,s7-test-16-5,921a105796c51cf86736d46ce4e25dbd,random,0,0,True,1,0.5257896494107841,,
7,s7-test-16-5,921a105796c51cf86736d46ce4e25dbd,random,1,1,True,1,0.3598028801179852,next-0,pass
7,s7-test-16-5,921a105796c51cf86736d46ce4e25dbd,random,2,2,True,1,0.3272414756545863,next-8,pass
7,s7-test-16-5,921a105796c51cf86736d46ce4e25dbd,random,3,3,True,1,0.3161946670641339,next-5,pass
7,s7-test-16-5,921a105796c51cf86736d46ce4e25dbd,random,4,4,True,1,0.031380454590005935,next-2,fail
7,s7-test-16-6,921a105796c51cf86736d46ce4e25dbd,information_gain,0,0,False,5,3.511136909158394,,
7,s7-test-16-6,921a105796c51cf86736d46ce4e25dbd,information_gain,1,1,False,5,3.220506088552463,next-6,pass
7,s7-test-16-6,921a105796c51cf86736d46ce4e25dbd,information_gain,2,2,False,5,2.9931617019765704,next-1,pass
7,s7-test-16-6,921a105796c51cf86736d46ce4e25dbd,information_gain,3,3,False,3,2.7343473408058396,next-5,pass
7,s7-test-16-6,921a105796c51cf86736d46ce4e25dbd,information_gain,4,4,False,2,2.519600980895654,next-8,pass
7,s7-test-16-6,921a105796c51cf86736d46ce4e25dbd,random,0,0,False,5,3.511136909158394,,
7,s7-test-16-6,921a105796c51cf86736d46ce4e25dbd,random,1,1,False,4,3.420126499829919,next-4,pass
7,s7-test-16-6,921a105796c51cf86736d46ce4e25dbd,random,2,2,False,4,3.220506088552463,next-1,pass
7,s7-test-16-6,921a105796c51cf86736d46ce4e25dbd,random,3,3,True,1,1.435715351744281,next-11,fail
7,s7-test-16-6,921a105796c51cf86736d46ce4e25dbd,random,4,4,True,1,1.4170682720019456,next-0,pass
7,s7-test-16-7,921a105796c51cf86736d46ce4e25dbd,information_gain,0,0,True,1,2.9931617019765704,,
7,s7-test-16-7,921a105796c51cf86736d46ce4e25dbd,information_gain,1,1,True,1,2.8109876794452866,next-3,pass
7,s7-test-16-7,921a105796c51cf86736d46ce4e25dbd,information_gain,2,2,True,1,2.6031530214073757,next-5,pass
7,s7-test-16-7,921a105796c51cf86736d46ce4e25dbd,information_gain,3,3,True,1,2.361703941687004,next-8,pass
7,s7-test-16-7,921a105796c51cf86736d46ce4e25dbd,information_gain,4,4,True,1,2.1594016265145615,next-9,pass
7,s7-test-16-7,921a105796c51cf86736d46ce4e25dbd,random,0,0,True,1,2.9931617019765704,,
7,s7-test-16-7,921a105796c51cf86736d46ce4e25dbd,random,1,1,True,1,2.8109876794452866,next-9,pass
7,s7-test-16-7,921a105796c51cf86736d46ce4e25dbd,random,2,2,True,1,2.6031530214073757,next-8,pass
7,s7-test-16-7,921a105796c51cf86736d46ce4e25dbd,random,3,3,True,1,2.5237318926631165,next-6,pass
7,s7-test-16-7,921a105796c51cf86736d46ce4e25dbd,random,4,4,True,1,2.348282640203393,next-7,pass
7,s7-test-16-8,921a105796c51cf86736d46ce4e25dbd,information_gain,0,0,True,1,1.926883577976516,,
7,s7-test-16-8,921a105796c51cf86736d46ce4e25dbd,information_gain,1,1,True,1,1.7797292467885133,next-0,pass
7,s7-test-16-8,921a105796c51cf86736d46ce4e25dbd,information_gain,2,2,True,1,1.4617687466719784,next-10,pass
7,s7-test-16-8,921a105796c51cf86736d46ce4e25dbd,information_gain,3,3,True,1,1.084000581478466,next-2,pass
7,s7-test-16-8,921a105796c51cf86736d46ce4e25dbd,information_gain,4,4,True,1,0.8025075377618893,next-6,pass
7,s7-test-16-8,921a105796c51cf86736d46ce4e25dbd,random,0,0,True,1,1.926883577976516,,
7,s7-test-16-8,921a105796c51cf86736d46ce4e25dbd,random,1,1,True,1,1.8558263019913164,next-4,pass
7,s7-test-16-8,921a105796c51cf86736d46ce4e25dbd,random,2,2,True,1,1.6736631859293054,next-10,pass
7,s7-test-16-8,921a105796c51cf86736d46ce4e25dbd,random,3,3,True,1,1.563410633931023,next-11,pass
7,s7-test-16-8,921a105796c51cf86736d46ce4e25dbd,random,4,4,True,1,1.430376284943234,next-7,pass
7,s7-test-16-9,921a105796c51cf86736d46ce4e25dbd,information_gain,0,0,True,1,3.420126499829919,,
7,s7-test-16-9,921a105796c51cf86736d46ce4e25dbd,information_gain,1,1,True,1,3.220506088552463,next-11,pass
7,s7-test-16-9,921a105796c51cf86736d46ce4e25dbd,information_gain,2,2,True,1,2.9931617019765704,next-8,pass
7,s7-test-16-9,921a105796c51cf86736d46ce4e25dbd,information_gain,3,3,True,1,2.7343473408058396,next-9,pass
7,s7-test-16-9,921a105796c51cf86736d46ce4e25dbd,information_gain,4,4,True,1,2.519600980895654,next-2,pass
7,s7-test-16-9,921a105796c51cf86736d46ce4e25dbd,random,0,0,True,1,3.420126499829919,,
7,s7-test-16-9,921a105796c51cf86736d46ce4e25dbd,random,1,1,True,1,3.2857141032930897,next-1,pass
7,s7-test-16-9,921a105796c51cf86736d46ce4e25dbd,random,2,2,True,1,3.179312525156195,next-7,pass
7,s7-test-16-9,921a105796c51cf86736d46ce4e25dbd,random,3,3,True,1,3.0652850393219215,next-10,pass
7,s7-test-16-9,921a105796c51cf86736d46ce4e25dbd,random,4,4,True,1,3.0191729099245084,next-3,pass
7,s7-test-16-10,921a105796c51cf86736d46ce4e25dbd,information_gain,0,0,False,3,3.220506088552463,,
7,s7-test-16-10,921a105796c51cf86736d46ce4e25dbd,information_gain,1,1,False,3,2.9931617019765704,next-1,pass
7,s7-test-16-10,921a105796c51cf86736d46ce4e25dbd,information_gain,2,2,False,2,1.5540799414517794,next-6,fail
7,s7-test-16-10,921a105796c51cf86736d46ce4e25dbd,information_gain,3,3,True,1,1.2045766698897138,next-8,pass
7,s7-test-16-10,921a105796c51cf86736d46ce4e25dbd,information_gain,4,4,True,1,0.09086816181345296,next-7,fail
7,s7-test-16-10,921a105796c51cf86736d46ce4e25dbd,random,0,0,False,3,3.220506088552463,,
7,s7-test-16-10,921a105796c51cf86736d46ce4e25dbd,random,1,1,False,3,3.1374821799841657,next-10,pass
7,s7-test-16-10,921a105796c51cf86736d46ce4e25dbd,random,2,2,False,3,3.0949984433210385,next-11,pass
7,s7-test-16-10,921a105796c51cf86736d46ce4e25dbd,random,3,3,True,1,1.379544198954945,next-7,fail
7,s7-test-16-10,921a105796c51cf86736d46ce4e25dbd,random,4,4,True,1,0.2973686986021962,next-6,fail
7,s7-test-16-11,921a105796c51cf86736d46ce4e25dbd,information_gain,0,0,False,6,3.3234558514981316,,
7,s7-test-16-11,921a105796c51cf86736d46ce4e25dbd,information_gain,1,1,False,10,2.9931617019765704,next-5,pass
7,s7-test-16-11,921a105796c51cf86736d46ce4e25dbd,information_gain,2,2,False,10,2.7343473408058396,next-11,pass
7,s7-test-16-11,921a105796c51cf86736d46ce4e25dbd,information_gain,3,3,False,10,1.2045766698897136,next-4,fail
7,s7-test-16-11,921a105796c51cf86736d46ce4e25dbd,information_gain,4,4,False,9,0.9250857410367465,next-2,pass
7,s7-test-16-11,921a105796c51cf86736d46ce4e25dbd,random,0,0,False,6,3.3234558514981316,,
7,s7-test-16-11,921a105796c51cf86736d46ce4e25dbd,random,1,1,False,5,3.220506088552463,next-1,pass
7,s7-test-16-11,921a105796c51cf86736d46ce4e25dbd,random,2,2,False,5,2.9931617019765704,next-9,pass
7,s7-test-16-11,921a105796c51cf86736d46ce4e25dbd,random,3,3,False,4,2.8109876794452866,next-6,pass
7,s7-test-16-11,921a105796c51cf86736d46ce4e25dbd,random,4,4,False,4,2.7530446611228547,next-0,pass
7,s7-test-17-0,2e8c69af1fbf37d7307e047f03e532ad,information_gain,0,0,False,7,3.6577302826960265,,
7,s7-test-17-0,2e8c69af1fbf37d7307e047f03e532ad,information_gain,1,1,False,5,3.3938582137385485,next-2,pass
7,s7-test-17-0,2e8c69af1fbf37d7307e047f03e532ad,information_gain,2,2,False,5,3.2508035097492525,next-8,pass
7,s7-test-17-0,2e8c69af1fbf37d7307e047f03e532ad,information_gain,3,3,False,4,3.098778001704487,next-3,pass
7,s7-test-17-0,2e8c69af1fbf37d7307e047f03e532ad,information_gain,4,4,False,3,2.9683162180357945,next-9,pass
7,s7-test-17-0,2e8c69af1fbf37d7307e047f03e532ad,random,0,0,False,7,3.6577302826960265,,
7,s7-test-17-0,2e8c69af1fbf37d7307e047f03e532ad,random,1,1,False,6,3.54472220480952,next-1,pass
7,s7-test-17-0,2e8c69af1fbf37d7307e047f03e532ad,random,2,2,False,6,3.422135509827007,next-11,pass
7,s7-test-17-0,2e8c69af1fbf37d7307e047f03e532ad,random,3,3,True,1,1.7408930204568838,next-6,fail
7,s7-test-17-0,2e8c69af1fbf37d7307e047f03e532ad,random,4,4,True,1,1.6301431059970715,next-9,pass
7,s7-test-17-1,2e8c69af1fbf37d7307e047f03e532ad,information_gain,0,0,True,1,2.2707762502660613,,
7,s7-test-17-1,2e8c69af1fbf37d7307e047f03e532ad,information_gain,1,1,True,1,0.7388225711108156,next-9,fail
7,s7-test-17-1,2e8c69af1fbf37d7307e047f03e532ad,information_gain,2,2,True,1,0.047802240145518086,next-3,fail
7,s7-test-17-1,2e8c69af1fbf37d7307e047f03e532ad,information_gain,3,3,True,1,0.03620729601275492,next-10,pass
7,s7-test-17-1,2e8c69af1fbf37d7307e047f03e532ad,information_gain,4,4,True,1,0.0344670949077527,next-6,pass
7,s7-test-17-1,2e8c69af1fbf37d7307e047f03e532ad,random,0,0,True,1,2.2707762502660613,,
7,s7-test-17-1,2e8c69af1fbf37d7307e047f03e532ad,random,1,1,True,1,2.076802442698111,next-6,pass
7,s7-test-17-1,2e8c69af1fbf37d7307e047f03e532ad,random,2,2,True,1,0.709115102653929,next-9,fail
7,s7-test-17-1,2e8c69af1fbf37d7307e047f03e532ad,random,3,3,True,1,0.697820366998006,next-5,pass
7,s7-test-17-1,2e8c69af1fbf37d7307e047f03e532ad,random,4,4,True,1,0.045414123495369545,next-3,fail
7,s7-test-17-2,2e8c69af1fbf37d7307e047f03e532ad,information_gain,0,0,True,1,2.370173984874444,,
7,s7-test-17-2,2e8c69af1fbf37d7307e047f03e532ad,information_gain,1,1,True,1,2.1040706585651483,next-5,pass
7,s7-test-17-2,2e8c69af1fbf37d7307e047f03e532ad,information_gain,2,2,True,1,1.9104285625143544,next-0,pass
7,s7-test-17-2,2e8c69af1fbf37d7307e047f03e532ad,information_gain,3,3,True,1,1.701837543945921,next-10,pass
7,s7-test-17-2,2e8c69af1fbf37d7307e047f03e532ad,information_gain,4,4,True,1,1.5734869776914786,next-1,pass
7,s7-test-17-2,2e8c69af1fbf37d7307e047f03e532ad,random,0,0,True,1,2.370173984874444,,
7,s7-test-17-2,2e8c69af1fbf37d7307e047f03e532ad,random,1,1,True,1,2.284474186656226,next-7,pass
7,s7-test-17-2,2e8c69af1fbf37d7307e047f03e532ad,random,2,2,True,1,2.181005870305361,next-8,pass
7,s7-test-17-2,2e8c69af1fbf37d7307e047f03e532ad,random,3,3,True,1,2.088811938467441,next-9,pass
7,s7-test-17-2,2e8c69af1fbf37d7307e047f03e532ad,random,4,4,True,1,1.9616851180672106,next-5,pass
7,s7-test-17-3,2e8c69af1fbf37d7307e047f03e532ad,information_gain,0,0,False,8,3.860274383609585,,
7,s7-test-17-3,2e8c69af1fbf37d7307e047f03e532ad,information_gain,1,1,False,6,3.6340795844359897,next-2,pass
7,s7-test-17-3,2e8c69af1fbf37d7307e047f03e532ad,information_gain,2,2,False,5,3.4281937861283676,next-5,pass
7,s7-test-17-3,2e8c69af1fbf37d7307e047f03e532ad,information_gain,3,3,False,5,3.2289230970294516,next-10,pass
7,s7-test-17-3,2e8c69af1fbf37d7307e047f03e532ad,information_gain,4,4,False,4,3.0745237372816336,next-0,pass
7,s7-test-17-3,2e8c69af1fbf37d7307e047f03e532ad,random,0,0,False,8,3.860274383609585,,
7,s7-test-17-3,2e8c69af1fbf37d7307e047f03e532ad,random,1,1,False,6,3.6340795844359897,next-2,pass
7,s7-test-17-3,2e8c69af1fbf37d7307e047f03e532ad,random,2,2,False,6,3.54472220480952,next-4,pass
7,s7-test-17-3,2e8c69af1fbf37d7307e047f03e532ad,random,3,3,False,5,3.422135509827007,next-6,pass
7,s7-test-17-3,2e8c69af1fbf37d7307e047f03e532ad,random,4,4,False,5,3.3838178081193693,next-7,pass
7,s7-test-17-4,2e8c69af1fbf37d7307e047f03e532ad,information_gain,0,0,True,1,2.3041810281688577,,
7,s7-test-17-4,2e8c69af1fbf37d7307e047f03e532ad,information_gain,1,1,True,1,0.20481948058173122,next-4,fail
7,s7-test-17-4,2e8c69af1fbf37d7307e047f03e532ad,information_gain,2,2,True,1,0.026536696619837173,next-8,fail
7,s7-test-17-4,2e8c69af1fbf37d7307e047f03e532ad,information_gain,3,3,True,1,0.011471547522493528,next-9,pass
7,s7-test-17-4,2e8c69af1fbf37d7307e047f03e532ad,information_gain,4,4,True,1,0.009672270048275762,next-1,pass
7,s7-test-17-4,2e8c69af1fbf37d7307e047f03e532ad,random,0,0,True,1,2.3041810281688577,,
7,s7-test-17-4,2e8c69af1fbf37d7307e047f03e532ad,random,1,1,True,1,2.216148451627508,next-7,pass
7,s7-test-17-4,2e8c69af1fbf37d7307e047f03e532ad,random,2,2,True,1,0.44308945637430924,next-8,fail
7,s7-test-17-4,2e8c69af1fbf37d7307e047f03e532ad,random,3,3,True,1,0.4324296657642963,next-0,pass
7,s7-test-17-4,2e8c69af1fbf37d7307e047f03e532ad,random,4,4,True,1,0.02537491256081889,next-4,fail
7,s7-test-17-5,2e8c69af1fbf37d7307e047f03e532ad,information_gain,0,0,False,2,2.2173646187311755,,
7,s7-test-17-5,2e8c69af1fbf37d7307e047f03e532ad,information_gain,1,1,True,1,2.198055056703673,next-5,pass
7,s7-test-17-5,2e8c69af1fbf37d7307e047f03e532ad,information_gain,2,2,True,1,2.030649587544385,next-4,pass
7,s7-test-17-5,2e8c69af1fbf37d7307e047f03e532ad,information_gain,3,3,True,1,1.831254900350816,next-2,pass
7,s7-test-17-5,2e8c69af1fbf37d7307e047f03e532ad,information_gain,4,4,True,1,1.6914234709320435,next-8,pass
7,s7-test-17-5,2e8c69af1fbf37d7307e047f03e532ad,random,0,0,False,2,2.2173646187311755,,
7,s7-test-17-5,2e8c69af1fbf37d7307e047f03e532ad,random,1,1,False,2,2.076802442698111,next-8,pass
7,s7-test-17-5,2e8c69af1fbf37d7307e047f03e532ad,random,2,2,False,2,1.9988070556115916,next-0,pass
7,s7-test-17-5,2e8c69af1fbf37d7307e047f03e532ad,random,3,3,True,1,1.9669230849907295,next-5,pass
7,s7-test-17-5,2e8c69af1fbf37d7307e047f03e532ad,random,4,4,True,1,1.7658471514551985,next-2,pass
7,s7-test-17-6,2e8c69af1fbf37d7307e047f03e532ad,information_gain,0,0,False,12,3.7583785834209134,,
7,s7-test-17-6,2e8c69af1fbf37d7307e047f03e532ad,information_gain,1,1,False,10,3.5998847171757107,next-6,pass
7,s7-test-17-6,2e8c69af1fbf37d7307e047f03e532ad,information_gain,2,2,False,8,3.422724780656739,next-8,pass
7,s7-test-17-6,2e8c69af1fbf37d7307e047f03e532ad,information_gain,3,3,False,7,3.288559011632857,next-2,pass
7,s7-test-17-6,2e8c69af1fbf37d7307e047f03e532ad,information_gain,4,4,False,6,3.140625352495253,next-3,pass
7,s7-test-17-6,2e8c69af1fbf37d7307e047f03e532ad,random,0,0,False,12,3.7583785834209134,,
7,s7-test-17-6,2e8c69af1fbf37d7307e047f03e532ad,random,1,1,False,11,3.681230743326793,next-7,pass
7,s7-test-17-6,2e8c69af1fbf37d7307e047f03e532ad,random,2,2,False,11,3.6532621996086205,next-10,pass
7,s7-test-17-6,2e8c69af1fbf37d7307e047f03e532ad,random,3,3,False,11,3.570058388446331,next-1,pass
7,s7-test-17-6,2e8c69af1fbf37d7307e047f03e532ad,random,4,4,False,10,3.449618405406149,next-6,pass
7,s7-test-17-7,2e8c69af1fbf37d7307e047f03e532ad,information_gain,0,0,False,2,2.207522581947699,,
7,s7-test-17-7,2e8c69af1fbf37d7307e047f03e532ad,information_gain,1,1,False,2,2.076802442698111,next-1,pass
7,s7-test-17-7,2e8c69af1fbf37d7307e047f03e532ad,information_gain,2,2,False,2,1.9401121195760034,next-2,pass
7,s7-test-17-7,2e8c69af1fbf37d7307e047f03e532ad,information_gain,3,3,False,2,1.8585534567692572,next-4,pass
7,s7-test-17-7,2e8c69af1fbf37d7307e047f03e532ad,information_gain,4,4,False,2,1.7859418762974246,next-10,pass
7,s7-test-17-7,2e8c69af1fbf37d7307e047f03e532ad,random,0,0,False,2,2.207522581947699,,
7,s7-test-17-7,2e8c69af1fbf37d7307e047f03e532ad,random,1,1,False,2,2.1428816426124246,next-10,pass
7,s7-test-17-7,2e8c69af1fbf37d7307e047f03e532ad,random,2,2,False,2,2.0563183648062537,next-3,pass
7,s7-test-17-7,2e8c69af1fbf37d7307e047f03e532ad,random,3,3,False,2,1.918839178008534,next-4,pass
7,s7-test-17-7,2e8c69af1fbf37d7307e047f03e532ad,random,4,4,False,2,1.9081668574626955,next-11,pass
7,s7-test-17-8,2e8c69af1fbf37d7307e047f03e532ad,information_gain,0,0,False,7,3.68566162249752,,
7,s7-test-17-8,2e8c69af1fbf37d7307e047f03e532ad,information_gain,1,1,False,6,3.4870629763289656,next-5,pass
7,s7-test-17-8,2e8c69af1fbf37d7307e047f03e532ad,information_gain,2,2,False,6,3.294558377724558,next-3,pass
7,s7-test-17-8,2e8c69af1fbf37d7307e047f03e532ad,information_gain,3,3,False,6,1.7859418762974244,next-6,fail
7,s7-test-17-8,2e8c69af1fbf37d7307e047f03e532ad,information_gain,4,4,False,6,1.5666626235736076,next-7,pass
7,s7-test-17-8,2e8c69af1fbf37d7307e047f03e532ad,random,0,0,False,7,3.68566162249752,,
7,s7-test-17-8,2e8c69af1fbf37d7307e047f03e532ad,random,1,1,False,7,3.6532621996086205,next-11,pass
7,s7-test-17-8,2e8c69af1fbf37d7307e047f03e532ad,random,2,2,False,7,3.619909666405112,next-4,pass
7,s7-test-17-8,2e8c69af1fbf37d7307e047f03e532ad,random,3,3,False,6,3.438580561866554,next-5,pass
7,s7-test-17-8,2e8c69af1fbf37d7307e047f03e532ad,random,4,4,False,5,3.341495624853999,next-8,pass
7,s7-test-17-9,2e8c69af1fbf37d7307e047f03e532ad,information_gain,0,0,False,11,2.217364618731175,,
7,s7-test-17-9,2e8c69af1fbf37d7307e047f03e532ad,information_gain,1,1,False,9,2.1074000820110976,next-2,pass
7,s7-test-17-9,2e8c69af1fbf37d7307e047f03e532ad,information_gain,2,2,False,9,3.6059674954497143,next-1,pass
7,s7-test-17-9,2e8c69af1fbf37d7307e047f03e532ad,information_gain,3,3,False,8,3.564156603230858,next-7,pass
7,s7-test-17-9,2e8c69af1fbf37d7307e047f03e532ad,information_gain,4,4,False,7,3.5806710399511914,next-3,pass
7,s7-test-17-9,2e8c69af1fbf37d7307e047f03e532ad,random,0,0,False,11,2.217364618731175,,
7,s7-test-17-9,2e8c69af1fbf37d7307e047f03e532ad,random,1,1,False,10,2.198055056703673,next-7,pass
7,s7-test-17-9,2e8c69af1fbf37d7307e047f03e532ad,random,2,2,False,9,2.030649587544385,next-6,pass
7,s7-test-17-9,2e8c69af1fbf37d7307e047f03e532ad,random,3,3,False,8,1.881210540727238,next-2,pass
7,s7-test-17-9,2e8c69af1fbf37d7307e047f03e532ad,random,4,4,False,7,1.775779226243502,next-0,pass
7,s7-test-17-10,2e8c69af1fbf37d7307e047f03e532ad,information_gain,0,0,False,10,3.68566162249752,,
7,s7-test-17-10,2e8c69af1fbf37d7307e047f03e532ad,information_gain,1,1,False,8,3.4870629763289656,next-7,pass
7,s7-test-17-10,2e8c69af1fbf37d7307e047f03e532ad,information_gain,2,2,False,7,3.3535030009349485,next-4,pass
7,s7-test-17-10,2e8c69af1fbf37d7307e047f03e532ad,information_gain,3,3,False,7,3.21252145165587,next-10,pass
7,s7-test-17-10,2e8c69af1fbf37d7307e047f03e532ad,information_gain,4,4,False,6,3.056283216758983,next-5,pass
7,s7-test-17-10,2e8c69af1fbf37d7307e047f03e532ad,random,0,0,False,10,3.68566162249752,,
7,s7-test-17-10,2e8c69af1fbf37d7307e047f03e532ad,random,1,1,False,11,1.993288332086073,next-2,fail
7,s7-test-17-10,2e8c69af1fbf37d7307e047f03e532ad,random,2,2,False,11,1.9616851180672106,next-0,pass
7,s7-test-17-10,2e8c69af1fbf37d7307e047f03e532ad,random,3,3,False,10,1.845268496609232,next-8,pass
7,s7-test-17-10,2e8c69af1fbf37d7307e047f03e532ad,random,4,4,False,10,1.843121128709436,next-9,pass
7,s7-test-17-11,2e8c69af1fbf37d7307e047f03e532ad,information_gain,0,0,False,6,3.68566162249752,,
7,s7-test-17-11,2e8c69af1fbf37d7307e047f03e532ad,information_gain,1,1,False,5,3.4870629763289656,next-0,pass
7,s7-test-17-11,2e8c69af1fbf37d7307e047f03e532ad,information_gain,2,2,False,4,3.256871536637769,next-3,pass
7,s7-test-17-11,2e8c69af1fbf37d7307e047f03e532ad,information_gain,3,3,True,1,1.765847151455198,next-10,fail
7,s7-test-17-11,2e8c69af1fbf37d7307e047f03e532ad,information_gain,4,4,True,1,0.15112241698494602,next-8,fail
7,s7-test-17-11,2e8c69af1fbf37d7307e047f03e532ad,random,0,0,False,6,3.68566162249752,,
7,s7-test-17-11,2e8c69af1fbf37d7307e047f03e532ad,random,1,1,False,5,3.4870629763289656,next-0,pass
7,s7-test-17-11,2e8c69af1fbf37d7307e047f03e532ad,random,2,2,False,4,3.256871536637769,next-3,pass
7,s7-test-17-11,2e8c69af1fbf37d7307e047f03e532ad,random,3,3,False,4,3.21252145165587,next-7,pass
7,s7-test-17-11,2e8c69af1fbf37d7307e047f03e532ad,random,4,4,False,4,3.056283216758983,next-9,pass
7,s7-test-18-0,2e7001dcd306499fb6e11ddc4eac9068,information_gain,0,0,False,3,2.1596378984302076,,
7,s7-test-18-0,2e7001dcd306499fb6e11ddc4eac9068,information_gain,1,1,False,4,1.609287598809485,next-8,pass
7,s7-test-18-0,2e7001dcd306499fb6e11ddc4eac9068,information_gain,2,2,False,2,1.137010442517744,next-3,pass
7,s7-test-18-0,2e7001dcd306499fb6e11ddc4eac9068,information_gain,3,3,False,4,0.8361215975550734,next-2,pass
7,s7-test-18-0,2e7001dcd306499fb6e11ddc4eac9068,information_gain,4,4,False,4,0.5385033144274111,next-6,pass
7,s7-test-18-0,2e7001dcd306499fb6e11ddc4eac9068,random,0,0,False,3,2.1596378984302076,,
7,s7-test-18-0,2e7001dcd306499fb6e11ddc4eac9068,random,1,1,False,4,1.817636835321695,next-2,pass
7,s7-test-18-0,2e7001dcd306499fb6e11ddc4eac9068,random,2,2,False,4,1.7986483721178168,next-10,pass
7,s7-test-18-0,2e7001dcd306499fb6e11ddc4eac9068,random,3,3,False,3,1.4779272685652827,next-11,pass
7,s7-test-18-0,2e7001dcd306499fb6e11ddc4eac9068,random,4,4,False,3,1.4740199609735143,next-9,pass
7,s7-test-18-1,2e7001dcd306499fb6e11ddc4eac9068,information_gain,0,0,False,2,1.5355481717257067,,
7,s7-test-18-1,2e7001dcd306499fb6e11ddc4eac9068,information_gain,1,1,True,1,0.6373135877523503,next-0,fail
7,s7-test-18-1,2e7001dcd306499fb6e11ddc4eac9068,information_gain,2,2,True,1,0.04597377126028166,next-4,fail
7,s7-test-18-1,2e7001dcd306499fb6e11ddc4eac9068,information_gain,3,3,True,1,0.002410318284477077,next-10,fail
7,s7-test-18-1,2e7001dcd306499fb6e11ddc4eac9068,information_gain,4,4,True,1,0.000974718197161973,next-11,pass
7,s7-test-18-1,2e7001dcd306499fb6e11ddc4eac9068,random,0,0,False,2,1.5355481717257067,,
7,s7-test-18-1,2e7001dcd306499fb6e11ddc4eac9068,random,1,1,True,1,0.28078610653427094,next-4,fail
7,s7-test-18-1,2e7001dcd306499fb6e11ddc4eac9068,random,2,2,True,1,0.04597377126028166,next-0,fail
7,s7-test-18-1,2e7001dcd306499fb6e11ddc4eac9068,random,3,3,True,1,0.032129717062348497,next-7,fail
7,s7-test-18-1,2e7001dcd306499fb6e11ddc4eac9068,random,4,4,True,1,0.03140807367224123,next-2,fail
7,s7-test-18-2,2e7001dcd306499fb6e11ddc4eac9068,information_gain,0,0,False,2,1.825764071681859,,
7,s7-test-18-2,2e7001dcd306499fb6e11ddc4eac9068,information_gain,1,1,True,1,0.7956676094411617,next-2,fail
7,s7-test-18-2,2e7001dcd306499fb6e11ddc4eac9068,information_gain,2,2,True,1,0.08524048938984242,next-8,fail
7,s7-test-18-2,2e7001dcd306499fb6e11ddc4eac9068,information_gain,3,3,True,1,0.027133095329681618,next-9,pass
7,s7-test-18-2,2e7001dcd306499fb6e11ddc4eac9068,information_gain,4,4,True,1,0.007052961073302133,next-11,fail
7,s7-test-18-2,2e7001dcd306499fb6e11ddc4eac9068,random,0,0,False,2,1.825764071681859,,
7,s7-test-18-2,2e7001dcd306499fb6e11ddc4eac9068,random,1,1,True,1,0.7956676094411617,next-2,fail
7,s7-test-18-2,2e7001dcd306499fb6e11ddc4eac9068,random,2,2,True,1,0.7464593069724514,next-3,pass
7,s7-test-18-2,2e7001dcd306499fb6e11ddc4eac9068,random,3,3,True,1,0.08191143130806615,next-8,fail
7,s7-test-18-2,2e7001dcd306499fb6e11ddc4eac9068,random,4,4,True,1,0.05529450771485205,next-1,pass
7,s7-test-18-3,2e7001dcd306499fb6e11ddc4eac9068,information_gain,0,0,True,1,1.8021617707026643,,
7,s7-test-18-3,2e7001dcd306499fb6e11ddc4eac9068,information_gain,1,1,True,1,1.1902871024561108,next-5,pass
7,s7-test-18-3,2e7001dcd306499fb6e11ddc4eac9068,information_gain,2,2,True,1,0.597911511033396,next-10,pass
7,s7-test-18-3,2e7001dcd306499fb6e11ddc4eac9068,information_gain,3,3,True,1,0.21109721191032765,next-6,pass
7,s7-test-18-3,2e7001dcd306499fb6e11ddc4eac9068,information_gain,4,4,True,1,0.152614511165922,next-8,pass
7,s7-test-18-3,2e7001dcd306499fb6e11ddc4eac9068,random,0,0,True,1,1.8021617707026643,,
7,s7-test-18-3,2e7001dcd306499fb6e11ddc4eac9068,random,1,1,True,1,1.659230973666509,next-9,pass
7,s7-test-18-3,2e7001dcd306499fb6e11ddc4eac9068,random,2,2,True,1,1.1846411160404553,next-8,pass
7,s7-test-18-3,2e7001dcd306499fb6e11ddc4eac9068,random,3,3,True,1,1.6758853056194472,next-0,fail
7,s7-test-18-3,2e7001dcd306499fb6e11ddc4eac9068,random,4,4,True,1,0.7333415306055462,next-6,pass
7,s7-test-18-4,2e7001dcd306499fb6e11ddc4eac9068,information_gain,0,0,False,3,2.0089179604430276,,
7,s7-test-18-4,2e7001dcd306499fb6e11ddc4eac9068,information_gain,1,1,False,5,1.1174491279339713,next-11,fail
7,s7-test-18-4,2e7001dcd306499fb6e11ddc4eac9068,information_gain,2,2,False,4,1.931716566204649,next-6,fail
7,s7-test-18-4,2e7001dcd306499fb6e11ddc4eac9068,information_gain,3,3,False,2,1.3360650680763277,next-3,fail
7,s7-test-18-4,2e7001dcd306499fb6e11ddc4eac9068,information_gain,4,4,True,1,0.25466669054310437,next-1,fail
7,s7-test-18-4,2e7001dcd306499fb6e11ddc4eac9068,random,0,0,False,3,2.0089179604430276,,
7,s7-test-18-4,2e7001dcd306499fb6e11ddc4eac9068,random,1,1,False,3,1.8982796454056754,next-2,pass
7,s7-test-18-4,2e7001dcd306499fb6e11ddc4eac9068,random,2,2,False,3,1.8413302484425178,next-10,pass
7,s7-test-18-4,2e7001dcd306499fb6e11ddc4eac9068,random,3,3,True,1,1.093517786168429,next-5,pass
7,s7-test-18-4,2e7001dcd306499fb6e11ddc4eac9068,random,4,4,True,1,0.5221665837945705,next-6,fail
7,s7-test-18-5,2e7001dcd306499fb6e11ddc4eac9068,information_gain,0,0,False,4,2.508327069684321,,
7,s7-test-18-5,2e7001dcd306499fb6e11ddc4eac9068,information_gain,1,1,False,3,1.912575058055237,next-3,pass
7,s7-test-18-5,2e7001dcd306499fb6e11ddc4eac9068,information_gain,2,2,False,2,1.3462713226477034,next-5,pass
7,s7-test-18-5,2e7001dcd306499fb6e11ddc4eac9068,information_gain,3,3,True,1,0.3808633910030665,next-10,fail
7,s7-test-18-5,2e7001dcd306499fb6e11ddc4eac9068,information_gain,4,4,True,1,0.023510828275937708,next-6,fail
7,s7-test-18-5,2e7001dcd306499fb6e11ddc4eac9068,random,0,0,False,4,2.508327069684321,,
7,s7-test-18-5,2e7001dcd306499fb6e11ddc4eac9068,random,1,1,False,3,2.1451069953006496,next-7,pass
7,s7-test-18-5,2e7001dcd306499fb6e11ddc4eac9068,random,2,2,True,1,0.6414905744131669,next-6,fail
7,s7-test-18-5,2e7001dcd306499fb6e11ddc4eac9068,random,3,3,True,1,0.6183909922574312,next-11,pass
7,s7-test-18-5,2e7001dcd306499fb6e11ddc4eac9068,random,4,4,True,1,0.048111509781965774,next-10,fail
7,s7-test-18-6,2e7001dcd306499fb6e11ddc4eac9068,information_gain,0,0,True,1,2.3320469413699563,,
7,s7-test-18-6,2e7001dcd306499fb6e11ddc4eac9068,information_gain,1,1,True,1,1.8021617707026645,next-2,pass
7,s7-test-18-6,2e7001dcd306499fb6e11ddc4eac9068,information_gain,2,2,True,1,1.4540725430045303,next-7,pass
7,s7-test-18-6,2e7001dcd306499fb6e11ddc4eac9068,information_gain,3,3,True,1,0.7111853805300125,next-8,pass
7,s7-test-18-6,2e7001dcd306499fb6e11ddc4eac9068,information_gain,4,4,True,1,0.3400259338292892,next-10,pass
7,s7-test-18-6,2e7001dcd306499fb6e11ddc4eac9068,random,0,0,True,1,2.3320469413699563,,
7,s7-test-18-6,2e7001dcd306499fb6e11ddc4eac9068,random,1,1,True,1,2.1596378984302076,next-3,pass
7,s7-test-18-6,2e7001dcd306499fb6e11ddc4eac9068,random,2,2,True,1,1.8176368353216947,next-4,pass
7,s7-test-18-6,2e7001dcd306499fb6e11ddc4eac9068,random,3,3,True,1,1.2727477850655862,next-7,pass
7,s7-test-18-6,2e7001dcd306499fb6e11ddc4eac9068,random,4,4,True,1,0.9856607158140369,next-1,pass
7,s7-test-18-7,2e7001dcd306499fb6e11ddc4eac9068,information_gain,0,0,True,1,1.6455009325004664,,
7,s7-test-18-7,2e7001dcd306499fb6e11ddc4eac9068,information_gain,1,1,True,1,0.8020308263639209,next-7,pass
7,s7-test-18-7,2e7001dcd306499fb6e11ddc4eac9068,information_gain,2,2,True,1,0.1819008735432508,next-0,fail
7,s7-test-18-7,2e7001dcd306499fb6e11ddc4eac9068,information_gain,3,3,True,1,0.05028367484046973,next-9,pass
7,s7-test-18-7,2e7001dcd306499fb6e11ddc4eac9068,information_gain,4,4,True,1,0.015224314284133266,next-11,fail
7,s7-test-18-7,2e7001dcd306499fb6e11ddc4eac9068,random,0,0,True,1,1.6455009325004664,,
7,s7-test-18-7,2e7001dcd306499fb6e11ddc4eac9068,random,1,1,True,1,1.1387473080509998,next-2,fail
7,s7-test-18-7,2e7001dcd306499fb6e11ddc4eac9068,random,2,2,True,1,0.29603925335688486,next-11,fail
7,s7-test-18-7,2e7001dcd306499fb6e11ddc4eac9068,random,3,3,True,1,0.11977907400192732,next-4,pass
7,s7-test-18-7,2e7001dcd306499fb6e11ddc4eac9068,random,4,4,True,1,0.10834659858859723,next-10,pass
7,s7-test-18-8,2e7001dcd306499fb6e11ddc4eac9068,information_gain,0,0,True,1,0.27422655377092214,,
7,s7-test-18-8,2e7001dcd306499fb6e11ddc4eac9068,information_gain,1,1,True,1,0.08543002857578316,next-9,pass
7,s7-test-18-8,2e7001dcd306499fb6e11ddc4eac9068,information_gain,2,2,True,1,0.016896237784038266,next-6,fail
7,s7-test-18-8,2e7001dcd306499fb6e11ddc4eac9068,information_gain,3,3,True,1,0.004665719472510322,next-8,pass
7,s7-test-18-8,2e7001dcd306499fb6e11ddc4eac9068,information_gain,4,4,True,1,0.0017987065411431506,next-1,fail
7,s7-test-18-8,2e7001dcd306499fb6e11ddc4eac9068,random,0,0,True,1,0.27422655377092214,,
7,s7-test-18-8,2e7001dcd306499fb6e11ddc4eac9068,random,1,1,True,1,0.23788677319597273,next-10,fail
7,s7-test-18-8,2e7001dcd306499fb6e11ddc4eac9068,random,2,2,True,1,0.22470255894211205,next-4,fail
7,s7-test-18-8,2e7001dcd306499fb6e11ddc4eac9068,random,3,3,True,1,0.033635807988056585,next-9,pass
7,s7-test-18-8,2e7001dcd306499fb6e11ddc4eac9068,random,4,4,True,1,0.03360961066466599,next-7,pass
7,s7-test-18-9,2e7001dcd306499fb6e11ddc4eac9068,information_gain,0,0,False,4,1.8756986038613546,,
7,s7-test-18-9,2e7001dcd306499fb6e11ddc4eac9068,information_gain,1,1,False,2,0.8256052904378794,next-4,fail
7,s7-test-18-9,2e7001dcd306499fb6e11ddc4eac9068,information_gain,2,2,True,1,1.044180230564765,next-6,fail
7,s7-test-18-9,2e7001dcd306499fb6e11ddc4eac9068,information_gain,3,3,True,1,0.9355790903966391,next-8,pass
7,s7-test-18-9,2e7001dcd306499fb6e11ddc4eac9068,information_gain,4,4,True,1,1.312253098640889,next-1,pass
7,s7-test-18-9,2e7001dcd306499fb6e11ddc4eac9068,random,0,0,False,4,1.8756986038613546,,
7,s7-test-18-9,2e7001dcd306499fb6e11ddc4eac9068,random,1,1,False,3,1.6059398103958185,next-2,pass
7,s7-test-18-9,2e7001dcd306499fb6e11ddc4eac9068,random,2,2,False,3,1.451579445136847,next-11,pass
7,s7-test-18-9,2e7001dcd306499fb6e11ddc4eac9068,random,3,3,False,3,1.4480721382686839,next-10,pass
7,s7-test-18-9,2e7001dcd306499fb6e11ddc4eac9068,random,4,4,False,3,1.2515060404363854,next-8,pass
7,s7-test-18-10,2e7001dcd306499fb6e11ddc4eac9068,information_gain,0,0,False,3,2.3320469413699563,,
7,s7-test-18-10,2e7001dcd306499fb6e11ddc4eac9068,information_gain,1,1,False,2,1.6592309736665087,next-10,pass
7,s7-test-18-10,2e7001dcd306499fb6e11ddc4eac9068,information_gain,2,2,True,1,0.7780187621791117,next-4,fail
7,s7-test-18-10,2e7001dcd306499fb6e11ddc4eac9068,information_gain,3,3,True,1,0.05529450771485202,next-7,fail
7,s7-test-18-10,2e7001dcd306499fb6e11ddc4eac9068,information_gain,4,4,True,1,0.006839267498064531,next-11,fail
7,s7-test-18-10,2e7001dcd306499fb6e11ddc4eac9068,random,0,0,False,3,2.3320469413699563,,
7,s7-test-18-10,2e7001dcd306499fb6e11ddc4eac9068,random,1,1,True,1,0.6828860234852722,next-7,fail
7,s7-test-18-10,2e7001dcd306499fb6e11ddc4eac9068,random,2,2,True,1,0.9951976279001238,next-9,fail
7,s7-test-18-10,2e7001dcd306499fb6e11ddc4eac9068,random,3,3,True,1,0.8344902619701593,next-3,pass
7,s7-test-18-10,2e7001dcd306499fb6e11ddc4eac9068,random,4,4,True,1,0.0931429654489057,next-11,fail
7,s7-test-18-11,2e7001dcd306499fb6e11ddc4eac9068,information_gain,0,0,False,2,1.338247890143121,,
7,s7-test-18-11,2e7001dcd306499fb6e11ddc4eac9068,information_gain,1,1,True,1,0.9657535482635984,next-8,pass
7,s7-test-18-11,2e7001dcd306499fb6e11ddc4eac9068,information_gain,2,2,True,1,0.0716053446611607,next-10,fail
7,s7-test-18-11,2e7001dcd306499fb6e11ddc4eac9068,information_gain,3,3,True,1,0.016206215319933284,next-0,fail
7,s7-test-18-11,2e7001dcd306499fb6e11ddc4eac9068,information_gain,4,4,True,1,0.003974470851391685,next-5,pass
7,s7-test-18-11,2e7001dcd306499fb6e11ddc4eac9068,random,0,0,False,2,1.338247890143121,,
7,s7-test-18-11,2e7001dcd306499fb6e11ddc4eac9068,random,1,1,False,2,1.0213078474307453,next-9,fail
7,s7-test-18-11,2e7001dcd306499fb6e11ddc4eac9068,random,2,2,False,2,1.0073470236308613,next-4,fail
7,s7-test-18-11,2e7001dcd306499fb6e11ddc4eac9068,random,3,3,False,2,1.0007084175917225,next-2,fail
7,s7-test-18-11,2e7001dcd306499fb6e11ddc4eac9068,random,4,4,False,2,1.0004169703546013,next-7,pass
7,s7-test-19-0,3f42f8e50ca63c578f3eaafe5d40aca0,information_gain,0,0,False,3,3.860274383609585,,
7,s7-test-19-0,3f42f8e50ca63c578f3eaafe5d40aca0,information_gain,1,1,True,1,2.5748745758841167,next-7,fail
7,s7-test-19-0,3f42f8e50ca63c578f3eaafe5d40aca0,information_gain,2,2,True,1,1.3770124324785304,next-4,fail
7,s7-test-19-0,3f42f8e50ca63c578f3eaafe5d40aca0,information_gain,3,3,False,2,0.9144614080889735,next-11,pass
7,s7-test-19-0,3f42f8e50ca63c578f3eaafe5d40aca0,information_gain,4,4,False,2,2.262032397876488,next-5,pass
7,s7-test-19-0,3f42f8e50ca63c578f3eaafe5d40aca0,random,0,0,False,3,3.860274383609585,,
7,s7-test-19-0,3f42f8e50ca63c578f3eaafe5d40aca0,random,1,1,False,3,3.7133128232312083,next-0,pass
7,s7-test-19-0,3f42f8e50ca63c578f3eaafe5d40aca0,random,2,2,False,3,3.604614935887673,next-9,pass
7,s7-test-19-0,3f42f8e50ca63c578f3eaafe5d40aca0,random,3,3,False,3,3.3317320486757813,next-8,pass
7,s7-test-19-0,3f42f8e50ca63c578f3eaafe5d40aca0,random,4,4,False,3,3.294558377724558,next-5,pass
7,s7-test-19-1,3f42f8e50ca63c578f3eaafe5d40aca0,information_gain,0,0,False,11,3.860274383609585,,
7,s7-test-19-1,3f42f8e50ca63c578f3eaafe5d40aca0,information_gain,1,1,False,17,3.68566162249752,next-1,pass
7,s7-test-19-1,3f42f8e50ca63c578f3eaafe5d40aca0,information_gain,2,2,False,17,3.518961676759537,next-6,pass
7,s7-test-19-1,3f42f8e50ca63c578f3eaafe5d40aca0,information_gain,3,3,False,16,3.3317320486757818,next-7,pass
7,s7-test-19-1,3f42f8e50ca63c578f3eaafe5d40aca0,information_gain,4,4,False,15,3.1818415540010077,next-10,pass
7,s7-test-19-1,3f42f8e50ca63c578f3eaafe5d40aca0,random,0,0,False,11,3.860274383609585,,
7,s7-test-19-1,3f42f8e50ca63c578f3eaafe5d40aca0,random,1,1,False,2,2.3495292145059663,next-8,fail
7,s7-test-19-1,3f42f8e50ca63c578f3eaafe5d40aca0,random,2,2,False,3,3.798070455686206,next-1,pass
7,s7-test-19-1,3f42f8e50ca63c578f3eaafe5d40aca0,random,3,3,True,1,3.7553294979027325,next-4,pass
7,s7-test-19-1,3f42f8e50ca63c578f3eaafe5d40aca0,random,4,4,True,1,3.624497666570391,next-10,pass
7,s7-test-19-2,3f42f8e50ca63c578f3eaafe5d40aca0,information_gain,0,0,False,12,2.2804438728782923,,
7,s7-test-19-2,3f42f8e50ca63c578f3eaafe5d40aca0,information_gain,1,1,False,10,2.1834376420942947,next-1,pass
7,s7-test-19-2,3f42f8e50ca63c578f3eaafe5d40aca0,information_gain,2,2,False,17,3.493629720991008,next-5,pass
7,s7-test-19-2,3f42f8e50ca63c578f3eaafe5d40aca0,information_gain,3,3,False,16,3.408522719315569,next-8,pass
7,s7-test-19-2,3f42f8e50ca63c578f3eaafe5d40aca0,information_gain,4,4,False,14,3.1669389599502504,next-6,pass
7,s7-test-19-2,3f42f8e50ca63c578f3eaafe5d40aca0,random,0,0,False,12,2.2804438728782923,,
7,s7-test-19-2,3f42f8e50ca63c578f3eaafe5d40aca0,random,1,1,False,11,2.1529039144540687,next-10,pass
7,s7-test-19-2,3f42f8e50ca63c578f3eaafe5d40aca0,random,2,2,False,11,2.0768024426981113,next-7,pass
7,s7-test-19-2,3f42f8e50ca63c578f3eaafe5d40aca0,random,3,3,False,10,3.493629720991008,next-8,pass
7,s7-test-19-2,3f42f8e50ca63c578f3eaafe5d40aca0,random,4,4,False,7,3.2424328889007645,next-1,pass
7,s7-test-19-3,3f42f8e50ca63c578f3eaafe5d40aca0,information_gain,0,0,False,2,2.217364618731175,,
7,s7-test-19-3,3f42f8e50ca63c578f3eaafe5d40aca0,information_gain,1,1,True,1,0.7546535503074646,next-10,fail
7,s7-test-19-3,3f42f8e50ca63c578f3eaafe5d40aca0,information_gain,2,2,True,1,0.07765143880948291,next-1,fail
7,s7-test-19-3,3f42f8e50ca63c578f3eaafe5d40aca0,information_gain,3,3,True,1,0.02781584913270609,next-11,pass
7,s7-test-19-3,3f42f8e50ca63c578f3eaafe5d40aca0,information_gain,4,4,True,1,0.007100892138300866,next-7,fail
7,s7-test-19-3,3f42f8e50ca63c578f3eaafe5d40aca0,random,0,0,False,2,2.217364618731175,,
7,s7-test-19-3,3f42f8e50ca63c578f3eaafe5d40aca0,random,1,1,False,2,2.207522581947699,next-0,pass
7,s7-test-19-3,3f42f8e50ca63c578f3eaafe5d40aca0,random,2,2,False,2,2.00923139002853,next-8,pass
7,s7-test-19-3,3f42f8e50ca63c578f3eaafe5d40aca0,random,3,3,True,1,0.57929632003514,next-7,fail
7,s7-test-19-3,3f42f8e50ca63c578f3eaafe5d40aca0,random,4,4,True,1,0.06490747579877496,next-1,fail
7,s7-test-19-4,3f42f8e50ca63c578f3eaafe5d40aca0,information_gain,0,0,False,8,3.971867153709734,,
7,s7-test-19-4,3f42f8e50ca63c578f3eaafe5d40aca0,information_gain,1,1,False,5,3.68566162249752,next-1,pass
7,s7-test-19-4,3f42f8e50ca63c578f3eaafe5d40aca0,information_gain,2,2,False,3,3.4281937861283676,next-6,pass
7,s7-test-19-4,3f42f8e50ca63c578f3eaafe5d40aca0,information_gain,3,3,False,15,3.2224423333832184,next-8,pass
7,s7-test-19-4,3f42f8e50ca63c578f3eaafe5d40aca0,information_gain,4,4,False,12,2.9757716881227005,next-9,pass
7,s7-test-19-4,3f42f8e50ca63c578f3eaafe5d40aca0,random,0,0,False,8,3.971867153709734,,
7,s7-test-19-4,3f42f8e50ca63c578f3eaafe5d40aca0,random,1,1,False,5,3.7625457274387952,next-10,pass
7,s7-test-19-4,3f42f8e50ca63c578f3eaafe5d40aca0,random,2,2,False,5,3.68566162249752,next-0,pass
7,s7-test-19-4,3f42f8e50ca63c578f3eaafe5d40aca0,random,3,3,False,3,3.4281937861283676,next-2,pass
7,s7-test-19-4,3f42f8e50ca63c578f3eaafe5d40aca0,random,4,4,False,3,3.294558377724558,next-7,pass
7,s7-test-19-5,3f42f8e50ca63c578f3eaafe5d40aca0,information_gain,0,0,False,11,3.6577302826960265,,
7,s7-test-19-5,3f42f8e50ca63c578f3eaafe5d40aca0,information_gain,1,1,False,8,3.3938582137385485,next-3,pass
7,s7-test-19-5,3f42f8e50ca63c578f3eaafe5d40aca0,information_gain,2,2,False,6,3.1472689899256467,next-10,pass
7,s7-test-19-5,3f42f8e50ca63c578f3eaafe5d40aca0,information_gain,3,3,False,5,2.983214621368693,next-2,pass
7,s7-test-19-5,3f42f8e50ca63c578f3eaafe5d40aca0,information_gain,4,4,False,4,2.7980826894795796,next-5,pass
7,s7-test-19-5,3f42f8e50ca63c578f3eaafe5d40aca0,random,0,0,False,11,3.6577302826960265,,
7,s7-test-19-5,3f42f8e50ca63c578f3eaafe5d40aca0,random,1,1,False,9,3.4870629763289656,next-4,pass
7,s7-test-19-5,3f42f8e50ca63c578f3eaafe5d40aca0,random,2,2,False,7,3.294558377724558,next-2,pass
7,s7-test-19-5,3f42f8e50ca63c578f3eaafe5d40aca0,random,3,3,False,6,3.105505930709562,next-3,pass
7,s7-test-19-5,3f42f8e50ca63c578f3eaafe5d40aca0,random,4,4,False,5,2.983214621368693,next-8,pass
7,s7-test-19-6,3f42f8e50ca63c578f3eaafe5d40aca0,information_gain,0,0,False,2,2.4026488720132524,,
7,s7-test-19-6,3f42f8e50ca63c578f3eaafe5d40aca0,information_gain,1,1,True,1,2.452482369169787,next-2,pass
7,s7-test-19-6,3f42f8e50ca63c578f3eaafe5d40aca0,information_gain,2,2,True,1,2.198055056703673,next-0,pass
7,s7-test-19-6,3f42f8e50ca63c578f3eaafe5d40aca0,information_gain,3,3,True,1,2.0135331375474173,next-5,pass
7,s7-test-19-6,3f42f8e50ca63c578f3eaafe5d40aca0,information_gain,4,4,True,1,1.8153659972010197,next-6,pass
7,s7-test-19-6,3f42f8e50ca63c578f3eaafe5d40aca0,random,0,0,False,2,2.4026488720132524,,
7,s7-test-19-6,3f42f8e50ca63c578f3eaafe5d40aca0,random,1,1,False,2,2.2173646187311755,next-10,pass
7,s7-test-19-6,3f42f8e50ca63c578f3eaafe5d40aca0,random,2,2,False,2,2.132837806700772,next-4,pass
7,s7-test-19-6,3f42f8e50ca63c578f3eaafe5d40aca0,random,3,3,False,2,2.066571573221708,next-9,pass
7,s7-test-19-6,3f42f8e50ca63c578f3eaafe5d40aca0,random,4,4,False,2,2.065257430014793,next-8,pass
7,s7-test-19-7,3f42f8e50ca63c578f3eaafe5d40aca0,information_gain,0,0,False,8,3.7625457274387952,,
7,s7-test-19-7,3f42f8e50ca63c578f3eaafe5d40aca0,information_gain,1,1,False,6,3.5189616767595373,next-5,pass
7,s7-test-19-7,3f42f8e50ca63c578f3eaafe5d40aca0,information_gain,2,2,False,4,3.294558377724558,next-2,pass
7,s7-test-19-7,3f42f8e50ca63c578f3eaafe5d40aca0,information_gain,3,3,False,3,3.0672846619261778,next-9,pass
7,s7-test-19-7,3f42f8e50ca63c578f3eaafe5d40aca0,information_gain,4,4,False,2,2.8934380574906498,next-3,pass
7,s7-test-19-7,3f42f8e50ca63c578f3eaafe5d40aca0,random,0,0,False,8,3.7625457274387952,,
7,s7-test-19-7,3f42f8e50ca63c578f3eaafe5d40aca0,random,1,1,False,7,3.657730282696027,next-10,pass
7,s7-test-19-7,3f42f8e50ca63c578f3eaafe5d40aca0,random,2,2,False,6,3.539906338552191,next-4,pass
7,s7-test-19-7,3f42f8e50ca63c578f3eaafe5d40aca0,random,3,3,False,4,3.2508035097492525,next-5,pass
7,s7-test-19-7,3f42f8e50ca63c578f3eaafe5d40aca0,random,4,4,False,3,3.014561361936558,next-9,pass
7,s7-test-19-8,3f42f8e50ca63c578f3eaafe5d40aca0,information_gain,0,0,True,1,3.604614935887673,,
7,s7-test-19-8,3f42f8e50ca63c578f3eaafe5d40aca0,information_gain,1,1,True,1,3.3883322017115747,next-1,pass
7,s7-test-19-8,3f42f8e50ca63c578f3eaafe5d40aca0,information_gain,2,2,True,1,3.250010087757553,next-8,pass
7,s7-test-19-8,3f42f8e50ca63c578f3eaafe5d40aca0,information_gain,3,3,True,1,3.097898341325528,next-10,pass
7,s7-test-19-8,3f42f8e50ca63c578f3eaafe5d40aca0,information_gain,4,4,False,2,1.3993440479943713,next-4,fail
7,s7-test-19-8,3f42f8e50ca63c578f3eaafe5d40aca0,random,0,0,True,1,3.604614935887673,,
7,s7-test-19-8,3f42f8e50ca63c578f3eaafe5d40aca0,random,1,1,True,1,3.54472220480952,next-3,pass
7,s7-test-19-8,3f42f8e50ca63c578f3eaafe5d40aca0,random,2,2,True,1,3.449618405406149,next-0,pass
7,s7-test-19-8,3f42f8e50ca63c578f3eaafe5d40aca0,random,3,3,False,2,1.755592627932164,next-4,fail
7,s7-test-19-8,3f42f8e50ca63c578f3eaafe5d40aca0,random,4,4,False,2,1.647606376602147,next-5,pass
7,s7-test-19-9,3f42f8e50ca63c578f3eaafe5d40aca0,information_gain,0,0,False,11,3.574831077775013,,
7,s7-test-19-9,3f42f8e50ca63c578f3eaafe5d40aca0,information_gain,1,1,False,9,3.359087122464538,next-10,pass
7,s7-test-19-9,3f42f8e50ca63c578f3eaafe5d40aca0,information_gain,2,2,False,11,2.1018984442834188,next-4,fail
7,s7-test-19-9,3f42f8e50ca63c578f3eaafe5d40aca0,information_gain,3,3,False,11,3.4782397873263053,next-7,pass
7,s7-test-19-9,3f42f8e50ca63c578f3eaafe5d40aca0,information_gain,4,4,False,9,3.3576895111162623,next-2,pass
7,s7-test-19-9,3f42f8e50ca63c578f3eaafe5d40aca0,random,0,0,False,11,3.574831077775013,,
7,s7-test-19-9,3f42f8e50ca63c578f3eaafe5d40aca0,random,1,1,False,10,3.4547900453165283,next-9,pass
7,s7-test-19-9,3f42f8e50ca63c578f3eaafe5d40aca0,random,2,2,False,10,3.4169131570559577,next-5,pass
7,s7-test-19-9,3f42f8e50ca63c578f3eaafe5d40aca0,random,3,3,False,10,3.373251174833561,next-0,pass
7,s7-test-19-9,3f42f8e50ca63c578f3eaafe5d40aca0,random,4,4,False,9,3.2695767137054306,next-8,pass
7,s7-test-19-10,3f42f8e50ca63c578f3eaafe5d40aca0,information_gain,0,0,True,1,3.634079584435989,,
7,s7-test-19-10,3f42f8e50ca63c578f3eaafe5d40aca0,information_gain,1,1,True,1,3.4281937861283676,next-7,pass
7,s7-test-19-10,3f42f8e50ca63c578f3eaafe5d40aca0,information_gain,2,2,True,1,3.2289230970294516,next-0,pass
7,s7-test-19-10,3f42f8e50ca63c578f3eaafe5d40aca0,information_gain,3,3,True,1,3.0013601429620214,next-11,pass
7,s7-test-19-10,3f42f8e50ca63c578f3eaafe5d40aca0,information_gain,4,4,True,1,2.7631034609150293,next-5,pass
7,s7-test-19-10,3f42f8e50ca63c578f3eaafe5d40aca0,random,0,0,True,1,3.634079584435989,,
7,s7-test-19-10,3f42f8e50ca63c578f3eaafe5d40aca0,random,1,1,True,1,3.462102863387202,next-11,pass
7,s7-test-19-10,3f42f8e50ca63c578f3eaafe5d40aca0,random,2,2,True,1,3.3938582137385485,next-3,pass
7,s7-test-19-10,3f42f8e50ca63c578f3eaafe5d40aca0,random,3,3,True,1,3.2508035097492525,next-9,pass
7,s7-test-19-10,3f42f8e50ca63c578f3eaafe5d40aca0,random,4,4,True,1,3.014561361936558,next-7,pass
7,s7-test-19-11,3f42f8e50ca63c578f3eaafe5d40aca0,information_gain,0,0,True,1,3.7012326627196988,,
7,s7-test-19-11,3f42f8e50ca63c578f3eaafe5d40aca0,information_gain,1,1,True,1,3.444440758205737,next-6,pass
7,s7-test-19-11,3f42f8e50ca63c578f3eaafe5d40aca0,information_gain,2,2,True,1,3.200219710031756,next-11,pass
7,s7-test-19-11,3f42f8e50ca63c578f3eaafe5d40aca0,information_gain,3,3,True,1,3.042623453054767,next-10,pass
7,s7-test-19-11,3f42f8e50ca63c578f3eaafe5d40aca0,information_gain,4,4,True,1,2.911721589409489,next-3,pass
7,s7-test-19-11,3f42f8e50ca63c578f3eaafe5d40aca0,random,0,0,True,1,3.7012326627196988,,
7,s7-test-19-11,3f42f8e50ca63c578f3eaafe5d40aca0,random,1,1,True,1,3.7662229503249,next-7,fail
7,s7-test-19-11,3f42f8e50ca63c578f3eaafe5d40aca0,random,2,2,True,1,3.6811772850855213,next-1,pass
7,s7-test-19-11,3f42f8e50ca63c578f3eaafe5d40aca0,random,3,3,True,1,3.5846129169732004,next-2,pass
7,s7-test-19-11,3f42f8e50ca63c578f3eaafe5d40aca0,random,4,4,True,1,3.4967476383591274,next-5,pass
7,s7-test-20-0,8bdbf95439da37765698d5c3ff3dcb26,information_gain,0,0,False,6,3.198740955625568,,
7,s7-test-20-0,8bdbf95439da37765698d5c3ff3dcb26,information_gain,1,1,True,1,1.7357879179011337,next-5,fail
7,s7-test-20-0,8bdbf95439da37765698d5c3ff3dcb26,information_gain,2,2,True,1,1.6488174613064916,next-0,pass
7,s7-test-20-0,8bdbf95439da37765698d5c3ff3dcb26,information_gain,3,3,True,1,1.559484133536921,next-9,pass
7,s7-test-20-0,8bdbf95439da37765698d5c3ff3dcb26,information_gain,4,4,True,1,1.476636197992901,next-1,pass
7,s7-test-20-0,8bdbf95439da37765698d5c3ff3dcb26,random,0,0,False,6,3.198740955625568,,
7,s7-test-20-0,8bdbf95439da37765698d5c3ff3dcb26,random,1,1,False,5,3.0407764333245404,next-0,pass
7,s7-test-20-0,8bdbf95439da37765698d5c3ff3dcb26,random,2,2,False,5,1.3380862943904566,next-7,fail
7,s7-test-20-0,8bdbf95439da37765698d5c3ff3dcb26,random,3,3,False,5,1.3189954773559682,next-2,pass
7,s7-test-20-0,8bdbf95439da37765698d5c3ff3dcb26,random,4,4,False,5,1.1878963395957804,next-11,pass
7,s7-test-20-1,8bdbf95439da37765698d5c3ff3dcb26,information_gain,0,0,False,3,3.503420333110622,,
7,s7-test-20-1,8bdbf95439da37765698d5c3ff3dcb26,information_gain,1,1,False,3,3.3153605873464698,next-6,pass
7,s7-test-20-1,8bdbf95439da37765698d5c3ff3dcb26,information_gain,2,2,True,1,1.9681091838864477,next-8,fail
7,s7-test-20-1,8bdbf95439da37765698d5c3ff3dcb26,information_gain,3,3,True,1,1.7505002470811186,next-10,pass
7,s7-test-20-1,8bdbf95439da37765698d5c3ff3dcb26,information_gain,4,4,True,1,1.6260906214237099,next-9,pass
7,s7-test-20-1,8bdbf95439da37765698d5c3ff3dcb26,random,0,0,False,3,3.503420333110622,,
7,s7-test-20-1,8bdbf95439da37765698d5c3ff3dcb26,random,1,1,False,3,3.4706766567056304,next-4,pass
7,s7-test-20-1,8bdbf95439da37765698d5c3ff3dcb26,random,2,2,False,3,3.277041155711225,next-9,pass
7,s7-test-20-1,8bdbf95439da37765698d5c3ff3dcb26,random,3,3,False,3,3.2381723704169505,next-0,pass
7,s7-test-20-1,8bdbf95439da37765698d5c3ff3dcb26,random,4,4,False,3,3.198740955625568,next-5,pass
7,s7-test-20-2,8bdbf95439da37765698d5c3ff3dcb26,information_gain,0,0,False,12,3.7484927402799215,,
7,s7-test-20-2,8bdbf95439da37765698d5c3ff3dcb26,information_gain,1,1,False,9,3.4121974469530745,next-0,pass
7,s7-test-20-2,8bdbf95439da37765698d5c3ff3dcb26,information_gain,2,2,False,7,3.1279120909784877,next-4,pass
7,s7-test-20-2,8bdbf95439da37765698d5c3ff3dcb26,information_gain,3,3,False,5,2.8816212297236707,next-10,pass
7,s7-test-20-2,8bdbf95439da37765698d5c3ff3dcb26,information_gain,4,4,False,4,2.6730293204784665,next-7,pass
7,s7-test-20-2,8bdbf95439da37765698d5c3ff3dcb26,random,0,0,False,12,3.7484927402799215,,
7,s7-test-20-2,8bdbf95439da37765698d5c3ff3dcb26,random,1,1,False,10,3.5895644886957223,next-10,pass
7,s7-test-20-2,8bdbf95439da37765698d5c3ff3dcb26,random,2,2,False,10,1.983498102826967,next-6,fail
7,s7-test-20-2,8bdbf95439da37765698d5c3ff3dcb26,random,3,3,False,9,3.2736440737658703,next-0,pass
7,s7-test-20-2,8bdbf95439da37765698d5c3ff3dcb26,random,4,4,False,8,3.1641013971320957,next-1,pass
7,s7-test-20-3,8bdbf95439da37765698d5c3ff3dcb26,information_gain,0,0,False,7,3.528179711926497,,
7,s7-test-20-3,8bdbf95439da37765698d5c3ff3dcb26,information_gain,1,1,False,3,2.4214223188977093,next-4,fail
7,s7-test-20-3,8bdbf95439da37765698d5c3ff3dcb26,information_gain,2,2,True,1,2.117147848968574,next-5,pass
7,s7-test-20-3,8bdbf95439da37765698d5c3ff3dcb26,information_gain,3,3,True,1,0.5520154660307526,next-9,fail
7,s7-test-20-3,8bdbf95439da37765698d5c3ff3dcb26,information_gain,4,4,True,1,0.25862133546044475,next-6,fail
7,s7-test-20-3,8bdbf95439da37765698d5c3ff3dcb26,random,0,0,False,7,3.528179711926497,,
7,s7-test-20-3,8bdbf95439da37765698d5c3ff3dcb26,random,1,1,False,6,3.4375363269409562,next-2,pass
7,s7-test-20-3,8bdbf95439da37765698d5c3ff3dcb26,random,2,2,False,3,2.3800624115107705,next-4,fail
7,s7-test-20-3,8bdbf95439da37765698d5c3ff3dcb26,random,3,3,False,3,2.3670047733355406,next-11,pass
7,s7-test-20-3,8bdbf95439da37765698d5c3ff3dcb26,random,4,4,False,3,2.3241860417715814,next-3,pass
7,s7-test-20-4,8bdbf95439da37765698d5c3ff3dcb26,information_gain,0,0,False,3,2.812178798375051,,
7,s7-test-20-4,8bdbf95439da37765698d5c3ff3dcb26,information_gain,1,1,True,1,2.5201315994725277,next-4,pass
7,s7-test-20-4,8bdbf95439da37765698d5c3ff3dcb26,information_gain,2,2,True,1,0.9506887540172576,next-11,fail
7,s7-test-20-4,8bdbf95439da37765698d5c3ff3dcb26,information_gain,3,3,True,1,0.06951906911665888,next-6,fail
7,s7-test-20-4,8bdbf95439da37765698d5c3ff3dcb26,information_gain,4,4,True,1,0.04084819440356063,next-8,pass
7,s7-test-20-4,8bdbf95439da37765698d5c3ff3dcb26,random,0,0,False,3,2.812178798375051,,
7,s7-test-20-4,8bdbf95439da37765698d5c3ff3dcb26,random,1,1,False,3,2.647887981663761,next-2,pass
7,s7-test-20-4,8bdbf95439da37765698d5c3ff3dcb26,random,2,2,False,2,2.4837334669372146,next-1,pass
7,s7-test-20-4,8bdbf95439da37765698d5c3ff3dcb26,random,3,3,False,2,2.3842858381901286,next-7,pass
7,s7-test-20-4,8bdbf95439da37765698d5c3ff3dcb26,random,4,4,False,2,2.3349150131250473,next-9,pass
7,s7-test-20-5,8bdbf95439da37765698d5c3ff3dcb26,information_gain,0,0,True,1,2.2633402849955373,,
7,s7-test-20-5,8bdbf95439da37765698d5c3ff3dcb26,information_gain,1,1,True,1,1.270143236094643,next-1,fail
7,s7-test-20-5,8bdbf95439da37765698d5c3ff3dcb26,information_gain,2,2,True,1,0.25383874795596617,next-8,fail
7,s7-test-20-5,8bdbf95439da37765698d5c3ff3dcb26,information_gain,3,3,True,1,0.07555545942686089,next-4,pass
7,s7-test-20-5,8bdbf95439da37765698d5c3ff3dcb26,information_gain,4,4,True,1,0.016386079038238195,next-10,fail
7,s7-test-20-5,8bdbf95439da37765698d5c3ff3dcb26,random,0,0,True,1,2.2633402849955373,,
7,s7-test-20-5,8bdbf95439da37765698d5c3ff3dcb26,random,1,1,True,1,2.2046024037874274,next-11,pass
7,s7-test-20-5,8bdbf95439da37765698d5c3ff3dcb26,random,2,2,True,1,0.6939482037668336,next-10,fail
7,s7-test-20-5,8bdbf95439da37765698d5c3ff3dcb26,random,3,3,True,1,0.6839827125768718,next-7,pass
7,s7-test-20-5,8bdbf95439da37765698d5c3ff3dcb26,random,4,4,True,1,0.6739992267891206,next-6,pass
7,s7-test-20-6,8bdbf95439da37765698d5c3ff3dcb26,information_gain,0,0,False,4,2.8704614411988603,,
7,s7-test-20-6,8bdbf95439da37765698d5c3ff3dcb26,information_gain,1,1,False,2,2.6023828721713755,next-3,pass
7,s7-test-20-6,8bdbf95439da37765698d5c3ff3dcb26,information_gain,2,2,True,1,1.050119173365906,next-11,fail
7,s7-test-20-6,8bdbf95439da37765698d5c3ff3dcb26,information_gain,3,3,True,1,0.9024523270355498,next-0,pass
7,s7-test-20-6,8bdbf95439da37765698d5c3ff3dcb26,information_gain,4,4,True,1,0.7572007868456473,next-8,pass
7,s7-test-20-6,8bdbf95439da37765698d5c3ff3dcb26,random,0,0,False,4,2.8704614411988603,,
7,s7-test-20-6,8bdbf95439da37765698d5c3ff3dcb26,random,1,1,False,4,2.7029246666871503,next-0,pass
7,s7-test-20-6,8bdbf95439da37765698d5c3ff3dcb26,random,2,2,False,4,2.635235161342961,next-2,pass
7,s7-test-20-6,8bdbf95439da37765698d5c3ff3dcb26,random,3,3,False,2,2.3244288112680294,next-3,pass
7,s7-test-20-6,8bdbf95439da37765698d5c3ff3dcb26,random,4,4,False,2,2.2676228971696566,next-1,pass
7,s7-test-20-7,8bdbf95439da37765698d5c3ff3dcb26,information_gain,0,0,False,3,2.355625871719883,,
7,s7-test-20-7,8bdbf95439da37765698d5c3ff3dcb26,information_gain,1,1,True,1,2.3132947914279924,next-5,pass
7,s7-test-20-7,8bdbf95439da37765698d5c3ff3dcb26,information_gain,2,2,True,1,1.8860375257680861,next-7,pass
7,s7-test-20-7,8bdbf95439da37765698d5c3ff3dcb26,information_gain,3,3,True,1,1.5457237784833684,next-11,pass
7,s7-test-20-7,8bdbf95439da37765698d5c3ff3dcb26,information_gain,4,4,True,1,1.3685702686066574,next-1,pass
7,s7-test-20-7,8bdbf95439da37765698d5c3ff3dcb26,random,0,0,False,3,2.355625871719883,,
7,s7-test-20-7,8bdbf95439da37765698d5c3ff3dcb26,random,1,1,False,3,2.1969029532507744,next-8,pass
7,s7-test-20-7,8bdbf95439da37765698d5c3ff3dcb26,random,2,2,False,2,1.9733262912528124,next-3,pass
7,s7-test-20-7,8bdbf95439da37765698d5c3ff3dcb26,random,3,3,False,2,1.8327985626651682,next-6,pass
7,s7-test-20-7,8bdbf95439da37765698d5c3ff3dcb26,random,4,4,False,2,1.5995750722671807,next-1,pass
7,s7-test-20-8,8bdbf95439da37765698d5c3ff3dcb26,information_gain,0,0,True,1,2.2473530332950804,,
7,s7-test-20-8,8bdbf95439da37765698d5c3ff3dcb26,information_gain,1,1,True,1,2.1505977856871272,next-9,pass
7,s7-test-20-8,8bdbf95439da37765698d5c3ff3dcb26,information_gain,2,2,True,1,0.21916124260190914,next-8,fail
7,s7-test-20-8,8bdbf95439da37765698d5c3ff3dcb26,information_gain,3,3,True,1,0.1819229264991,next-10,pass
7,s7-test-20-8,8bdbf95439da37765698d5c3ff3dcb26,information_gain,4,4,True,1,0.14652642524474635,next-1,pass
7,s7-test-20-8,8bdbf95439da37765698d5c3ff3dcb26,random,0,0,True,1,2.2473530332950804,,
7,s7-test-20-8,8bdbf95439da37765698d5c3ff3dcb26,random,1,1,True,1,2.118346527460766,next-11,pass
7,s7-test-20-8,8bdbf95439da37765698d5c3ff3dcb26,random,2,2,True,1,2.0413705836728155,next-4,pass
7,s7-test-20-8,8bdbf95439da37765698d5c3ff3dcb26,random,3,3,True,1,1.961115220904877,next-3,pass
7,s7-test-20-8,8bdbf95439da37765698d5c3ff3dcb26,random,4,4,True,1,1.8800096666658883,next-6,pass
7,s7-test-20-9,8bdbf95439da37765698d5c3ff3dcb26,information_gain,0,0,True,1,2.2650406832032566,,
7,s7-test-20-9,8bdbf95439da37765698d5c3ff3dcb26,information_gain,1,1,True,1,1.2721967455371237,next-3,fail
7,s7-test-20-9,8bdbf95439da37765698d5c3ff3dcb26,information_gain,2,2,True,1,0.879302915966949,next-11,pass
7,s7-test-20-9,8bdbf95439da37765698d5c3ff3dcb26,information_gain,3,3,True,1,0.25862133546044475,next-0,fail
7,s7-test-20-9,8bdbf95439da37765698d5c3ff3dcb26,information_gain,4,4,True,1,0.08008772426215097,next-10,pass
7,s7-test-20-9,8bdbf95439da37765698d5c3ff3dcb26,random,0,0,True,1,2.2650406832032566,,
7,s7-test-20-9,8bdbf95439da37765698d5c3ff3dcb26,random,1,1,True,1,1.9985198809287932,next-1,pass
7,s7-test-20-9,8bdbf95439da37765698d5c3ff3dcb26,random,2,2,True,1,1.862499328444669,next-6,pass
7,s7-test-20-9,8bdbf95439da37765698d5c3ff3dcb26,random,3,3,True,1,1.7154960122948926,next-10,pass
7,s7-test-20-9,8bdbf95439da37765698d5c3ff3dcb26,random,4,4,True,1,1.574592826913946,next-7,pass
7,s7-test-20-10,8bdbf95439da37765698d5c3ff3dcb26,information_gain,0,0,False,3,3.5895644886957223,,
7,s7-test-20-10,8bdbf95439da37765698d5c3ff3dcb26,information_gain,1,1,False,3,3.277041155711225,next-4,pass
7,s7-test-20-10,8bdbf95439da37765698d5c3ff3dcb26,information_gain,2,2,True,1,1.7581388296634002,next-6,fail
7,s7-test-20-10,8bdbf95439da37765698d5c3ff3dcb26,information_gain,3,3,True,1,0.30876545092680524,next-0,fail
7,s7-test-20-10,8bdbf95439da37765698d5c3ff3dcb26,information_gain,4,4,True,1,0.2868752617129681,next-9,pass
7,s7-test-20-10,8bdbf95439da37765698d5c3ff3dcb26,random,0,0,False,3,3.5895644886957223,,
7,s7-test-20-10,8bdbf95439da37765698d5c3ff3dcb26,random,1,1,False,3,3.4706766567056304,next-11,pass
7,s7-test-20-10,8bdbf95439da37765698d5c3ff3dcb26,random,2,2,False,3,3.198740955625568,next-4,pass
7,s7-test-20-10,8bdbf95439da37765698d5c3ff3dcb26,random,3,3,False,3,3.084692709693204,next-3,pass
7,s7-test-20-10,8bdbf95439da37765698d5c3ff3dcb26,random,4,4,False,3,2.961587673609911,next-1,pass
7,s7-test-20-11,8bdbf95439da37765698d5c3ff3dcb26,information_gain,0,0,True,1,3.503420333110622,,
7,s7-test-20-11,8bdbf95439da37765698d5c3ff3dcb26,information_gain,1,1,True,1,3.2381723704169505,next-0,pass
7,s7-test-20-11,8bdbf95439da37765698d5c3ff3dcb26,information_gain,2,2,True,1,3.001739849766469,next-9,pass
7,s7-test-20-11,8bdbf95439da37765698d5c3ff3dcb26,information_gain,3,3,True,1,2.8194105942733247,next-11,pass
7,s7-test-20-11,8bdbf95439da37765698d5c3ff3dcb26,information_gain,4,4,True,1,2.610771089575604,next-2,pass
7,s7-test-20-11,8bdbf95439da37765698d5c3ff3dcb26,random,0,0,True,1,3.503420333110622,,
7,s7-test-20-11,8bdbf95439da37765698d5c3ff3dcb26,random,1,1,True,1,3.4706766567056304,next-7,pass
7,s7-test-20-11,8bdbf95439da37765698d5c3ff3dcb26,random,2,2,True,1,3.2381723704169505,next-9,pass
7,s7-test-20-11,8bdbf95439da37765698d5c3ff3dcb26,random,3,3,True,1,3.084692709693204,next-11,pass
7,s7-test-20-11,8bdbf95439da37765698d5c3ff3dcb26,random,4,4,True,1,2.8281463437252286,next-2,pass
7,s7-test-21-0,d880151cfdcfc57ee556884a346a18e4,information_gain,0,0,False,3,3.4775273960814217,,
7,s7-test-21-0,d880151cfdcfc57ee556884a346a18e4,information_gain,1,1,False,2,3.180958516181757,next-10,pass
7,s7-test-21-0,d880151cfdcfc57ee556884a346a18e4,information_gain,2,2,False,2,2.9731127002777016,next-3,pass
7,s7-test-21-0,d880151cfdcfc57ee556884a346a18e4,information_gain,3,3,True,1,1.4760044729403576,next-7,fail
7,s7-test-21-0,d880151cfdcfc57ee556884a346a18e4,information_gain,4,4,True,1,2.9337516221632405,next-5,pass
7,s7-test-21-0,d880151cfdcfc57ee556884a346a18e4,random,0,0,False,3,3.4775273960814217,,
7,s7-test-21-0,d880151cfdcfc57ee556884a346a18e4,random,1,1,False,2,3.3485960689579,next-1,pass
7,s7-test-21-0,d880151cfdcfc57ee556884a346a18e4,random,2,2,False,2,3.246796733655882,next-0,pass
7,s7-test-21-0,d880151cfdcfc57ee556884a346a18e4,random,3,3,False,2,2.973112700277701,next-10,pass
7,s7-test-21-0,d880151cfdcfc57ee556884a346a18e4,random,4,4,False,3,3.1480092274455624,next-9,fail
7,s7-test-21-1,d880151cfdcfc57ee556884a346a18e4,information_gain,0,0,False,3,3.384672305136537,,
7,s7-test-21-1,d880151cfdcfc57ee556884a346a18e4,information_gain,1,1,False,3,3.0943529476245084,next-5,pass
7,s7-test-21-1,d880151cfdcfc57ee556884a346a18e4,information_gain,2,2,False,2,1.6512110439602103,next-10,fail
7,s7-test-21-1,d880151cfdcfc57ee556884a346a18e4,information_gain,3,3,False,2,1.4555212192492806,next-11,pass
7,s7-test-21-1,d880151cfdcfc57ee556884a346a18e4,information_gain,4,4,True,1,1.3902246890073024,next-7,fail
7,s7-test-21-1,d880151cfdcfc57ee556884a346a18e4,random,0,0,False,3,3.384672305136537,,
7,s7-test-21-1,d880151cfdcfc57ee556884a346a18e4,random,1,1,False,11,3.138003968156398,next-11,pass
7,s7-test-21-1,d880151cfdcfc57ee556884a346a18e4,random,2,2,False,11,3.0872661359310314,next-8,pass
7,s7-test-21-1,d880151cfdcfc57ee556884a346a18e4,random,3,3,False,9,2.9148456413765165,next-1,pass
7,s7-test-21-1,d880151cfdcfc57ee556884a346a18e4,random,4,4,False,8,2.864581741093077,next-9,pass
7,s7-test-21-2,d880151cfdcfc57ee556884a346a18e4,information_gain,0,0,False,2,2.3087010601182807,,
7,s7-test-21-2,d880151cfdcfc57ee556884a346a18e4,information_gain,1,1,True,1,2.0751608156509396,next-4,pass
7,s7-test-21-2,d880151cfdcfc57ee556884a346a18e4,information_gain,2,2,True,1,0.371038068551468,next-8,fail
7,s7-test-21-2,d880151cfdcfc57ee556884a346a18e4,information_gain,3,3,True,1,0.16059914083119334,next-1,pass
7,s7-test-21-2,d880151cfdcfc57ee556884a346a18e4,information_gain,4,4,True,1,0.024317273752770867,next-0,fail
7,s7-test-21-2,d880151cfdcfc57ee556884a346a18e4,random,0,0,False,2,2.3087010601182807,,
7,s7-test-21-2,d880151cfdcfc57ee556884a346a18e4,random,1,1,True,1,0.582706173743831,next-8,fail
7,s7-test-21-2,d880151cfdcfc57ee556884a346a18e4,random,2,2,True,1,0.40978405093366516,next-11,pass
7,s7-test-21-2,d880151cfdcfc57ee556884a346a18e4,random,3,3,True,1,0.3352590923565433,next-4,pass
7,s7-test-21-2,d880151cfdcfc57ee556884a346a18e4,random,4,4,True,1,0.32437463890517937,next-6,pass
7,s7-test-21-3,d880151cfdcfc57ee556884a346a18e4,information_gain,0,0,False,2,3.44412911415473,,
7,s7-test-21-3,d880151cfdcfc57ee556884a346a18e4,information_gain,1,1,False,2,3.2005666536818826,next-0,pass
7,s7-test-21-3,d880151cfdcfc57ee556884a346a18e4,information_gain,2,2,True,1,1.7255644494365312,next-11,fail
7,s7-test-21-3,d880151cfdcfc57ee556884a346a18e4,information_gain,3,3,True,1,0.33158415914706846,next-3,fail
7,s7-test-21-3,d880151cfdcfc57ee556884a346a18e4,information_gain,4,4,True,1,0.29554508158730036,next-4,pass
7,s7-test-21-3,d880151cfdcfc57ee556884a346a18e4,random,0,0,False,2,3.44412911415473,,
7,s7-test-21-3,d880151cfdcfc57ee556884a346a18e4,random,1,1,False,2,3.3120353784713337,next-4,pass
7,s7-test-21-3,d880151cfdcfc57ee556884a346a18e4,random,2,2,False,2,3.166617886633438,next-10,pass
7,s7-test-21-3,d880151cfdcfc57ee556884a346a18e4,random,3,3,True,1,1.715746633321201,next-11,fail
7,s7-test-21-3,d880151cfdcfc57ee556884a346a18e4,random,4,4,True,1,0.3066353843351919,next-3,fail
7,s7-test-21-4,d880151cfdcfc57ee556884a346a18e4,information_gain,0,0,False,8,3.404881111461859,,
7,s7-test-21-4,d880151cfdcfc57ee556884a346a18e4,information_gain,1,1,False,7,3.194121400213545,next-1,pass
7,s7-test-21-4,d880151cfdcfc57ee556884a346a18e4,information_gain,2,2,True,1,1.7241341189279002,next-6,fail
7,s7-test-21-4,d880151cfdcfc57ee556884a346a18e4,information_gain,3,3,True,1,1.6368135232270926,next-2,pass
7,s7-test-21-4,d880151cfdcfc57ee556884a346a18e4,information_gain,4,4,True,1,1.5471137210870953,next-9,pass
7,s7-test-21-4,d880151cfdcfc57ee556884a346a18e4,random,0,0,False,8,3.404881111461859,,
7,s7-test-21-4,d880151cfdcfc57ee556884a346a18e4,random,1,1,False,7,3.305369922944577,next-3,pass
7,s7-test-21-4,d880151cfdcfc57ee556884a346a18e4,random,2,2,False,6,3.193277452959761,next-7,pass
7,s7-test-21-4,d880151cfdcfc57ee556884a346a18e4,random,3,3,False,6,3.152724768024681,next-5,pass
7,s7-test-21-4,d880151cfdcfc57ee556884a346a18e4,random,4,4,False,6,3.0697769642347965,next-11,pass
7,s7-test-21-5,d880151cfdcfc57ee556884a346a18e4,information_gain,0,0,False,7,3.3120353784713337,,
7,s7-test-21-5,d880151cfdcfc57ee556884a346a18e4,information_gain,1,1,False,6,3.125628081133358,next-1,pass
7,s7-test-21-5,d880151cfdcfc57ee556884a346a18e4,information_gain,2,2,False,5,2.959026606398506,next-8,pass
7,s7-test-21-5,d880151cfdcfc57ee556884a346a18e4,information_gain,3,3,False,4,2.797899743117023,next-4,pass
7,s7-test-21-5,d880151cfdcfc57ee556884a346a18e4,information_gain,4,4,False,4,2.643649817342334,next-10,pass
7,s7-test-21-5,d880151cfdcfc57ee556884a346a18e4,random,0,0,False,7,3.3120353784713337,,
7,s7-test-21-5,d880151cfdcfc57ee556884a346a18e4,random,1,1,False,7,3.306141079835258,next-2,pass
7,s7-test-21-5,d880151cfdcfc57ee556884a346a18e4,random,2,2,False,6,3.1601028551047907,next-0,pass
7,s7-test-21-5,d880151cfdcfc57ee556884a346a18e4,random,3,3,False,5,3.042803244148113,next-11,pass
7,s7-test-21-5,d880151cfdcfc57ee556884a346a18e4,random,4,4,False,4,2.8656463867361865,next-8,pass
7,s7-test-21-6,d880151cfdcfc57ee556884a346a18e4,information_gain,0,0,False,11,2.0231990798742836,,
7,s7-test-21-6,d880151cfdcfc57ee556884a346a18e4,information_gain,1,1,False,11,2.0020644556503395,next-10,pass
7,s7-test-21-6,d880151cfdcfc57ee556884a346a18e4,information_gain,2,2,False,3,2.499825949853905,next-2,fail
7,s7-test-21-6,d880151cfdcfc57ee556884a346a18e4,information_gain,3,3,True,1,0.8797053481213462,next-0,fail
7,s7-test-21-6,d880151cfdcfc57ee556884a346a18e4,information_gain,4,4,True,1,0.2547820646227917,next-11,fail
7,s7-test-21-6,d880151cfdcfc57ee556884a346a18e4,random,0,0,False,11,2.0231990798742836,,
7,s7-test-21-6,d880151cfdcfc57ee556884a346a18e4,random,1,1,False,4,2.653435429948991,next-2,fail
7,s7-test-21-6,d880151cfdcfc57ee556884a346a18e4,random,2,2,False,4,2.619472675606605,next-1,pass
7,s7-test-21-6,d880151cfdcfc57ee556884a346a18e4,random,3,3,False,4,2.614460613100184,next-6,pass
7,s7-test-21-6,d880151cfdcfc57ee556884a346a18e4,random,4,4,False,3,2.453613746376732,next-10,pass
7,s7-test-21-7,d880151cfdcfc57ee556884a346a18e4,information_gain,0,0,False,6,3.3485960689579,,
7,s7-test-21-7,d880151cfdcfc57ee556884a346a18e4,information_gain,1,1,False,5,3.0943529476245084,next-3,pass
7,s7-test-21-7,d880151cfdcfc57ee556884a346a18e4,information_gain,2,2,False,4,2.915895500381935,next-2,pass
7,s7-test-21-7,d880151cfdcfc57ee556884a346a18e4,information_gain,3,3,False,3,2.7689221513277698,next-6,pass
7,s7-test-21-7,d880151cfdcfc57ee556884a346a18e4,information_gain,4,4,True,1,1.061190294628698,next-10,fail
7,s7-test-21-7,d880151cfdcfc57ee556884a346a18e4,random,0,0,False,6,3.3485960689579,,
7,s7-test-21-7,d880151cfdcfc57ee556884a346a18e4,random,1,1,False,5,3.2467967336558816,next-5,pass
7,s7-test-21-7,d880151cfdcfc57ee556884a346a18e4,random,2,2,False,4,2.9731127002777016,next-3,pass
7,s7-test-21-7,d880151cfdcfc57ee556884a346a18e4,random,3,3,False,4,2.8656463867361865,next-8,pass
7,s7-test-21-7,d880151cfdcfc57ee556884a346a18e4,random,4,4,False,4,2.813372863141645,next-6,pass
7,s7-test-21-8,d880151cfdcfc57ee556884a346a18e4,information_gain,0,0,True,1,3.4775273960814217,,
7,s7-test-21-8,d880151cfdcfc57ee556884a346a18e4,information_gain,1,1,True,1,3.2467967336558816,next-0,pass
7,s7-test-21-8,d880151cfdcfc57ee556884a346a18e4,information_gain,2,2,True,1,3.0214412626582674,next-3,pass
7,s7-test-21-8,d880151cfdcfc57ee556884a346a18e4,information_gain,3,3,True,1,2.7870112534896556,next-10,pass
7,s7-test-21-8,d880151cfdcfc57ee556884a346a18e4,information_gain,4,4,True,1,2.573470968437788,next-2,pass
7,s7-test-21-8,d880151cfdcfc57ee556884a346a18e4,random,0,0,True,1,3.4775273960814217,,
7,s7-test-21-8,d880151cfdcfc57ee556884a346a18e4,random,1,1,True,1,3.2467967336558816,next-7,pass
7,s7-test-21-8,d880151cfdcfc57ee556884a346a18e4,random,2,2,True,1,3.2070025164433096,next-11,pass
7,s7-test-21-8,d880151cfdcfc57ee556884a346a18e4,random,3,3,True,1,2.973112700277701,next-3,pass
7,s7-test-21-8,d880151cfdcfc57ee556884a346a18e4,random,4,4,True,1,2.8737731153531074,next-1,pass
7,s7-test-21-9,d880151cfdcfc57ee556884a346a18e4,information_gain,0,0,True,1,2.1984855421087315,,
7,s7-test-21-9,d880151cfdcfc57ee556884a346a18e4,information_gain,1,1,True,1,1.1670548445812068,next-3,fail
7,s7-test-21-9,d880151cfdcfc57ee556884a346a18e4,information_gain,2,2,True,1,0.5519225903718711,next-5,pass
7,s7-test-21-9,d880151cfdcfc57ee556884a346a18e4,information_gain,3,3,True,1,0.5068566395509173,next-2,pass
7,s7-test-21-9,d880151cfdcfc57ee556884a346a18e4,information_gain,4,4,True,1,0.4923740217617607,next-11,pass
7,s7-test-21-9,d880151cfdcfc57ee556884a346a18e4,random,0,0,True,1,2.1984855421087315,,
7,s7-test-21-9,d880151cfdcfc57ee556884a346a18e4,random,1,1,True,1,1.1670548445812068,next-3,fail
7,s7-test-21-9,d880151cfdcfc57ee556884a346a18e4,random,2,2,True,1,1.1607356246053033,next-9,pass
7,s7-test-21-9,d880151cfdcfc57ee556884a346a18e4,random,3,3,True,1,1.143792412435406,next-10,pass
7,s7-test-21-9,d880151cfdcfc57ee556884a346a18e4,random,4,4,True,1,1.143029322673499,next-8,pass
7,s7-test-21-10,d880151cfdcfc57ee556884a346a18e4,information_gain,0,0,False,8,3.44412911415473,,
7,s7-test-21-10,d880151cfdcfc57ee556884a346a18e4,information_gain,1,1,False,6,3.2070025164433096,next-1,pass
7,s7-test-21-10,d880151cfdcfc57ee556884a346a18e4,information_gain,2,2,False,6,2.923899125841079,next-7,pass
7,s7-test-21-10,d880151cfdcfc57ee556884a346a18e4,information_gain,3,3,False,4,2.637922866943443,next-9,pass
7,s7-test-21-10,d880151cfdcfc57ee556884a346a18e4,information_gain,4,4,False,3,2.4004277098004683,next-10,pass
7,s7-test-21-10,d880151cfdcfc57ee556884a346a18e4,random,0,0,False,8,3.44412911415473,,
7,s7-test-21-10,d880151cfdcfc57ee556884a346a18e4,random,1,1,False,6,3.2070025164433096,next-1,pass
7,s7-test-21-10,d880151cfdcfc57ee556884a346a18e4,random,2,2,False,5,3.049986376654863,next-5,pass
7,s7-test-21-10,d880151cfdcfc57ee556884a346a18e4,random,3,3,False,5,2.7306108378569047,next-7,pass
7,s7-test-21-10,d880151cfdcfc57ee556884a346a18e4,random,4,4,False,5,2.721417949267566,next-0,pass
7,s7-test-21-11,d880151cfdcfc57ee556884a346a18e4,information_gain,0,0,False,3,3.6189264727506596,,
7,s7-test-21-11,d880151cfdcfc57ee556884a346a18e4,information_gain,1,1,True,1,2.048222580030051,next-6,fail
7,s7-test-21-11,d880151cfdcfc57ee556884a346a18e4,information_gain,2,2,True,1,0.5333285460927181,next-11,fail
7,s7-test-21-11,d880151cfdcfc57ee556884a346a18e4,information_gain,3,3,True,1,0.03325893279532017,next-0,fail
7,s7-test-21-11,d880151cfdcfc57ee556884a346a18e4,information_gain,4,4,True,1,0.002245306040796763,next-9,fail
7,s7-test-21-11,d880151cfdcfc57ee556884a346a18e4,random,0,0,False,3,3.6189264727506596,,
7,s7-test-21-11,d880151cfdcfc57ee556884a346a18e4,random,1,1,False,3,3.534047927487847,next-10,pass
7,s7-test-21-11,d880151cfdcfc57ee556884a346a18e4,random,2,2,False,2,1.9544081412696535,next-9,fail
7,s7-test-21-11,d880151cfdcfc57ee556884a346a18e4,random,3,3,False,2,1.8840224146187048,next-3,pass
7,s7-test-21-11,d880151cfdcfc57ee556884a346a18e4,random,4,4,False,2,1.80097936811215,next-2,pass
7,s7-test-22-0,1d73021b7a9fdaf1e81e139612804d39,information_gain,0,0,False,2,2.118346527460766,,
7,s7-test-22-0,1d73021b7a9fdaf1e81e139612804d39,information_gain,1,1,True,1,1.9626424967467215,next-5,pass
7,s7-test-22-0,1d73021b7a9fdaf1e81e139612804d39,information_gain,2,2,True,1,0.3589477608411789,next-3,fail
7,s7-test-22-0,1d73021b7a9fdaf1e81e139612804d39,information_gain,3,3,True,1,0.1592664070098534,next-8,pass
7,s7-test-22-0,1d73021b7a9fdaf1e81e139612804d39,information_gain,4,4,True,1,0.014718321101851554,next-11,fail
7,s7-test-22-0,1d73021b7a9fdaf1e81e139612804d39,random,0,0,False,2,2.118346527460766,,
7,s7-test-22-0,1d73021b7a9fdaf1e81e139612804d39,random,1,1,False,2,1.2756391137399328,next-11,fail
7,s7-test-22-0,1d73021b7a9fdaf1e81e139612804d39,random,2,2,True,1,0.5898992745050957,next-5,pass
7,s7-test-22-0,1d73021b7a9fdaf1e81e139612804d39,random,3,3,True,1,0.5798074860181082,next-1,pass
7,s7-test-22-0,1d73021b7a9fdaf1e81e139612804d39,random,4,4,True,1,0.23960501548723898,next-10,pass
7,s7-test-22-1,1d73021b7a9fdaf1e81e139612804d39,information_gain,0,0,False,8,3.503420333110622,,
7,s7-test-22-1,1d73021b7a9fdaf1e81e139612804d39,information_gain,1,1,False,2,2.272568040921657,next-11,fail
7,s7-test-22-1,1d73021b7a9fdaf1e81e139612804d39,information_gain,2,2,True,1,1.989507446956069,next-10,pass
7,s7-test-22-1,1d73021b7a9fdaf1e81e139612804d39,information_gain,3,3,True,1,0.6278482139665809,next-3,fail
7,s7-test-22-1,1d73021b7a9fdaf1e81e139612804d39,information_gain,4,4,True,1,0.2467545499107019,next-6,pass
7,s7-test-22-1,1d73021b7a9fdaf1e81e139612804d39,random,0,0,False,8,3.503420333110622,,
7,s7-test-22-1,1d73021b7a9fdaf1e81e139612804d39,random,1,1,False,8,3.4375363269409562,next-0,pass
7,s7-test-22-1,1d73021b7a9fdaf1e81e139612804d39,random,2,2,False,2,2.257501603129783,next-11,fail
7,s7-test-22-1,1d73021b7a9fdaf1e81e139612804d39,random,3,3,False,2,2.1549092500659754,next-1,pass
7,s7-test-22-1,1d73021b7a9fdaf1e81e139612804d39,random,4,4,False,2,1.994548856530271,next-9,pass
7,s7-test-22-2,1d73021b7a9fdaf1e81e139612804d39,information_gain,0,0,False,7,3.4706766567056304,,
7,s7-test-22-2,1d73021b7a9fdaf1e81e139612804d39,information_gain,1,1,False,5,3.2381723704169505,next-10,pass
7,s7-test-22-2,1d73021b7a9fdaf1e81e139612804d39,information_gain,2,2,False,5,3.070696701581857,next-0,pass
7,s7-test-22-2,1d73021b7a9fdaf1e81e139612804d39,information_gain,3,3,False,4,2.8971398962087966,next-2,pass
7,s7-test-22-2,1d73021b7a9fdaf1e81e139612804d39,information_gain,4,4,True,1,1.4662025628391702,next-3,fail
7,s7-test-22-2,1d73021b7a9fdaf1e81e139612804d39,random,0,0,False,7,3.4706766567056304,,
7,s7-test-22-2,1d73021b7a9fdaf1e81e139612804d39,random,1,1,True,1,1.9469180650178282,next-3,fail
7,s7-test-22-2,1d73021b7a9fdaf1e81e139612804d39,random,2,2,True,1,1.8472857928667756,next-4,pass
7,s7-test-22-2,1d73021b7a9fdaf1e81e139612804d39,random,3,3,True,1,1.7438880131889147,next-7,pass
7,s7-test-22-2,1d73021b7a9fdaf1e81e139612804d39,random,4,4,True,1,1.6191579958842568,next-6,pass
7,s7-test-22-3,1d73021b7a9fdaf1e81e139612804d39,information_gain,0,0,False,3,3.528179711926497,,
7,s7-test-22-3,1d73021b7a9fdaf1e81e139612804d39,information_gain,1,1,True,1,2.1969029532507744,next-10,fail
7,s7-test-22-3,1d73021b7a9fdaf1e81e139612804d39,information_gain,2,2,True,1,2.0918285180835747,next-11,pass
7,s7-test-22-3,1d73021b7a9fdaf1e81e139612804d39,information_gain,3,3,True,1,2.0359330487111733,next-5,pass
7,s7-test-22-3,1d73021b7a9fdaf1e81e139612804d39,information_gain,4,4,True,1,1.981006143815997,next-2,pass
7,s7-test-22-3,1d73021b7a9fdaf1e81e139612804d39,random,0,0,False,3,3.528179711926497,,
7,s7-test-22-3,1d73021b7a9fdaf1e81e139612804d39,random,1,1,False,3,3.491969501291336,next-1,pass
7,s7-test-22-3,1d73021b7a9fdaf1e81e139612804d39,random,2,2,False,3,3.48130601128907,next-6,pass
7,s7-test-22-3,1d73021b7a9fdaf1e81e139612804d39,random,3,3,False,3,3.449588371043855,next-3,pass
7,s7-test-22-3,1d73021b7a9fdaf1e81e139612804d39,random,4,4,False,3,3.352995643174639,next-8,pass
7,s7-test-22-4,1d73021b7a9fdaf1e81e139612804d39,information_gain,0,0,True,1,3.37688348206737,,
7,s7-test-22-4,1d73021b7a9fdaf1e81e139612804d39,information_gain,1,1,True,1,3.1279120909784877,next-5,pass
7,s7-test-22-4,1d73021b7a9fdaf1e81e139612804d39,information_gain,2,2,True,1,2.8816212297236703,next-0,pass
7,s7-test-22-4,1d73021b7a9fdaf1e81e139612804d39,information_gain,3,3,True,1,2.5950353285976284,next-8,pass
7,s7-test-22-4,1d73021b7a9fdaf1e81e139612804d39,information_gain,4,4,True,1,2.4234008959221107,next-1,pass
7,s7-test-22-4,1d73021b7a9fdaf1e81e139612804d39,random,0,0,True,1,3.37688348206737,,
7,s7-test-22-4,1d73021b7a9fdaf1e81e139612804d39,random,1,1,True,1,3.2381723704169505,next-1,pass
7,s7-test-22-4,1d73021b7a9fdaf1e81e139612804d39,random,2,2,True,1,3.231889994180269,next-6,pass
7,s7-test-22-4,1d73021b7a9fdaf1e81e139612804d39,random,3,3,True,1,3.070696701581857,next-4,pass
7,s7-test-22-4,1d73021b7a9fdaf1e81e139612804d39,random,4,4,True,1,3.0265931201530254,next-9,pass
7,s7-test-22-5,1d73021b7a9fdaf1e81e139612804d39,information_gain,0,0,False,9,2.1835536632644357,,
7,s7-test-22-5,1d73021b7a9fdaf1e81e139612804d39,information_gain,1,1,False,9,2.1505977856871272,next-1,pass
7,s7-test-22-5,1d73021b7a9fdaf1e81e139612804d39,information_gain,2,2,False,6,1.8634923569800752,next-6,pass
7,s7-test-22-5,1d73021b7a9fdaf1e81e139612804d39,information_gain,3,3,False,5,1.6537383936484766,next-5,pass
7,s7-test-22-5,1d73021b7a9fdaf1e81e139612804d39,information_gain,4,4,False,15,1.426994575381296,next-9,pass
7,s7-test-22-5,1d73021b7a9fdaf1e81e139612804d39,random,0,0,False,9,2.1835536632644357,,
7,s7-test-22-5,1d73021b7a9fdaf1e81e139612804d39,random,1,1,False,6,1.9834981028269667,next-6,pass
7,s7-test-22-5,1d73021b7a9fdaf1e81e139612804d39,random,2,2,False,6,1.9137445302680194,next-10,pass
7,s7-test-22-5,1d73021b7a9fdaf1e81e139612804d39,random,3,3,False,5,1.8314395973654967,next-3,pass
7,s7-test-22-5,1d73021b7a9fdaf1e81e139612804d39,random,4,4,False,14,1.6830661998200054,next-9,pass
7,s7-test-22-6,1d73021b7a9fdaf1e81e139612804d39,information_gain,0,0,False,9,3.8922244185635244,,
7,s7-test-22-6,1d73021b7a9fdaf1e81e139612804d39,information_gain,1,1,False,6,3.5895644886957223,next-0,pass
7,s7-test-22-6,1d73021b7a9fdaf1e81e139612804d39,information_gain,2,2,False,4,3.277041155711225,next-5,pass
7,s7-test-22-6,1d73021b7a9fdaf1e81e139612804d39,information_gain,3,3,False,3,3.0093947750166175,next-10,pass
7,s7-test-22-6,1d73021b7a9fdaf1e81e139612804d39,information_gain,4,4,False,3,2.7735851022004674,next-2,pass
7,s7-test-22-6,1d73021b7a9fdaf1e81e139612804d39,random,0,0,False,9,3.8922244185635244,,
7,s7-test-22-6,1d73021b7a9fdaf1e81e139612804d39,random,1,1,False,6,3.6711122927924933,next-4,pass
7,s7-test-22-6,1d73021b7a9fdaf1e81e139612804d39,random,2,2,False,4,3.412197446953074,next-10,pass
7,s7-test-22-6,1d73021b7a9fdaf1e81e139612804d39,random,3,3,False,4,3.3153605873464698,next-8,pass
7,s7-test-22-6,1d73021b7a9fdaf1e81e139612804d39,random,4,4,False,4,3.277041155711225,next-11,pass
7,s7-test-22-7,1d73021b7a9fdaf1e81e139612804d39,information_gain,0,0,False,4,3.4121974469530745,,
7,s7-test-22-7,1d73021b7a9fdaf1e81e139612804d39,information_gain,1,1,False,3,3.1704528469859383,next-6,pass
7,s7-test-22-7,1d73021b7a9fdaf1e81e139612804d39,information_gain,2,2,False,3,2.934045466916814,next-3,pass
7,s7-test-22-7,1d73021b7a9fdaf1e81e139612804d39,information_gain,3,3,False,3,2.620942995269729,next-4,pass
7,s7-test-22-7,1d73021b7a9fdaf1e81e139612804d39,information_gain,4,4,True,1,1.2296871668442417,next-1,fail
7,s7-test-22-7,1d73021b7a9fdaf1e81e139612804d39,random,0,0,False,4,3.4121974469530745,,
7,s7-test-22-7,1d73021b7a9fdaf1e81e139612804d39,random,1,1,False,3,3.2123325954118234,next-8,pass
7,s7-test-22-7,1d73021b7a9fdaf1e81e139612804d39,random,2,2,True,1,1.6537383936484766,next-1,fail
7,s7-test-22-7,1d73021b7a9fdaf1e81e139612804d39,random,3,3,True,1,1.5248005076128501,next-7,pass
7,s7-test-22-7,1d73021b7a9fdaf1e81e139612804d39,random,4,4,True,1,1.3527876811479491,next-4,pass
7,s7-test-22-8,1d73021b7a9fdaf1e81e139612804d39,information_gain,0,0,True,1,2.0543245651429913,,
7,s7-test-22-8,1d73021b7a9fdaf1e81e139612804d39,information_gain,1,1,True,1,0.5444466317525802,next-5,fail
7,s7-test-22-8,1d73021b7a9fdaf1e81e139612804d39,information_gain,2,2,False,3,1.7013708183241558,next-0,fail
7,s7-test-22-8,1d73021b7a9fdaf1e81e139612804d39,information_gain,3,3,False,2,1.2934802394584637,next-2,pass
7,s7-test-22-8,1d73021b7a9fdaf1e81e139612804d39,information_gain,4,4,True,1,0.6217547406189722,next-8,pass
7,s7-test-22-8,1d73021b7a9fdaf1e81e139612804d39,random,0,0,True,1,2.0543245651429913,,
7,s7-test-22-8,1d73021b7a9fdaf1e81e139612804d39,random,1,1,True,1,2.03882859229216,next-1,pass
7,s7-test-22-8,1d73021b7a9fdaf1e81e139612804d39,random,2,2,True,1,0.5431836975578251,next-5,fail
7,s7-test-22-8,1d73021b7a9fdaf1e81e139612804d39,random,3,3,True,1,0.3671334103497604,next-2,pass
7,s7-test-22-8,1d73021b7a9fdaf1e81e139612804d39,random,4,4,True,1,0.35616428057312055,next-7,pass
7,s7-test-22-9,1d73021b7a9fdaf1e81e139612804d39,information_gain,0,0,False,10,3.6711122927924933,,
7,s7-test-22-9,1d73021b7a9fdaf1e81e139612804d39,information_gain,1,1,False,4,2.474252406813973,next-8,fail
7,s7-test-22-9,1d73021b7a9fdaf1e81e139612804d39,information_gain,2,2,False,2,1.270143236094643,next-11,fail
7,s7-test-22-9,1d73021b7a9fdaf1e81e139612804d39,information_gain,3,3,True,1,0.2433530376546983,next-6,fail
7,s7-test-22-9,1d73021b7a9fdaf1e81e139612804d39,information_gain,4,4,True,1,0.23167334617506108,next-10,pass
7,s7-test-22-9,1d73021b7a9fdaf1e81e139612804d39,random,0,0,False,10,3.6711122927924933,,
7,s7-test-22-9,1d73021b7a9fdaf1e81e139612804d39,random,1,1,False,2,2.0516795799644365,next-11,fail
7,s7-test-22-9,1d73021b7a9fdaf1e81e139612804d39,random,2,2,False,2,2.0413705836728155,next-7,pass
7,s7-test-22-9,1d73021b7a9fdaf1e81e139612804d39,random,3,3,False,2,1.903036211365126,next-3,pass
7,s7-test-22-9,1d73021b7a9fdaf1e81e139612804d39,random,4,4,False,2,1.1762903216475855,next-8,fail
7,s7-test-22-10,1d73021b7a9fdaf1e81e139612804d39,information_gain,0,0,True,1,2.1835536632644357,,
7,s7-test-22-10,1d73021b7a9fdaf1e81e139612804d39,information_gain,1,1,True,1,2.1505977856871272,next-11,pass
7,s7-test-22-10,1d73021b7a9fdaf1e81e139612804d39,information_gain,2,2,True,1,1.9469180650178282,next-10,pass
7,s7-test-22-10,1d73021b7a9fdaf1e81e139612804d39,information_gain,3,3,True,1,1.7417036178053815,next-2,pass
7,s7-test-22-10,1d73021b7a9fdaf1e81e139612804d39,information_gain,4,4,True,1,1.5224831355898882,next-6,pass
7,s7-test-22-10,1d73021b7a9fdaf1e81e139612804d39,random,0,0,True,1,2.1835536632644357,,
7,s7-test-22-10,1d73021b7a9fdaf1e81e139612804d39,random,1,1,True,1,2.163660538923159,next-1,pass
7,s7-test-22-10,1d73021b7a9fdaf1e81e139612804d39,random,2,2,True,1,2.031038946498941,next-6,pass
7,s7-test-22-10,1d73021b7a9fdaf1e81e139612804d39,random,3,3,True,1,1.9624642864201245,next-9,pass
7,s7-test-22-10,1d73021b7a9fdaf1e81e139612804d39,random,4,4,True,1,1.89093078318588,next-4,pass
7,s7-test-22-11,1d73021b7a9fdaf1e81e139612804d39,information_gain,0,0,False,10,2.118346527460766,,
7,s7-test-22-11,1d73021b7a9fdaf1e81e139612804d39,information_gain,1,1,False,5,0.8769974264992373,next-10,fail
7,s7-test-22-11,1d73021b7a9fdaf1e81e139612804d39,information_gain,2,2,False,5,2.4302885980621927,next-1,pass
7,s7-test-22-11,1d73021b7a9fdaf1e81e139612804d39,information_gain,3,3,False,3,2.4204973849683804,next-8,pass
7,s7-test-22-11,1d73021b7a9fdaf1e81e139612804d39,information_gain,4,4,False,2,2.0497772553923204,next-7,pass
7,s7-test-22-11,1d73021b7a9fdaf1e81e139612804d39,random,0,0,False,10,2.118346527460766,,
7,s7-test-22-11,1d73021b7a9fdaf1e81e139612804d39,random,1,1,False,3,2.4198434585726485,next-11,fail
7,s7-test-22-11,1d73021b7a9fdaf1e81e139612804d39,random,2,2,False,2,2.2636798832179625,next-8,pass
7,s7-test-22-11,1d73021b7a9fdaf1e81e139612804d39,random,3,3,True,1,0.5751489666651804,next-3,fail
7,s7-test-22-11,1d73021b7a9fdaf1e81e139612804d39,random,4,4,True,1,0.5442008575492371,next-9,pass
7,s7-test-23-0,c1d6f523d2aa51ed9582ef18f00b18ea,information_gain,0,0,True,1,3.788593207381207,,
7,s7-test-23-0,c1d6f523d2aa51ed9582ef18f00b18ea,information_gain,1,1,True,1,3.604614935887673,next-6,pass
7,s7-test-23-0,c1d6f523d2aa51ed9582ef18f00b18ea,information_gain,2,2,True,1,3.4281937861283676,next-1,pass
7,s7-test-23-0,c1d6f523d2aa51ed9582ef18f00b18ea,information_gain,3,3,True,1,3.2289230970294516,next-3,pass
7,s7-test-23-0,c1d6f523d2aa51ed9582ef18f00b18ea,information_gain,4,4,True,1,3.0013601429620214,next-7,pass
7,s7-test-23-0,c1d6f523d2aa51ed9582ef18f00b18ea,random,0,0,True,1,3.788593207381207,,
7,s7-test-23-0,c1d6f523d2aa51ed9582ef18f00b18ea,random,1,1,True,1,3.7133128232312087,next-2,pass
7,s7-test-23-0,c1d6f523d2aa51ed9582ef18f00b18ea,random,2,2,True,1,3.68566162249752,next-10,pass
7,s7-test-23-0,c1d6f523d2aa51ed9582ef18f00b18ea,random,3,3,True,1,3.604614935887673,next-8,pass
7,s7-test-23-0,c1d6f523d2aa51ed9582ef18f00b18ea,random,4,4,True,1,3.3938582137385485,next-6,pass
7,s7-test-23-1,c1d6f523d2aa51ed9582ef18f00b18ea,information_gain,0,0,True,1,2.370435885706875,,
7,s7-test-23-1,c1d6f523d2aa51ed9582ef18f00b18ea,information_gain,1,1,True,1,0.40772191839907845,next-0,fail
7,s7-test-23-1,c1d6f523d2aa51ed9582ef18f00b18ea,information_gain,2,2,True,1,0.3646317943249474,next-5,pass
7,s7-test-23-1,c1d6f523d2aa51ed9582ef18f00b18ea,information_gain,3,3,True,1,0.3383661062824602,next-7,pass
7,s7-test-23-1,c1d6f523d2aa51ed9582ef18f00b18ea,information_gain,4,4,True,1,0.3165896501493698,next-11,pass
7,s7-test-23-1,c1d6f523d2aa51ed9582ef18f00b18ea,random,0,0,True,1,2.370435885706875,,
7,s7-test-23-1,c1d6f523d2aa51ed9582ef18f00b18ea,random,1,1,True,1,2.1074000820110976,next-2,pass
7,s7-test-23-1,c1d6f523d2aa51ed9582ef18f00b18ea,random,2,2,True,1,1.9980515013541487,next-10,pass
7,s7-test-23-1,c1d6f523d2aa51ed9582ef18f00b18ea,random,3,3,True,1,1.8843012251050786,next-1,pass
7,s7-test-23-1,c1d6f523d2aa51ed9582ef18f00b18ea,random,4,4,True,1,1.8499982719447634,next-4,pass
7,s7-test-23-2,c1d6f523d2aa51ed9582ef18f00b18ea,information_gain,0,0,False,2,2.75134969000476,,
7,s7-test-23-2,c1d6f523d2aa51ed9582ef18f00b18ea,information_gain,1,1,True,1,1.772347058285861,next-10,fail
7,s7-test-23-2,c1d6f523d2aa51ed9582ef18f00b18ea,information_gain,2,2,True,1,1.4707499052514357,next-11,pass
7,s7-test-23-2,c1d6f523d2aa51ed9582ef18f00b18ea,information_gain,3,3,True,1,0.2725832633379989,next-2,fail
7,s7-test-23-2,c1d6f523d2aa51ed9582ef18f00b18ea,information_gain,4,4,True,1,0.01649864893291854,next-9,fail
7,s7-test-23-2,c1d6f523d2aa51ed9582ef18f00b18ea,random,0,0,False,2,2.75134969000476,,
7,s7-test-23-2,c1d6f523d2aa51ed9582ef18f00b18ea,random,1,1,False,2,2.6514487727212694,next-3,pass
7,s7-test-23-2,c1d6f523d2aa51ed9582ef18f00b18ea,random,2,2,True,1,1.0175080827833947,next-2,fail
7,s7-test-23-2,c1d6f523d2aa51ed9582ef18f00b18ea,random,3,3,True,1,0.44978395892076767,next-10,fail
7,s7-test-23-2,c1d6f523d2aa51ed9582ef18f00b18ea,random,4,4,True,1,0.4496647342472818,next-6,pass
7,s7-test-23-3,c1d6f523d2aa51ed9582ef18f00b18ea,information_gain,0,0,False,7,3.7133128232312083,,
7,s7-test-23-3,c1d6f523d2aa51ed9582ef18f00b18ea,information_gain,1,1,False,5,3.3938582137385485,next-6,pass
7,s7-test-23-3,c1d6f523d2aa51ed9582ef18f00b18ea,information_gain,2,2,False,3,3.140625352495253,next-1,pass
7,s7-test-23-3,c1d6f523d2aa51ed9582ef18f00b18ea,information_gain,3,3,False,3,3.0209514466898297,next-11,pass
7,s7-test-23-3,c1d6f523d2aa51ed9582ef18f00b18ea,information_gain,4,4,False,3,2.8923620219871884,next-8,pass
7,s7-test-23-3,c1d6f523d2aa51ed9582ef18f00b18ea,random,0,0,False,7,3.7133128232312083,,
7,s7-test-23-3,c1d6f523d2aa51ed9582ef18f00b18ea,random,1,1,False,9,2.198055056703673,next-3,fail
7,s7-test-23-3,c1d6f523d2aa51ed9582ef18f00b18ea,random,2,2,False,9,2.1074000820110976,next-8,pass
7,s7-test-23-3,c1d6f523d2aa51ed9582ef18f00b18ea,random,3,3,False,7,3.4743565422744656,next-4,pass
7,s7-test-23-3,c1d6f523d2aa51ed9582ef18f00b18ea,random,4,4,False,5,3.2993893444305313,next-6,pass
7,s7-test-23-4,c1d6f523d2aa51ed9582ef18f00b18ea,information_gain,0,0,False,6,3.788593207381207,,
7,s7-test-23-4,c1d6f523d2aa51ed9582ef18f00b18ea,information_gain,1,1,False,4,3.4870629763289656,next-7,pass
7,s7-test-23-4,c1d6f523d2aa51ed9582ef18f00b18ea,information_gain,2,2,True,1,1.9294875703835257,next-6,fail
7,s7-test-23-4,c1d6f523d2aa51ed9582ef18f00b18ea,information_gain,3,3,True,1,1.8843012251050788,next-5,pass
7,s7-test-23-4,c1d6f523d2aa51ed9582ef18f00b18ea,information_gain,4,4,True,1,1.7470450207115031,next-9,pass
7,s7-test-23-4,c1d6f523d2aa51ed9582ef18f00b18ea,random,0,0,False,6,3.788593207381207,,
7,s7-test-23-4,c1d6f523d2aa51ed9582ef18f00b18ea,random,1,1,True,1,2.1529039144540687,next-6,fail
7,s7-test-23-4,c1d6f523d2aa51ed9582ef18f00b18ea,random,2,2,True,1,1.9988070556115916,next-9,pass
7,s7-test-23-4,c1d6f523d2aa51ed9582ef18f00b18ea,random,3,3,True,1,1.8463096474599507,next-4,pass
7,s7-test-23-4,c1d6f523d2aa51ed9582ef18f00b18ea,random,4,4,True,1,1.7636813964002593,next-5,pass
7,s7-test-23-5,c1d6f523d2aa51ed9582ef18f00b18ea,information_gain,0,0,False,2,3.4870629763289656,,
7,s7-test-23-5,c1d6f523d2aa51ed9582ef18f00b18ea,information_gain,1,1,True,1,1.9294875703835257,next-8,fail
7,s7-test-23-5,c1d6f523d2aa51ed9582ef18f00b18ea,information_gain,2,2,True,1,1.8682351419086818,next-1,pass
7,s7-test-23-5,c1d6f523d2aa51ed9582ef18f00b18ea,information_gain,3,3,True,1,0.15893382541748002,next-0,fail
7,s7-test-23-5,c1d6f523d2aa51ed9582ef18f00b18ea,information_gain,4,4,True,1,0.00957766026414946,next-2,fail
7,s7-test-23-5,c1d6f523d2aa51ed9582ef18f00b18ea,random,0,0,False,2,3.4870629763289656,,
7,s7-test-23-5,c1d6f523d2aa51ed9582ef18f00b18ea,random,1,1,False,2,3.449618405406149,next-9,pass
7,s7-test-23-5,c1d6f523d2aa51ed9582ef18f00b18ea,random,2,2,True,1,1.9174762074341183,next-8,fail
7,s7-test-23-5,c1d6f523d2aa51ed9582ef18f00b18ea,random,3,3,True,1,1.8499982719447632,next-1,pass
7,s7-test-23-5,c1d6f523d2aa51ed9582ef18f00b18ea,random,4,4,True,1,1.817558540095352,next-5,pass
7,s7-test-23-6,c1d6f523d2aa51ed9582ef18f00b18ea,information_gain,0,0,False,14,3.860274383609585,,
7,s7-test-23-6,c1d6f523d2aa51ed9582ef18f00b18ea,information_gain,1,1,False,11,3.604614935887673,next-6,pass
7,s7-test-23-6,c1d6f523d2aa51ed9582ef18f00b18ea,information_gain,2,2,False,9,3.3938582137385485,next-11,pass
7,s7-test-23-6,c1d6f523d2aa51ed9582ef18f00b18ea,information_gain,3,3,False,7,3.1472689899256463,next-7,pass
7,s7-test-23-6,c1d6f523d2aa51ed9582ef18f00b18ea,information_gain,4,4,False,10,3.0219132971763774,next-5,pass
7,s7-test-23-6,c1d6f523d2aa51ed9582ef18f00b18ea,random,0,0,False,14,3.860274383609585,,
7,s7-test-23-6,c1d6f523d2aa51ed9582ef18f00b18ea,random,1,1,False,13,3.788593207381207,next-2,pass
7,s7-test-23-6,c1d6f523d2aa51ed9582ef18f00b18ea,random,2,2,False,12,3.68566162249752,next-10,pass
7,s7-test-23-6,c1d6f523d2aa51ed9582ef18f00b18ea,random,3,3,False,16,3.574831077775013,next-5,pass
7,s7-test-23-6,c1d6f523d2aa51ed9582ef18f00b18ea,random,4,4,False,14,3.509422599294688,next-11,pass
7,s7-test-23-7,c1d6f523d2aa51ed9582ef18f00b18ea,information_gain,0,0,False,14,3.860274383609585,,
7,s7-test-23-7,c1d6f523d2aa51ed9582ef18f00b18ea,information_gain,1,1,False,15,3.5748310777750136,next-0,pass
7,s7-test-23-7,c1d6f523d2aa51ed9582ef18f00b18ea,information_gain,2,2,False,12,3.294558377724558,next-8,pass
7,s7-test-23-7,c1d6f523d2aa51ed9582ef18f00b18ea,information_gain,3,3,False,12,3.074523737281634,next-1,pass
7,s7-test-23-7,c1d6f523d2aa51ed9582ef18f00b18ea,information_gain,4,4,False,2,1.6087736589484987,next-9,fail
7,s7-test-23-7,c1d6f523d2aa51ed9582ef18f00b18ea,random,0,0,False,14,3.860274383609585,,
7,s7-test-23-7,c1d6f523d2aa51ed9582ef18f00b18ea,random,1,1,False,12,3.7133128232312087,next-1,pass
7,s7-test-23-7,c1d6f523d2aa51ed9582ef18f00b18ea,random,2,2,False,11,3.604614935887673,next-3,pass
7,s7-test-23-7,c1d6f523d2aa51ed9582ef18f00b18ea,random,3,3,False,2,2.152008957831611,next-9,fail
7,s7-test-23-7,c1d6f523d2aa51ed9582ef18f00b18ea,random,4,4,False,2,2.0865505819409162,next-2,pass
7,s7-test-23-8,c1d6f523d2aa51ed9582ef18f00b18ea,information_gain,0,0,False,6,3.73625042630774,,
7,s7-test-23-8,c1d6f523d2aa51ed9582ef18f00b18ea,information_gain,1,1,False,6,3.539906338552191,next-1,pass
7,s7-test-23-8,c1d6f523d2aa51ed9582ef18f00b18ea,information_gain,2,2,False,5,3.3182278594123025,next-3,pass
7,s7-test-23-8,c1d6f523d2aa51ed9582ef18f00b18ea,information_gain,3,3,False,4,3.092039862309837,next-6,pass
7,s7-test-23-8,c1d6f523d2aa51ed9582ef18f00b18ea,information_gain,4,4,False,2,1.6860857079403357,next-2,fail
7,s7-test-23-8,c1d6f523d2aa51ed9582ef18f00b18ea,random,0,0,False,6,3.73625042630774,,
7,s7-test-23-8,c1d6f523d2aa51ed9582ef18f00b18ea,random,1,1,False,5,3.574831077775013,next-7,pass
7,s7-test-23-8,c1d6f523d2aa51ed9582ef18f00b18ea,random,2,2,False,5,3.4870629763289656,next-5,pass
7,s7-test-23-8,c1d6f523d2aa51ed9582ef18f00b18ea,random,3,3,False,4,3.288559011632857,next-6,pass
7,s7-test-23-8,c1d6f523d2aa51ed9582ef18f00b18ea,random,4,4,False,4,3.2877738162750485,next-10,pass
7,s7-test-23-9,c1d6f523d2aa51ed9582ef18f00b18ea,information_gain,0,0,False,12,3.8108152341129014,,
7,s7-test-23-9,c1d6f523d2aa51ed9582ef18f00b18ea,information_gain,1,1,False,9,3.481941151407716,next-10,pass
7,s7-test-23-9,c1d6f523d2aa51ed9582ef18f00b18ea,information_gain,2,2,False,2,1.928127260196328,next-1,fail
7,s7-test-23-9,c1d6f523d2aa51ed9582ef18f00b18ea,information_gain,3,3,False,2,1.8354256474317994,next-9,pass
7,s7-test-23-9,c1d6f523d2aa51ed9582ef18f00b18ea,information_gain,4,4,False,2,1.7623567537883755,next-0,pass
7,s7-test-23-9,c1d6f523d2aa51ed9582ef18f00b18ea,random,0,0,False,12,3.8108152341129014,,
7,s7-test-23-9,c1d6f523d2aa51ed9582ef18f00b18ea,random,1,1,False,10,3.657730282696027,next-6,pass
7,s7-test-23-9,c1d6f523d2aa51ed9582ef18f00b18ea,random,2,2,False,9,3.535085272370871,next-8,pass
7,s7-test-23-9,c1d6f523d2aa51ed9582ef18f00b18ea,random,3,3,False,8,3.306181429934074,next-10,pass
7,s7-test-23-9,c1d6f523d2aa51ed9582ef18f00b18ea,random,4,4,False,2,1.832481315884743,next-1,fail
7,s7-test-23-10,c1d6f523d2aa51ed9582ef18f00b18ea,information_gain,0,0,False,9,3.7133128232312083,,
7,s7-test-23-10,c1d6f523d2aa51ed9582ef18f00b18ea,information_gain,1,1,False,7,3.462102863387202,next-4,pass
7,s7-test-23-10,c1d6f523d2aa51ed9582ef18f00b18ea,information_gain,2,2,False,6,3.256871536637769,next-5,pass
7,s7-test-23-10,c1d6f523d2aa51ed9582ef18f00b18ea,information_gain,3,3,False,5,3.105505930709562,next-10,pass
7,s7-test-23-10,c1d6f523d2aa51ed9582ef18f00b18ea,information_gain,4,4,False,5,2.9363866327818218,next-11,pass
7,s7-test-23-10,c1d6f523d2aa51ed9582ef18f00b18ea,random,0,0,False,9,3.7133128232312083,,
7,s7-test-23-10,c1d6f523d2aa51ed9582ef18f00b18ea,random,1,1,False,8,3.550493326130868,next-6,pass
7,s7-test-23-10,c1d6f523d2aa51ed9582ef18f00b18ea,random,2,2,False,8,3.4281937861283676,next-8,pass
7,s7-test-23-10,c1d6f523d2aa51ed9582ef18f00b18ea,random,3,3,False,6,3.1472689899256467,next-5,pass
7,s7-test-23-10,c1d6f523d2aa51ed9582ef18f00b18ea,random,4,4,False,6,3.140625352495253,next-1,pass
7,s7-test-23-11,c1d6f523d2aa51ed9582ef18f00b18ea,information_gain,0,0,False,2,1.9988070556115913,,
7,s7-test-23-11,c1d6f523d2aa51ed9582ef18f00b18ea,information_gain,1,1,False,2,1.8661295596911134,next-3,pass
7,s7-test-23-11,c1d6f523d2aa51ed9582ef18f00b18ea,information_gain,2,2,True,1,1.9399388731666842,next-11,fail
7,s7-test-23-11,c1d6f523d2aa51ed9582ef18f00b18ea,information_gain,3,3,True,1,1.894762304258902,next-5,pass
7,s7-test-23-11,c1d6f523d2aa51ed9582ef18f00b18ea,information_gain,4,4,True,1,1.8547079284974115,next-4,pass
7,s7-test-23-11,c1d6f523d2aa51ed9582ef18f00b18ea,random,0,0,False,2,1.9988070556115913,,
7,s7-test-23-11,c1d6f523d2aa51ed9582ef18f00b18ea,random,1,1,False,2,1.9870202198835651,next-2,pass
7,s7-test-23-11,c1d6f523d2aa51ed9582ef18f00b18ea,random,2,2,False,2,1.8637724866390288,next-3,pass
7,s7-test-23-11,c1d6f523d2aa51ed9582ef18f00b18ea,random,3,3,False,2,1.8290350077540174,next-1,pass
7,s7-test-23-11,c1d6f523d2aa51ed9582ef18f00b18ea,random,4,4,False,2,1.8245392797598408,next-0,pass
17,s17-test-0-0,07dadab14d09bc68b582c4b510e17ca7,information_gain,0,0,False,4,2.970708806358714,,
17,s17-test-0-0,07dadab14d09bc68b582c4b510e17ca7,information_gain,1,1,False,4,2.5797105911110885,next-4,pass
17,s17-test-0-0,07dadab14d09bc68b582c4b510e17ca7,information_gain,2,2,False,3,2.3891484066162243,next-1,pass
17,s17-test-0-0,07dadab14d09bc68b582c4b510e17ca7,information_gain,3,3,True,1,0.8546903987445149,next-9,fail
17,s17-test-0-0,07dadab14d09bc68b582c4b510e17ca7,information_gain,4,4,True,1,0.048536231575089905,next-2,fail
17,s17-test-0-0,07dadab14d09bc68b582c4b510e17ca7,random,0,0,False,4,2.970708806358714,,
17,s17-test-0-0,07dadab14d09bc68b582c4b510e17ca7,random,1,1,False,4,2.8603216156448386,next-8,pass
17,s17-test-0-0,07dadab14d09bc68b582c4b510e17ca7,random,2,2,False,3,2.6711702602021177,next-11,pass
17,s17-test-0-0,07dadab14d09bc68b582c4b510e17ca7,random,3,3,False,2,2.436967424115443,next-1,pass
17,s17-test-0-0,07dadab14d09bc68b582c4b510e17ca7,random,4,4,False,2,2.4122976438864505,next-0,pass
17,s17-test-0-1,07dadab14d09bc68b582c4b510e17ca7,information_gain,0,0,False,4,3.0224410921828238,,
17,s17-test-0-1,07dadab14d09bc68b582c4b510e17ca7,information_gain,1,1,False,2,2.637391704232074,next-10,pass
17,s17-test-0-1,07dadab14d09bc68b582c4b510e17ca7,information_gain,2,2,True,1,1.187007505575293,next-4,fail
17,s17-test-0-1,07dadab14d09bc68b582c4b510e17ca7,information_gain,3,3,True,1,0.07987493299081645,next-11,fail
17,s17-test-0-1,07dadab14d09bc68b582c4b510e17ca7,information_gain,4,4,True,1,0.5691418763880484,next-3,fail
17,s17-test-0-1,07dadab14d09bc68b582c4b510e17ca7,random,0,0,False,4,3.0224410921828238,,
17,s17-test-0-1,07dadab14d09bc68b582c4b510e17ca7,random,1,1,False,3,2.91077518408985,next-6,pass
17,s17-test-0-1,07dadab14d09bc68b582c4b510e17ca7,random,2,2,False,3,2.724117606111587,next-9,pass
17,s17-test-0-1,07dadab14d09bc68b582c4b510e17ca7,random,3,3,True,1,0.8607332756557147,next-11,fail
17,s17-test-0-1,07dadab14d09bc68b582c4b510e17ca7,random,4,4,True,1,0.8299335242375181,next-7,pass
17,s17-test-0-2,07dadab14d09bc68b582c4b510e17ca7,information_gain,0,0,False,7,1.249240675158244,,
17,s17-test-0-2,07dadab14d09bc68b582c4b510e17ca7,information_gain,1,1,False,7,2.822340204471802,next-3,pass
17,s17-test-0-2,07dadab14d09bc68b582c4b510e17ca7,information_gain,2,2,False,5,2.9757882244306373,next-4,pass
17,s17-test-0-2,07dadab14d09bc68b582c4b510e17ca7,information_gain,3,3,False,4,2.735539078478136,next-10,pass
17,s17-test-0-2,07dadab14d09bc68b582c4b510e17ca7,information_gain,4,4,False,3,2.4413727787713126,next-11,pass
17,s17-test-0-2,07dadab14d09bc68b582c4b510e17ca7,random,0,0,False,7,1.249240675158244,,
17,s17-test-0-2,07dadab14d09bc68b582c4b510e17ca7,random,1,1,False,6,2.684668731983092,next-4,pass
17,s17-test-0-2,07dadab14d09bc68b582c4b510e17ca7,random,2,2,False,5,2.9757882244306373,next-3,pass
17,s17-test-0-2,07dadab14d09bc68b582c4b510e17ca7,random,3,3,False,5,2.7878703734739037,next-1,pass
17,s17-test-0-2,07dadab14d09bc68b582c4b510e17ca7,random,4,4,False,5,2.7202470785327733,next-8,pass
17,s17-test-0-3,07dadab14d09bc68b582c4b510e17ca7,information_gain,0,0,False,7,1.3525944176127678,,
17,s17-test-0-3,07dadab14d09bc68b582c4b510e17ca7,information_gain,1,1,False,7,2.9707564403711553,next-0,pass
17,s17-test-0-3,07dadab14d09bc68b582c4b510e17ca7,information_gain,2,2,False,5,3.052822000497801,next-5,pass
17,s17-test-0-3,07dadab14d09bc68b582c4b510e17ca7,information_gain,3,3,False,3,2.8119191377701735,next-7,pass
17,s17-test-0-3,07dadab14d09bc68b582c4b510e17ca7,information_gain,4,4,False,3,2.5188340029842284,next-9,pass
17,s17-test-0-3,07dadab14d09bc68b582c4b510e17ca7,random,0,0,False,7,1.3525944176127678,,
17,s17-test-0-3,07dadab14d09bc68b582c4b510e17ca7,random,1,1,False,6,1.2470964913232028,next-11,pass
17,s17-test-0-3,07dadab14d09bc68b582c4b510e17ca7,random,2,2,False,7,1.600230823385642,next-4,fail
17,s17-test-0-3,07dadab14d09bc68b582c4b510e17ca7,random,3,3,False,11,1.5339719383630697,next-3,pass
17,s17-test-0-3,07dadab14d09bc68b582c4b510e17ca7,random,4,4,False,10,1.2514471667411942,next-2,pass
17,s17-test-0-4,07dadab14d09bc68b582c4b510e17ca7,information_gain,0,0,False,3,1.730884968037713,,
17,s17-test-0-4,07dadab14d09bc68b582c4b510e17ca7,information_gain,1,1,False,3,0.5812747002325561,next-4,fail
17,s17-test-0-4,07dadab14d09bc68b582c4b510e17ca7,information_gain,2,2,False,3,0.19760174760824536,next-0,pass
17,s17-test-0-4,07dadab14d09bc68b582c4b510e17ca7,information_gain,3,3,False,2,0.09991004225280053,next-7,pass
17,s17-test-0-4,07dadab14d09bc68b582c4b510e17ca7,information_gain,4,4,False,2,0.6124087062515375,next-3,fail
17,s17-test-0-4,07dadab14d09bc68b582c4b510e17ca7,random,0,0,False,3,1.730884968037713,,
17,s17-test-0-4,07dadab14d09bc68b582c4b510e17ca7,random,1,1,True,1,1.7947647739646226,next-3,fail
17,s17-test-0-4,07dadab14d09bc68b582c4b510e17ca7,random,2,2,True,1,0.15911815920785716,next-8,fail
17,s17-test-0-4,07dadab14d09bc68b582c4b510e17ca7,random,3,3,True,1,0.12335916587598172,next-2,pass
17,s17-test-0-4,07dadab14d09bc68b582c4b510e17ca7,random,4,4,True,1,0.11071355713939471,next-11,pass
17,s17-test-0-5,07dadab14d09bc68b582c4b510e17ca7,information_gain,0,0,False,2,1.7694661492424886,,
17,s17-test-0-5,07dadab14d09bc68b582c4b510e17ca7,information_gain,1,1,True,1,1.5032282561505141,next-1,pass
17,s17-test-0-5,07dadab14d09bc68b582c4b510e17ca7,information_gain,2,2,False,3,2.6317606093676997,next-3,pass
17,s17-test-0-5,07dadab14d09bc68b582c4b510e17ca7,information_gain,3,3,True,1,2.5482422468711334,next-7,pass
17,s17-test-0-5,07dadab14d09bc68b582c4b510e17ca7,information_gain,4,4,True,1,0.7457860254345241,next-11,fail
17,s17-test-0-5,07dadab14d09bc68b582c4b510e17ca7,random,0,0,False,2,1.7694661492424886,,
17,s17-test-0-5,07dadab14d09bc68b582c4b510e17ca7,random,1,1,False,2,1.3762052828664968,next-6,pass
17,s17-test-0-5,07dadab14d09bc68b582c4b510e17ca7,random,2,2,False,2,1.3030166305933377,next-9,pass
17,s17-test-0-5,07dadab14d09bc68b582c4b510e17ca7,random,3,3,False,2,2.2657438209160943,next-1,pass
17,s17-test-0-5,07dadab14d09bc68b582c4b510e17ca7,random,4,4,False,2,2.0357001770917122,next-5,pass
17,s17-test-0-6,07dadab14d09bc68b582c4b510e17ca7,information_gain,0,0,False,8,1.6433343314592526,,
17,s17-test-0-6,07dadab14d09bc68b582c4b510e17ca7,information_gain,1,1,False,8,3.0354186342340226,next-11,pass
17,s17-test-0-6,07dadab14d09bc68b582c4b510e17ca7,information_gain,2,2,False,5,2.843726549300721,next-6,pass
17,s17-test-0-6,07dadab14d09bc68b582c4b510e17ca7,information_gain,3,3,False,4,2.982426028578121,next-5,pass
17,s17-test-0-6,07dadab14d09bc68b582c4b510e17ca7,information_gain,4,4,True,1,1.5256013186397641,next-2,fail
17,s17-test-0-6,07dadab14d09bc68b582c4b510e17ca7,random,0,0,False,8,1.6433343314592526,,
17,s17-test-0-6,07dadab14d09bc68b582c4b510e17ca7,random,1,1,False,8,1.6252273184613961,next-8,pass
17,s17-test-0-6,07dadab14d09bc68b582c4b510e17ca7,random,2,2,False,2,0.2863908296870725,next-2,fail
17,s17-test-0-6,07dadab14d09bc68b582c4b510e17ca7,random,3,3,False,2,0.2515703019930685,next-5,pass
17,s17-test-0-6,07dadab14d09bc68b582c4b510e17ca7,random,4,4,False,2,0.2503463700059659,next-1,pass
17,s17-test-0-7,07dadab14d09bc68b582c4b510e17ca7,information_gain,0,0,True,1,1.8977397700666434,,
17,s17-test-0-7,07dadab14d09bc68b582c4b510e17ca7,information_gain,1,1,True,1,1.249240675158244,next-4,pass
17,s17-test-0-7,07dadab14d09bc68b582c4b510e17ca7,information_gain,2,2,True,1,0.1795465501500195,next-3,fail
17,s17-test-0-7,07dadab14d09bc68b582c4b510e17ca7,information_gain,3,3,True,1,0.08377382349710324,next-11,pass
17,s17-test-0-7,07dadab14d09bc68b582c4b510e17ca7,information_gain,4,4,True,1,0.06763358531660701,next-5,pass
17,s17-test-0-7,07dadab14d09bc68b582c4b510e17ca7,random,0,0,True,1,1.8977397700666434,,
17,s17-test-0-7,07dadab14d09bc68b582c4b510e17ca7,random,1,1,True,1,1.5982795464092237,next-0,pass
17,s17-test-0-7,07dadab14d09bc68b582c4b510e17ca7,random,2,2,True,1,1.4056104751701228,next-9,pass
17,s17-test-0-7,07dadab14d09bc68b582c4b510e17ca7,random,3,3,True,1,1.1790287719917836,next-10,pass
17,s17-test-0-7,07dadab14d09bc68b582c4b510e17ca7,random,4,4,True,1,1.1549183437690274,next-6,pass
17,s17-test-0-8,07dadab14d09bc68b582c4b510e17ca7,information_gain,0,0,False,3,2.7931948797283472,,
17,s17-test-0-8,07dadab14d09bc68b582c4b510e17ca7,information_gain,1,1,False,2,2.592409090989931,next-5,pass
17,s17-test-0-8,07dadab14d09bc68b582c4b510e17ca7,information_gain,2,2,True,1,1.10308868001715,next-9,fail
17,s17-test-0-8,07dadab14d09bc68b582c4b510e17ca7,information_gain,3,3,True,1,0.07315232403023182,next-1,fail
17,s17-test-0-8,07dadab14d09bc68b582c4b510e17ca7,information_gain,4,4,True,1,0.042068910145568204,next-6,pass
17,s17-test-0-8,07dadab14d09bc68b582c4b510e17ca7,random,0,0,False,3,2.7931948797283472,,
17,s17-test-0-8,07dadab14d09bc68b582c4b510e17ca7,random,1,1,False,3,2.6529913337983158,next-8,pass
17,s17-test-0-8,07dadab14d09bc68b582c4b510e17ca7,random,2,2,False,3,2.3924559301895165,next-6,pass
17,s17-test-0-8,07dadab14d09bc68b582c4b510e17ca7,random,3,3,True,1,0.7597724031699179,next-1,fail
17,s17-test-0-8,07dadab14d09bc68b582c4b510e17ca7,random,4,4,True,1,0.6324859119428503,next-11,pass
17,s17-test-0-9,07dadab14d09bc68b582c4b510e17ca7,information_gain,0,0,True,1,0.548291702958349,,
17,s17-test-0-9,07dadab14d09bc68b582c4b510e17ca7,information_gain,1,1,True,1,0.26995477228280673,next-0,pass
17,s17-test-0-9,07dadab14d09bc68b582c4b510e17ca7,information_gain,2,2,True,1,0.04590626829770817,next-9,fail
17,s17-test-0-9,07dadab14d09bc68b582c4b510e17ca7,information_gain,3,3,True,1,0.016332508001136715,next-11,pass
17,s17-test-0-9,07dadab14d09bc68b582c4b510e17ca7,information_gain,4,4,True,1,0.006502765699104523,next-5,fail
17,s17-test-0-9,07dadab14d09bc68b582c4b510e17ca7,random,0,0,True,1,0.548291702958349,,
17,s17-test-0-9,07dadab14d09bc68b582c4b510e17ca7,random,1,1,True,1,0.4122025934967964,next-1,pass
17,s17-test-0-9,07dadab14d09bc68b582c4b510e17ca7,random,2,2,True,1,0.23660847707518362,next-5,fail
17,s17-test-0-9,07dadab14d09bc68b582c4b510e17ca7,random,3,3,True,1,0.22722087088570514,next-2,fail
17,s17-test-0-9,07dadab14d09bc68b582c4b510e17ca7,random,4,4,True,1,0.077473407417036,next-6,pass
17,s17-test-0-10,07dadab14d09bc68b582c4b510e17ca7,information_gain,0,0,False,4,3.127915196838905,,
17,s17-test-0-10,07dadab14d09bc68b582c4b510e17ca7,information_gain,1,1,False,2,2.2177246037220724,next-3,fail
17,s17-test-0-10,07dadab14d09bc68b582c4b510e17ca7,information_gain,2,2,True,1,1.8566243635615869,next-7,pass
17,s17-test-0-10,07dadab14d09bc68b582c4b510e17ca7,information_gain,3,3,True,1,1.336762965503498,next-0,pass
17,s17-test-0-10,07dadab14d09bc68b582c4b510e17ca7,information_gain,4,4,True,1,0.09037419645051373,next-2,fail
17,s17-test-0-10,07dadab14d09bc68b582c4b510e17ca7,random,0,0,False,4,3.127915196838905,,
17,s17-test-0-10,07dadab14d09bc68b582c4b510e17ca7,random,1,1,True,1,1.2262604805228356,next-2,fail
17,s17-test-0-10,07dadab14d09bc68b582c4b510e17ca7,random,2,2,True,1,0.856911764000906,next-10,pass
17,s17-test-0-10,07dadab14d09bc68b582c4b510e17ca7,random,3,3,True,1,0.7289765266816095,next-9,pass
17,s17-test-0-10,07dadab14d09bc68b582c4b510e17ca7,random,4,4,True,1,0.13631405688473944,next-3,fail
17,s17-test-0-11,07dadab14d09bc68b582c4b510e17ca7,information_gain,0,0,False,3,3.272651522934946,,
17,s17-test-0-11,07dadab14d09bc68b582c4b510e17ca7,information_gain,1,1,False,3,2.91077518408985,next-11,pass
17,s17-test-0-11,07dadab14d09bc68b582c4b510e17ca7,information_gain,2,2,False,2,1.453596077611718,next-10,fail
17,s17-test-0-11,07dadab14d09bc68b582c4b510e17ca7,information_gain,3,3,True,1,1.207454269767022,next-5,pass
17,s17-test-0-11,07dadab14d09bc68b582c4b510e17ca7,information_gain,4,4,True,1,0.08114385348061211,next-2,fail
17,s17-test-0-11,07dadab14d09bc68b582c4b510e17ca7,random,0,0,False,3,3.272651522934946,,
17,s17-test-0-11,07dadab14d09bc68b582c4b510e17ca7,random,1,1,False,2,1.6651642448829296,next-10,fail
17,s17-test-0-11,07dadab14d09bc68b582c4b510e17ca7,random,2,2,False,2,1.6002308233856422,next-6,pass
17,s17-test-0-11,07dadab14d09bc68b582c4b510e17ca7,random,3,3,False,2,1.4663427820481085,next-9,pass
17,s17-test-0-11,07dadab14d09bc68b582c4b510e17ca7,random,4,4,True,1,1.2108545867287417,next-5,pass
17,s17-test-1-0,bbd4ddf72e4d1c519768c7689ca74c32,information_gain,0,0,False,2,1.9005479625308064,,
17,s17-test-1-0,bbd4ddf72e4d1c519768c7689ca74c32,information_gain,1,1,True,1,1.6620022331410813,next-3,pass
17,s17-test-1-0,bbd4ddf72e4d1c519768c7689ca74c32,information_gain,2,2,False,2,3.078725924370735,next-7,pass
17,s17-test-1-0,bbd4ddf72e4d1c519768c7689ca74c32,information_gain,3,3,True,1,2.9057913188550253,next-5,pass
17,s17-test-1-0,bbd4ddf72e4d1c519768c7689ca74c32,information_gain,4,4,True,1,0.8387189259764004,next-8,fail
17,s17-test-1-0,bbd4ddf72e4d1c519768c7689ca74c32,random,0,0,False,2,1.9005479625308064,,
17,s17-test-1-0,bbd4ddf72e4d1c519768c7689ca74c32,random,1,1,True,1,1.6620022331410813,next-3,pass
17,s17-test-1-0,bbd4ddf72e4d1c519768c7689ca74c32,random,2,2,True,1,0.2200007451961099,next-8,fail
17,s17-test-1-0,bbd4ddf72e4d1c519768c7689ca74c32,random,3,3,True,1,0.21204387652780432,next-2,pass
17,s17-test-1-0,bbd4ddf72e4d1c519768c7689ca74c32,random,4,4,True,1,0.20283621152622872,next-6,pass
17,s17-test-1-1,bbd4ddf72e4d1c519768c7689ca74c32,information_gain,0,0,False,4,3.2730012686574907,,
17,s17-test-1-1,bbd4ddf72e4d1c519768c7689ca74c32,information_gain,1,1,False,2,2.9795349575606433,next-8,pass
17,s17-test-1-1,bbd4ddf72e4d1c519768c7689ca74c32,information_gain,2,2,True,1,1.3225587361678182,next-2,fail
17,s17-test-1-1,bbd4ddf72e4d1c519768c7689ca74c32,information_gain,3,3,True,1,0.08914847138178213,next-6,fail
17,s17-test-1-1,bbd4ddf72e4d1c519768c7689ca74c32,information_gain,4,4,True,1,0.4928286806896759,next-3,pass
17,s17-test-1-1,bbd4ddf72e4d1c519768c7689ca74c32,random,0,0,False,4,3.2730012686574907,,
17,s17-test-1-1,bbd4ddf72e4d1c519768c7689ca74c32,random,1,1,False,2,2.9795349575606433,next-8,pass
17,s17-test-1-1,bbd4ddf72e4d1c519768c7689ca74c32,random,2,2,False,2,2.8754826341935398,next-1,pass
17,s17-test-1-1,bbd4ddf72e4d1c519768c7689ca74c32,random,3,3,False,2,2.7347748303823547,next-7,pass
17,s17-test-1-1,bbd4ddf72e4d1c519768c7689ca74c32,random,4,4,False,2,2.6611241231262888,next-5,pass
17,s17-test-1-2,bbd4ddf72e4d1c519768c7689ca74c32,information_gain,0,0,False,6,3.3194705158870943,,
17,s17-test-1-2,bbd4ddf72e4d1c519768c7689ca74c32,information_gain,1,1,False,5,3.117834505754931,next-8,pass
17,s17-test-1-2,bbd4ddf72e4d1c519768c7689ca74c32,information_gain,2,2,False,4,2.956453298986327,next-0,pass
17,s17-test-1-2,bbd4ddf72e4d1c519768c7689ca74c32,information_gain,3,3,True,1,1.3812439733234025,next-3,fail
17,s17-test-1-2,bbd4ddf72e4d1c519768c7689ca74c32,information_gain,4,4,True,1,1.112939408940799,next-5,pass
17,s17-test-1-2,bbd4ddf72e4d1c519768c7689ca74c32,random,0,0,False,6,3.3194705158870943,,
17,s17-test-1-2,bbd4ddf72e4d1c519768c7689ca74c32,random,1,1,False,6,3.216681481218643,next-9,pass
17,s17-test-1-2,bbd4ddf72e4d1c519768c7689ca74c32,random,2,2,False,5,3.0640801905510924,next-8,pass
17,s17-test-1-2,bbd4ddf72e4d1c519768c7689ca74c32,random,3,3,False,4,2.8957263754513867,next-0,pass
17,s17-test-1-2,bbd4ddf72e4d1c519768c7689ca74c32,random,4,4,False,4,2.8357404577616627,next-5,pass
17,s17-test-1-3,bbd4ddf72e4d1c519768c7689ca74c32,information_gain,0,0,True,1,3.407434750232973,,
17,s17-test-1-3,bbd4ddf72e4d1c519768c7689ca74c32,information_gain,1,1,True,1,3.1794852935099898,next-5,pass
17,s17-test-1-3,bbd4ddf72e4d1c519768c7689ca74c32,information_gain,2,2,True,1,2.968867062399173,next-1,pass
17,s17-test-1-3,bbd4ddf72e4d1c519768c7689ca74c32,information_gain,3,3,True,1,2.7893745837565347,next-10,pass
17,s17-test-1-3,bbd4ddf72e4d1c519768c7689ca74c32,information_gain,4,4,True,1,2.5851157401344516,next-7,pass
17,s17-test-1-3,bbd4ddf72e4d1c519768c7689ca74c32,random,0,0,True,1,3.407434750232973,,
17,s17-test-1-3,bbd4ddf72e4d1c519768c7689ca74c32,random,1,1,True,1,3.3194705158870943,next-4,pass
17,s17-test-1-3,bbd4ddf72e4d1c519768c7689ca74c32,random,2,2,True,1,3.275987125159417,next-9,pass
17,s17-test-1-3,bbd4ddf72e4d1c519768c7689ca74c32,random,3,3,True,1,3.0244973667093795,next-5,pass
17,s17-test-1-3,bbd4ddf72e4d1c519768c7689ca74c32,random,4,4,True,1,2.897940945994853,next-10,pass
17,s17-test-1-4,bbd4ddf72e4d1c519768c7689ca74c32,information_gain,0,0,False,6,3.362203657368229,,
17,s17-test-1-4,bbd4ddf72e4d1c519768c7689ca74c32,information_gain,1,1,False,4,3.1288189529036514,next-9,pass
17,s17-test-1-4,bbd4ddf72e4d1c519768c7689ca74c32,information_gain,2,2,False,2,2.9178193557087115,next-1,pass
17,s17-test-1-4,bbd4ddf72e4d1c519768c7689ca74c32,information_gain,3,3,True,1,1.43152175803531,next-4,fail
17,s17-test-1-4,bbd4ddf72e4d1c519768c7689ca74c32,information_gain,4,4,False,2,1.177388854296629,next-2,pass
17,s17-test-1-4,bbd4ddf72e4d1c519768c7689ca74c32,random,0,0,False,6,3.362203657368229,,
17,s17-test-1-4,bbd4ddf72e4d1c519768c7689ca74c32,random,1,1,False,4,3.1288189529036514,next-9,pass
17,s17-test-1-4,bbd4ddf72e4d1c519768c7689ca74c32,random,2,2,False,4,3.0257638856275677,next-0,pass
17,s17-test-1-4,bbd4ddf72e4d1c519768c7689ca74c32,random,3,3,False,4,3.0135908391491597,next-11,pass
17,s17-test-1-4,bbd4ddf72e4d1c519768c7689ca74c32,random,4,4,False,3,2.9041717814987464,next-7,pass
17,s17-test-1-5,bbd4ddf72e4d1c519768c7689ca74c32,information_gain,0,0,True,1,3.362203657368229,,
17,s17-test-1-5,bbd4ddf72e4d1c519768c7689ca74c32,information_gain,1,1,True,1,3.1288189529036514,next-1,pass
17,s17-test-1-5,bbd4ddf72e4d1c519768c7689ca74c32,information_gain,2,2,True,1,2.9178193557087115,next-2,pass
17,s17-test-1-5,bbd4ddf72e4d1c519768c7689ca74c32,information_gain,3,3,True,1,2.7347748303823547,next-10,pass
17,s17-test-1-5,bbd4ddf72e4d1c519768c7689ca74c32,information_gain,4,4,True,1,2.612539371226922,next-4,pass
17,s17-test-1-5,bbd4ddf72e4d1c519768c7689ca74c32,random,0,0,True,1,3.362203657368229,,
17,s17-test-1-5,bbd4ddf72e4d1c519768c7689ca74c32,random,1,1,True,1,3.1288189529036514,next-1,pass
17,s17-test-1-5,bbd4ddf72e4d1c519768c7689ca74c32,random,2,2,True,1,3.0244973667093795,next-7,pass
17,s17-test-1-5,bbd4ddf72e4d1c519768c7689ca74c32,random,3,3,True,1,2.9474204023714154,next-5,pass
17,s17-test-1-5,bbd4ddf72e4d1c519768c7689ca74c32,random,4,4,True,1,2.8250315990734927,next-6,pass
17,s17-test-1-6,bbd4ddf72e4d1c519768c7689ca74c32,information_gain,0,0,False,6,3.3194705158870943,,
17,s17-test-1-6,bbd4ddf72e4d1c519768c7689ca74c32,information_gain,1,1,False,3,3.0257638856275677,next-9,pass
17,s17-test-1-6,bbd4ddf72e4d1c519768c7689ca74c32,information_gain,2,2,False,2,2.8544579402642,next-8,pass
17,s17-test-1-6,bbd4ddf72e4d1c519768c7689ca74c32,information_gain,3,3,False,2,2.7347748303823547,next-10,pass
17,s17-test-1-6,bbd4ddf72e4d1c519768c7689ca74c32,information_gain,4,4,False,2,2.612539371226922,next-4,pass
17,s17-test-1-6,bbd4ddf72e4d1c519768c7689ca74c32,random,0,0,False,6,3.3194705158870943,,
17,s17-test-1-6,bbd4ddf72e4d1c519768c7689ca74c32,random,1,1,False,6,3.275987125159417,next-7,pass
17,s17-test-1-6,bbd4ddf72e4d1c519768c7689ca74c32,random,2,2,False,4,3.077212772274824,next-2,pass
17,s17-test-1-6,bbd4ddf72e4d1c519768c7689ca74c32,random,3,3,False,4,2.959043036156658,next-0,pass
17,s17-test-1-6,bbd4ddf72e4d1c519768c7689ca74c32,random,4,4,False,4,2.837996729762484,next-6,pass
17,s17-test-1-7,bbd4ddf72e4d1c519768c7689ca74c32,information_gain,0,0,True,1,1.7597510401805774,,
17,s17-test-1-7,bbd4ddf72e4d1c519768c7689ca74c32,information_gain,1,1,True,1,0.5891730266043137,next-4,fail
17,s17-test-1-7,bbd4ddf72e4d1c519768c7689ca74c32,information_gain,2,2,True,1,0.04148317363769494,next-3,fail
17,s17-test-1-7,bbd4ddf72e4d1c519768c7689ca74c32,information_gain,3,3,True,1,0.024647592532282936,next-10,pass
17,s17-test-1-7,bbd4ddf72e4d1c519768c7689ca74c32,information_gain,4,4,True,1,0.016336005796227168,next-1,pass
17,s17-test-1-7,bbd4ddf72e4d1c519768c7689ca74c32,random,0,0,True,1,1.7597510401805774,,
17,s17-test-1-7,bbd4ddf72e4d1c519768c7689ca74c32,random,1,1,True,1,0.5891730266043137,next-4,fail
17,s17-test-1-7,bbd4ddf72e4d1c519768c7689ca74c32,random,2,2,True,1,0.5746090886681097,next-1,pass
17,s17-test-1-7,bbd4ddf72e4d1c519768c7689ca74c32,random,3,3,True,1,0.5734687640574153,next-8,pass
17,s17-test-1-7,bbd4ddf72e4d1c519768c7689ca74c32,random,4,4,True,1,0.032846992410733016,next-3,fail
17,s17-test-1-8,bbd4ddf72e4d1c519768c7689ca74c32,information_gain,0,0,False,2,3.1794852935099898,,
17,s17-test-1-8,bbd4ddf72e4d1c519768c7689ca74c32,information_gain,1,1,False,2,2.9706317473464106,next-0,pass
17,s17-test-1-8,bbd4ddf72e4d1c519768c7689ca74c32,information_gain,2,2,True,1,1.2056597204674644,next-1,fail
17,s17-test-1-8,bbd4ddf72e4d1c519768c7689ca74c32,information_gain,3,3,True,1,1.0913152813295213,next-9,pass
17,s17-test-1-8,bbd4ddf72e4d1c519768c7689ca74c32,information_gain,4,4,True,1,0.9763194441477393,next-11,pass
17,s17-test-1-8,bbd4ddf72e4d1c519768c7689ca74c32,random,0,0,False,2,3.1794852935099898,,
17,s17-test-1-8,bbd4ddf72e4d1c519768c7689ca74c32,random,1,1,False,2,3.1210313645570156,next-8,pass
17,s17-test-1-8,bbd4ddf72e4d1c519768c7689ca74c32,random,2,2,False,2,2.959043036156658,next-10,pass
17,s17-test-1-8,bbd4ddf72e4d1c519768c7689ca74c32,random,3,3,False,2,2.837996729762484,next-11,pass
17,s17-test-1-8,bbd4ddf72e4d1c519768c7689ca74c32,random,4,4,False,2,2.7765602763597603,next-6,pass
17,s17-test-1-9,bbd4ddf72e4d1c519768c7689ca74c32,information_gain,0,0,True,1,3.179354906550013,,
17,s17-test-1-9,bbd4ddf72e4d1c519768c7689ca74c32,information_gain,1,1,True,1,2.9795349575606433,next-11,pass
17,s17-test-1-9,bbd4ddf72e4d1c519768c7689ca74c32,information_gain,2,2,True,1,2.806189858768366,next-5,pass
17,s17-test-1-9,bbd4ddf72e4d1c519768c7689ca74c32,information_gain,3,3,True,1,2.612539371226922,next-8,pass
17,s17-test-1-9,bbd4ddf72e4d1c519768c7689ca74c32,information_gain,4,4,True,1,2.439974857298146,next-1,pass
17,s17-test-1-9,bbd4ddf72e4d1c519768c7689ca74c32,random,0,0,True,1,3.179354906550013,,
17,s17-test-1-9,bbd4ddf72e4d1c519768c7689ca74c32,random,1,1,True,1,3.0257638856275677,next-7,pass
17,s17-test-1-9,bbd4ddf72e4d1c519768c7689ca74c32,random,2,2,True,1,2.806189858768366,next-11,pass
17,s17-test-1-9,bbd4ddf72e4d1c519768c7689ca74c32,random,3,3,True,1,2.6611241231262888,next-5,pass
17,s17-test-1-9,bbd4ddf72e4d1c519768c7689ca74c32,random,4,4,True,1,2.568336561377208,next-9,pass
17,s17-test-1-10,bbd4ddf72e4d1c519768c7689ca74c32,information_gain,0,0,True,1,0.4414339166474638,,
17,s17-test-1-10,bbd4ddf72e4d1c519768c7689ca74c32,information_gain,1,1,True,1,0.03255022820334328,next-3,fail
17,s17-test-1-10,bbd4ddf72e4d1c519768c7689ca74c32,information_gain,2,2,True,1,0.001740448371716215,next-7,fail
17,s17-test-1-10,bbd4ddf72e4d1c519768c7689ca74c32,information_gain,3,3,True,1,0.0010417332257443882,next-2,pass
17,s17-test-1-10,bbd4ddf72e4d1c519768c7689ca74c32,information_gain,4,4,True,1,0.0006905024836999108,next-1,pass
17,s17-test-1-10,bbd4ddf72e4d1c519768c7689ca74c32,random,0,0,True,1,0.4414339166474638,,
17,s17-test-1-10,bbd4ddf72e4d1c519768c7689ca74c32,random,1,1,True,1,0.4402576039550757,next-8,pass
17,s17-test-1-10,bbd4ddf72e4d1c519768c7689ca74c32,random,2,2,True,1,0.4251629101021735,next-11,pass
17,s17-test-1-10,bbd4ddf72e4d1c519768c7689ca74c32,random,3,3,True,1,0.031804128292745225,next-7,fail
17,s17-test-1-10,bbd4ddf72e4d1c519768c7689ca74c32,random,4,4,True,1,0.03145623439591612,next-6,pass
17,s17-test-1-11,bbd4ddf72e4d1c519768c7689ca74c32,information_gain,0,0,True,1,3.1794852935099898,,
17,s17-test-1-11,bbd4ddf72e4d1c519768c7689ca74c32,information_gain,1,1,True,1,2.8544579402642,next-8,pass
17,s17-test-1-11,bbd4ddf72e4d1c519768c7689ca74c32,information_gain,2,2,True,1,2.5851157401344516,next-1,pass
17,s17-test-1-11,bbd4ddf72e4d1c519768c7689ca74c32,information_gain,3,3,True,1,2.425489963388858,next-4,pass
17,s17-test-1-11,bbd4ddf72e4d1c519768c7689ca74c32,information_gain,4,4,True,1,2.3233397002870673,next-10,pass
17,s17-test-1-11,bbd4ddf72e4d1c519768c7689ca74c32,random,0,0,True,1,3.1794852935099898,,
17,s17-test-1-11,bbd4ddf72e4d1c519768c7689ca74c32,random,1,1,True,1,3.1210313645570156,next-5,pass
17,s17-test-1-11,bbd4ddf72e4d1c519768c7689ca74c32,random,2,2,True,1,3.0215632283819387,next-0,pass
17,s17-test-1-11,bbd4ddf72e4d1c519768c7689ca74c32,random,3,3,True,1,2.8919297242563116,next-10,pass
17,s17-test-1-11,bbd4ddf72e4d1c519768c7689ca74c32,random,4,4,True,1,2.8800554577039055,next-6,pass
17,s17-test-2-0,46bf70355529a2d4f91cfc54f18a9f03,information_gain,0,0,True,1,1.8325185767383545,,
17,s17-test-2-0,46bf70355529a2d4f91cfc54f18a9f03,information_gain,1,1,True,1,1.632173501094922,next-5,pass
17,s17-test-2-0,46bf70355529a2d4f91cfc54f18a9f03,information_gain,2,2,True,1,1.4370470150615886,next-7,pass
17,s17-test-2-0,46bf70355529a2d4f91cfc54f18a9f03,information_gain,3,3,False,2,1.9084690327691625,next-1,fail
17,s17-test-2-0,46bf70355529a2d4f91cfc54f18a9f03,information_gain,4,4,False,2,1.7470568280532768,next-6,pass
17,s17-test-2-0,46bf70355529a2d4f91cfc54f18a9f03,random,0,0,True,1,1.8325185767383545,,
17,s17-test-2-0,46bf70355529a2d4f91cfc54f18a9f03,random,1,1,True,1,1.7431069075805319,next-4,pass
17,s17-test-2-0,46bf70355529a2d4f91cfc54f18a9f03,random,2,2,True,1,1.7249993676715023,next-0,pass
17,s17-test-2-0,46bf70355529a2d4f91cfc54f18a9f03,random,3,3,True,1,1.6885557183526634,next-8,pass
17,s17-test-2-0,46bf70355529a2d4f91cfc54f18a9f03,random,4,4,True,1,1.6671147376226676,next-6,pass
17,s17-test-2-1,46bf70355529a2d4f91cfc54f18a9f03,information_gain,0,0,False,7,3.6973310289214294,,
17,s17-test-2-1,46bf70355529a2d4f91cfc54f18a9f03,information_gain,1,1,False,6,3.512680229389358,next-10,pass
17,s17-test-2-1,46bf70355529a2d4f91cfc54f18a9f03,information_gain,2,2,True,1,1.8720227569221055,next-2,fail
17,s17-test-2-1,46bf70355529a2d4f91cfc54f18a9f03,information_gain,3,3,True,1,1.7804341149292078,next-11,pass
17,s17-test-2-1,46bf70355529a2d4f91cfc54f18a9f03,information_gain,4,4,True,1,0.1288495740408251,next-0,fail
17,s17-test-2-1,46bf70355529a2d4f91cfc54f18a9f03,random,0,0,False,7,3.6973310289214294,,
17,s17-test-2-1,46bf70355529a2d4f91cfc54f18a9f03,random,1,1,False,7,3.590678213591656,next-6,pass
17,s17-test-2-1,46bf70355529a2d4f91cfc54f18a9f03,random,2,2,False,5,3.43071445582359,next-9,pass
17,s17-test-2-1,46bf70355529a2d4f91cfc54f18a9f03,random,3,3,True,1,1.5170286625824876,next-0,fail
17,s17-test-2-1,46bf70355529a2d4f91cfc54f18a9f03,random,4,4,True,1,0.1346350146087968,next-2,fail
17,s17-test-2-2,46bf70355529a2d4f91cfc54f18a9f03,information_gain,0,0,False,11,3.7664762280374138,,
17,s17-test-2-2,46bf70355529a2d4f91cfc54f18a9f03,information_gain,1,1,False,8,3.549308664172062,next-4,pass
17,s17-test-2-2,46bf70355529a2d4f91cfc54f18a9f03,information_gain,2,2,False,6,3.3444787790723267,next-8,pass
17,s17-test-2-2,46bf70355529a2d4f91cfc54f18a9f03,information_gain,3,3,False,5,3.1970441453454272,next-1,pass
17,s17-test-2-2,46bf70355529a2d4f91cfc54f18a9f03,information_gain,4,4,True,1,1.6535600957309204,next-3,fail
17,s17-test-2-2,46bf70355529a2d4f91cfc54f18a9f03,random,0,0,False,11,3.7664762280374138,,
17,s17-test-2-2,46bf70355529a2d4f91cfc54f18a9f03,random,1,1,False,16,3.6177902621358005,next-7,pass
17,s17-test-2-2,46bf70355529a2d4f91cfc54f18a9f03,random,2,2,False,16,3.541579398586098,next-0,pass
17,s17-test-2-2,46bf70355529a2d4f91cfc54f18a9f03,random,3,3,False,2,3.4282962716298497,next-3,fail
17,s17-test-2-2,46bf70355529a2d4f91cfc54f18a9f03,random,4,4,True,1,3.490033256367556,next-6,pass
17,s17-test-2-3,46bf70355529a2d4f91cfc54f18a9f03,information_gain,0,0,False,14,3.832683563012824,,
17,s17-test-2-3,46bf70355529a2d4f91cfc54f18a9f03,information_gain,1,1,False,11,3.590678213591656,next-8,pass
17,s17-test-2-3,46bf70355529a2d4f91cfc54f18a9f03,information_gain,2,2,False,10,3.4675852186777694,next-10,pass
17,s17-test-2-3,46bf70355529a2d4f91cfc54f18a9f03,information_gain,3,3,False,9,3.3401968533774924,next-9,pass
17,s17-test-2-3,46bf70355529a2d4f91cfc54f18a9f03,information_gain,4,4,False,8,3.237401254283195,next-1,pass
17,s17-test-2-3,46bf70355529a2d4f91cfc54f18a9f03,random,0,0,False,14,3.832683563012824,,
17,s17-test-2-3,46bf70355529a2d4f91cfc54f18a9f03,random,1,1,False,13,3.7664762280374138,next-6,pass
17,s17-test-2-3,46bf70355529a2d4f91cfc54f18a9f03,random,2,2,False,12,3.665006655146592,next-1,pass
17,s17-test-2-3,46bf70355529a2d4f91cfc54f18a9f03,random,3,3,False,10,3.475507075983033,next-10,pass
17,s17-test-2-3,46bf70355529a2d4f91cfc54f18a9f03,random,4,4,False,9,3.333039875773846,next-5,pass
17,s17-test-2-4,46bf70355529a2d4f91cfc54f18a9f03,information_gain,0,0,False,10,3.6973310289214294,,
17,s17-test-2-4,46bf70355529a2d4f91cfc54f18a9f03,information_gain,1,1,False,8,3.541579398586098,next-10,pass
17,s17-test-2-4,46bf70355529a2d4f91cfc54f18a9f03,information_gain,2,2,False,6,3.376188395753645,next-8,pass
17,s17-test-2-4,46bf70355529a2d4f91cfc54f18a9f03,information_gain,3,3,False,2,1.7148864687972871,next-2,fail
17,s17-test-2-4,46bf70355529a2d4f91cfc54f18a9f03,information_gain,4,4,True,1,0.26288512851584345,next-11,fail
17,s17-test-2-4,46bf70355529a2d4f91cfc54f18a9f03,random,0,0,False,10,3.6973310289214294,,
17,s17-test-2-4,46bf70355529a2d4f91cfc54f18a9f03,random,1,1,True,1,1.8148881316730794,next-11,fail
17,s17-test-2-4,46bf70355529a2d4f91cfc54f18a9f03,random,2,2,True,1,1.6321735010949217,next-4,pass
17,s17-test-2-4,46bf70355529a2d4f91cfc54f18a9f03,random,3,3,True,1,1.5137869606493939,next-1,pass
17,s17-test-2-4,46bf70355529a2d4f91cfc54f18a9f03,random,4,4,True,1,1.3940614614105165,next-9,pass
17,s17-test-2-5,46bf70355529a2d4f91cfc54f18a9f03,information_gain,0,0,False,11,3.658899192241896,,
17,s17-test-2-5,46bf70355529a2d4f91cfc54f18a9f03,information_gain,1,1,False,9,3.508574026699632,next-2,pass
17,s17-test-2-5,46bf70355529a2d4f91cfc54f18a9f03,information_gain,2,2,False,7,3.3443107211057486,next-9,pass
17,s17-test-2-5,46bf70355529a2d4f91cfc54f18a9f03,information_gain,3,3,False,6,3.207991779506027,next-3,pass
17,s17-test-2-5,46bf70355529a2d4f91cfc54f18a9f03,information_gain,4,4,False,5,3.0578454212703265,next-11,pass
17,s17-test-2-5,46bf70355529a2d4f91cfc54f18a9f03,random,0,0,False,11,3.658899192241896,,
17,s17-test-2-5,46bf70355529a2d4f91cfc54f18a9f03,random,1,1,False,9,3.508574026699632,next-9,pass
17,s17-test-2-5,46bf70355529a2d4f91cfc54f18a9f03,random,2,2,False,9,3.43071445582359,next-4,pass
17,s17-test-2-5,46bf70355529a2d4f91cfc54f18a9f03,random,3,3,False,9,3.3823254110468906,next-7,pass
17,s17-test-2-5,46bf70355529a2d4f91cfc54f18a9f03,random,4,4,False,9,3.341698231670716,next-8,pass
17,s17-test-2-6,46bf70355529a2d4f91cfc54f18a9f03,information_gain,0,0,False,7,3.729244582529725,,
17,s17-test-2-6,46bf70355529a2d4f91cfc54f18a9f03,information_gain,1,1,False,5,3.4699504842038937,next-0,pass
17,s17-test-2-6,46bf70355529a2d4f91cfc54f18a9f03,information_gain,2,2,False,4,3.301506039927567,next-11,pass
17,s17-test-2-6,46bf70355529a2d4f91cfc54f18a9f03,information_gain,3,3,True,1,1.933126648492682,next-9,fail
17,s17-test-2-6,46bf70355529a2d4f91cfc54f18a9f03,information_gain,4,4,True,1,0.15173808689069934,next-6,fail
17,s17-test-2-6,46bf70355529a2d4f91cfc54f18a9f03,random,0,0,False,7,3.729244582529725,,
17,s17-test-2-6,46bf70355529a2d4f91cfc54f18a9f03,random,1,1,False,2,2.1459675756630827,next-2,fail
17,s17-test-2-6,46bf70355529a2d4f91cfc54f18a9f03,random,2,2,False,2,2.069581709217255,next-11,pass
17,s17-test-2-6,46bf70355529a2d4f91cfc54f18a9f03,random,3,3,False,2,2.0588762931638955,next-10,pass
17,s17-test-2-6,46bf70355529a2d4f91cfc54f18a9f03,random,4,4,False,2,2.0463603191261033,next-5,pass
17,s17-test-2-7,46bf70355529a2d4f91cfc54f18a9f03,information_gain,0,0,False,4,3.6973310289214294,,
17,s17-test-2-7,46bf70355529a2d4f91cfc54f18a9f03,information_gain,1,1,False,3,3.475507075983033,next-7,pass
17,s17-test-2-7,46bf70355529a2d4f91cfc54f18a9f03,information_gain,2,2,False,3,3.292281325192335,next-2,pass
17,s17-test-2-7,46bf70355529a2d4f91cfc54f18a9f03,information_gain,3,3,False,4,1.4782867498041914,next-10,fail
17,s17-test-2-7,46bf70355529a2d4f91cfc54f18a9f03,information_gain,4,4,False,4,3.1559104645174956,next-0,pass
17,s17-test-2-7,46bf70355529a2d4f91cfc54f18a9f03,random,0,0,False,4,3.6973310289214294,,
17,s17-test-2-7,46bf70355529a2d4f91cfc54f18a9f03,random,1,1,False,3,3.6250213576433437,next-6,pass
17,s17-test-2-7,46bf70355529a2d4f91cfc54f18a9f03,random,2,2,False,2,3.390849330499222,next-7,pass
17,s17-test-2-7,46bf70355529a2d4f91cfc54f18a9f03,random,3,3,False,2,3.301506039927567,next-8,pass
17,s17-test-2-7,46bf70355529a2d4f91cfc54f18a9f03,random,4,4,False,2,3.292281325192335,next-5,pass
17,s17-test-2-8,46bf70355529a2d4f91cfc54f18a9f03,information_gain,0,0,False,2,3.583364018560749,,
17,s17-test-2-8,46bf70355529a2d4f91cfc54f18a9f03,information_gain,1,1,False,2,3.3823254110468906,next-6,pass
17,s17-test-2-8,46bf70355529a2d4f91cfc54f18a9f03,information_gain,2,2,False,2,3.1970441453454272,next-2,pass
17,s17-test-2-8,46bf70355529a2d4f91cfc54f18a9f03,information_gain,3,3,False,2,3.0421152202834225,next-8,pass
17,s17-test-2-8,46bf70355529a2d4f91cfc54f18a9f03,information_gain,4,4,False,2,2.929830323952958,next-0,pass
17,s17-test-2-8,46bf70355529a2d4f91cfc54f18a9f03,random,0,0,False,2,3.583364018560749,,
17,s17-test-2-8,46bf70355529a2d4f91cfc54f18a9f03,random,1,1,False,2,3.5042661042779826,next-5,pass
17,s17-test-2-8,46bf70355529a2d4f91cfc54f18a9f03,random,2,2,False,2,3.4669536722344096,next-11,pass
17,s17-test-2-8,46bf70355529a2d4f91cfc54f18a9f03,random,3,3,False,2,3.3803845648597823,next-0,pass
17,s17-test-2-8,46bf70355529a2d4f91cfc54f18a9f03,random,4,4,False,2,3.371999594130174,next-7,pass
17,s17-test-2-9,46bf70355529a2d4f91cfc54f18a9f03,information_gain,0,0,False,12,3.7966392733037853,,
17,s17-test-2-9,46bf70355529a2d4f91cfc54f18a9f03,information_gain,1,1,False,9,3.5493086641720626,next-5,pass
17,s17-test-2-9,46bf70355529a2d4f91cfc54f18a9f03,information_gain,2,2,False,2,1.8413262772337535,next-6,fail
17,s17-test-2-9,46bf70355529a2d4f91cfc54f18a9f03,information_gain,3,3,False,2,1.7661553903356804,next-11,pass
17,s17-test-2-9,46bf70355529a2d4f91cfc54f18a9f03,information_gain,4,4,False,2,1.6909517549165107,next-7,pass
17,s17-test-2-9,46bf70355529a2d4f91cfc54f18a9f03,random,0,0,False,12,3.7966392733037853,,
17,s17-test-2-9,46bf70355529a2d4f91cfc54f18a9f03,random,1,1,False,10,3.6250213576433437,next-7,pass
17,s17-test-2-9,46bf70355529a2d4f91cfc54f18a9f03,random,2,2,False,10,3.5493086641720626,next-3,pass
17,s17-test-2-9,46bf70355529a2d4f91cfc54f18a9f03,random,3,3,False,10,3.512680229389358,next-10,pass
17,s17-test-2-9,46bf70355529a2d4f91cfc54f18a9f03,random,4,4,False,2,1.829769260828933,next-6,fail
17,s17-test-2-10,46bf70355529a2d4f91cfc54f18a9f03,information_gain,0,0,False,8,3.7664762280374138,,
17,s17-test-2-10,46bf70355529a2d4f91cfc54f18a9f03,information_gain,1,1,False,9,2.244892600551425,next-11,fail
17,s17-test-2-10,46bf70355529a2d4f91cfc54f18a9f03,information_gain,2,2,False,9,2.1126529497176882,next-3,pass
17,s17-test-2-10,46bf70355529a2d4f91cfc54f18a9f03,information_gain,3,3,False,8,1.9663164849519403,next-0,pass
17,s17-test-2-10,46bf70355529a2d4f91cfc54f18a9f03,information_gain,4,4,False,2,2.4383156993138155,next-2,fail
17,s17-test-2-10,46bf70355529a2d4f91cfc54f18a9f03,random,0,0,False,8,3.7664762280374138,,
17,s17-test-2-10,46bf70355529a2d4f91cfc54f18a9f03,random,1,1,False,2,2.058853093367119,next-2,fail
17,s17-test-2-10,46bf70355529a2d4f91cfc54f18a9f03,random,2,2,False,2,1.9430307061579606,next-10,pass
17,s17-test-2-10,46bf70355529a2d4f91cfc54f18a9f03,random,3,3,True,1,1.8834493966012587,next-4,pass
17,s17-test-2-10,46bf70355529a2d4f91cfc54f18a9f03,random,4,4,True,1,0.13821149533250882,next-9,fail
17,s17-test-2-11,46bf70355529a2d4f91cfc54f18a9f03,information_gain,0,0,True,1,3.6973310289214294,,
17,s17-test-2-11,46bf70355529a2d4f91cfc54f18a9f03,information_gain,1,1,True,1,3.512680229389358,next-2,pass
17,s17-test-2-11,46bf70355529a2d4f91cfc54f18a9f03,information_gain,2,2,True,1,3.3444787790723267,next-11,pass
17,s17-test-2-11,46bf70355529a2d4f91cfc54f18a9f03,information_gain,3,3,True,1,3.158154306073193,next-7,pass
17,s17-test-2-11,46bf70355529a2d4f91cfc54f18a9f03,information_gain,4,4,True,1,2.9895954711209463,next-4,pass
17,s17-test-2-11,46bf70355529a2d4f91cfc54f18a9f03,random,0,0,True,1,3.6973310289214294,,
17,s17-test-2-11,46bf70355529a2d4f91cfc54f18a9f03,random,1,1,True,1,3.590678213591656,next-8,pass
17,s17-test-2-11,46bf70355529a2d4f91cfc54f18a9f03,random,2,2,True,1,3.497015902398038,next-1,pass
17,s17-test-2-11,46bf70355529a2d4f91cfc54f18a9f03,random,3,3,True,1,3.410939120668057,next-0,pass
17,s17-test-2-11,46bf70355529a2d4f91cfc54f18a9f03,random,4,4,True,1,3.279558935805896,next-4,pass
17,s17-test-3-0,ce5e5cbee2eeb9ebee20bf6b8ffe6563,information_gain,0,0,False,8,3.4876473839588655,,
17,s17-test-3-0,ce5e5cbee2eeb9ebee20bf6b8ffe6563,information_gain,1,1,False,7,3.2954664237174596,next-5,pass
17,s17-test-3-0,ce5e5cbee2eeb9ebee20bf6b8ffe6563,information_gain,2,2,False,5,3.0854738481816946,next-0,pass
17,s17-test-3-0,ce5e5cbee2eeb9ebee20bf6b8ffe6563,information_gain,3,3,False,4,2.8562621021093415,next-1,pass
17,s17-test-3-0,ce5e5cbee2eeb9ebee20bf6b8ffe6563,information_gain,4,4,False,3,2.6575998128669904,next-6,pass
17,s17-test-3-0,ce5e5cbee2eeb9ebee20bf6b8ffe6563,random,0,0,False,8,3.4876473839588655,,
17,s17-test-3-0,ce5e5cbee2eeb9ebee20bf6b8ffe6563,random,1,1,False,7,3.2954664237174596,next-5,pass
17,s17-test-3-0,ce5e5cbee2eeb9ebee20bf6b8ffe6563,random,2,2,False,6,3.1971931670661413,next-4,pass
17,s17-test-3-0,ce5e5cbee2eeb9ebee20bf6b8ffe6563,random,3,3,False,5,3.0331719468054366,next-0,pass
17,s17-test-3-0,ce5e5cbee2eeb9ebee20bf6b8ffe6563,random,4,4,False,4,2.7922198167039833,next-1,pass
17,s17-test-3-1,ce5e5cbee2eeb9ebee20bf6b8ffe6563,information_gain,0,0,True,1,3.55390769910727,,
17,s17-test-3-1,ce5e5cbee2eeb9ebee20bf6b8ffe6563,information_gain,1,1,True,1,3.307189812977489,next-7,pass
17,s17-test-3-1,ce5e5cbee2eeb9ebee20bf6b8ffe6563,information_gain,2,2,True,1,3.1660350902673158,next-3,pass
17,s17-test-3-1,ce5e5cbee2eeb9ebee20bf6b8ffe6563,information_gain,3,3,True,1,3.0633001515245493,next-1,pass
17,s17-test-3-1,ce5e5cbee2eeb9ebee20bf6b8ffe6563,information_gain,4,4,True,1,2.9546450198080945,next-8,pass
17,s17-test-3-1,ce5e5cbee2eeb9ebee20bf6b8ffe6563,random,0,0,True,1,3.55390769910727,,
17,s17-test-3-1,ce5e5cbee2eeb9ebee20bf6b8ffe6563,random,1,1,True,1,3.4357999704610394,next-3,pass
17,s17-test-3-1,ce5e5cbee2eeb9ebee20bf6b8ffe6563,random,2,2,True,1,3.1660350902673158,next-7,pass
17,s17-test-3-1,ce5e5cbee2eeb9ebee20bf6b8ffe6563,random,3,3,True,1,3.0960513607279667,next-10,pass
17,s17-test-3-1,ce5e5cbee2eeb9ebee20bf6b8ffe6563,random,4,4,True,1,3.045799228446701,next-5,pass
17,s17-test-3-2,ce5e5cbee2eeb9ebee20bf6b8ffe6563,information_gain,0,0,True,1,1.803375535815781,,
17,s17-test-3-2,ce5e5cbee2eeb9ebee20bf6b8ffe6563,information_gain,1,1,True,1,0.29315494199822467,next-10,fail
17,s17-test-3-2,ce5e5cbee2eeb9ebee20bf6b8ffe6563,information_gain,2,2,True,1,0.023882413174592575,next-2,fail
17,s17-test-3-2,ce5e5cbee2eeb9ebee20bf6b8ffe6563,information_gain,3,3,True,1,0.015221047975239805,next-11,pass
17,s17-test-3-2,ce5e5cbee2eeb9ebee20bf6b8ffe6563,information_gain,4,4,True,1,0.013931754057491558,next-6,pass
17,s17-test-3-2,ce5e5cbee2eeb9ebee20bf6b8ffe6563,random,0,0,True,1,1.803375535815781,,
17,s17-test-3-2,ce5e5cbee2eeb9ebee20bf6b8ffe6563,random,1,1,True,1,1.694786763501306,next-1,pass
17,s17-test-3-2,ce5e5cbee2eeb9ebee20bf6b8ffe6563,random,2,2,True,1,1.4846462624624275,next-0,pass
17,s17-test-3-2,ce5e5cbee2eeb9ebee20bf6b8ffe6563,random,3,3,True,1,1.3804381460412019,next-6,pass
17,s17-test-3-2,ce5e5cbee2eeb9ebee20bf6b8ffe6563,random,4,4,True,1,1.275935967774949,next-7,pass
17,s17-test-3-3,ce5e5cbee2eeb9ebee20bf6b8ffe6563,information_gain,0,0,True,1,1.9415921793413071,,
17,s17-test-3-3,ce5e5cbee2eeb9ebee20bf6b8ffe6563,information_gain,1,1,True,1,0.32225894741115824,next-4,fail
17,s17-test-3-3,ce5e5cbee2eeb9ebee20bf6b8ffe6563,information_gain,2,2,True,1,0.29565824931716145,next-10,pass
17,s17-test-3-3,ce5e5cbee2eeb9ebee20bf6b8ffe6563,information_gain,3,3,True,1,0.26435098146784153,next-6,pass
17,s17-test-3-3,ce5e5cbee2eeb9ebee20bf6b8ffe6563,information_gain,4,4,True,1,0.25649811603478034,next-0,pass
17,s17-test-3-3,ce5e5cbee2eeb9ebee20bf6b8ffe6563,random,0,0,True,1,1.9415921793413071,,
17,s17-test-3-3,ce5e5cbee2eeb9ebee20bf6b8ffe6563,random,1,1,True,1,1.8820689180198125,next-9,pass
17,s17-test-3-3,ce5e5cbee2eeb9ebee20bf6b8ffe6563,random,2,2,True,1,1.8572838420360185,next-3,pass
17,s17-test-3-3,ce5e5cbee2eeb9ebee20bf6b8ffe6563,random,3,3,True,1,1.6056257492901325,next-6,pass
17,s17-test-3-3,ce5e5cbee2eeb9ebee20bf6b8ffe6563,random,4,4,True,1,1.5395149562982362,next-8,pass
17,s17-test-3-4,ce5e5cbee2eeb9ebee20bf6b8ffe6563,information_gain,0,0,False,6,3.6352424243259254,,
17,s17-test-3-4,ce5e5cbee2eeb9ebee20bf6b8ffe6563,information_gain,1,1,False,4,3.43339040842491,next-1,pass
17,s17-test-3-4,ce5e5cbee2eeb9ebee20bf6b8ffe6563,information_gain,2,2,False,4,3.2440858787166005,next-7,pass
17,s17-test-3-4,ce5e5cbee2eeb9ebee20bf6b8ffe6563,information_gain,3,3,False,3,3.04046774350802,next-3,pass
17,s17-test-3-4,ce5e5cbee2eeb9ebee20bf6b8ffe6563,information_gain,4,4,False,2,2.8078508459893405,next-10,pass
17,s17-test-3-4,ce5e5cbee2eeb9ebee20bf6b8ffe6563,random,0,0,False,6,3.6352424243259254,,
17,s17-test-3-4,ce5e5cbee2eeb9ebee20bf6b8ffe6563,random,1,1,False,4,3.4414967769271567,next-10,pass
17,s17-test-3-4,ce5e5cbee2eeb9ebee20bf6b8ffe6563,random,2,2,False,3,3.2619845109013292,next-1,pass
17,s17-test-3-4,ce5e5cbee2eeb9ebee20bf6b8ffe6563,random,3,3,False,5,1.704769988048475,next-6,fail
17,s17-test-3-4,ce5e5cbee2eeb9ebee20bf6b8ffe6563,random,4,4,False,5,3.074641108527155,next-0,pass
17,s17-test-3-5,ce5e5cbee2eeb9ebee20bf6b8ffe6563,information_gain,0,0,True,1,3.628976540658905,,
17,s17-test-3-5,ce5e5cbee2eeb9ebee20bf6b8ffe6563,information_gain,1,1,True,1,3.350544799520904,next-4,pass
17,s17-test-3-5,ce5e5cbee2eeb9ebee20bf6b8ffe6563,information_gain,2,2,True,1,3.1672076706361136,next-3,pass
17,s17-test-3-5,ce5e5cbee2eeb9ebee20bf6b8ffe6563,information_gain,3,3,True,1,2.895231471899488,next-2,pass
17,s17-test-3-5,ce5e5cbee2eeb9ebee20bf6b8ffe6563,information_gain,4,4,True,1,2.705354973987446,next-7,pass
17,s17-test-3-5,ce5e5cbee2eeb9ebee20bf6b8ffe6563,random,0,0,True,1,3.628976540658905,,
17,s17-test-3-5,ce5e5cbee2eeb9ebee20bf6b8ffe6563,random,1,1,True,1,3.4414967769271567,next-2,pass
17,s17-test-3-5,ce5e5cbee2eeb9ebee20bf6b8ffe6563,random,2,2,True,1,3.394665600181013,next-5,pass
17,s17-test-3-5,ce5e5cbee2eeb9ebee20bf6b8ffe6563,random,3,3,True,1,3.0960513607279667,next-4,pass
17,s17-test-3-5,ce5e5cbee2eeb9ebee20bf6b8ffe6563,random,4,4,True,1,2.9310908913621665,next-7,pass
17,s17-test-3-6,ce5e5cbee2eeb9ebee20bf6b8ffe6563,information_gain,0,0,False,2,3.601831090933664,,
17,s17-test-3-6,ce5e5cbee2eeb9ebee20bf6b8ffe6563,information_gain,1,1,False,2,3.354743128052023,next-5,pass
17,s17-test-3-6,ce5e5cbee2eeb9ebee20bf6b8ffe6563,information_gain,2,2,False,2,3.1660350902673158,next-8,pass
17,s17-test-3-6,ce5e5cbee2eeb9ebee20bf6b8ffe6563,information_gain,3,3,True,1,1.6263995435062228,next-0,fail
17,s17-test-3-6,ce5e5cbee2eeb9ebee20bf6b8ffe6563,information_gain,4,4,True,1,1.302314711809653,next-1,pass
17,s17-test-3-6,ce5e5cbee2eeb9ebee20bf6b8ffe6563,random,0,0,False,2,3.601831090933664,,
17,s17-test-3-6,ce5e5cbee2eeb9ebee20bf6b8ffe6563,random,1,1,False,2,3.5237310547192404,next-9,pass
17,s17-test-3-6,ce5e5cbee2eeb9ebee20bf6b8ffe6563,random,2,2,True,1,1.9010450024249579,next-0,fail
17,s17-test-3-6,ce5e5cbee2eeb9ebee20bf6b8ffe6563,random,3,3,True,1,1.7173126243450592,next-5,pass
17,s17-test-3-6,ce5e5cbee2eeb9ebee20bf6b8ffe6563,random,4,4,True,1,1.658784574037496,next-3,pass
17,s17-test-3-7,ce5e5cbee2eeb9ebee20bf6b8ffe6563,information_gain,0,0,False,2,2.1519318178713402,,
17,s17-test-3-7,ce5e5cbee2eeb9ebee20bf6b8ffe6563,information_gain,1,1,False,2,1.1403236976313962,next-8,fail
17,s17-test-3-7,ce5e5cbee2eeb9ebee20bf6b8ffe6563,information_gain,2,2,True,1,0.5999753088828301,next-2,pass
17,s17-test-3-7,ce5e5cbee2eeb9ebee20bf6b8ffe6563,information_gain,3,3,True,1,1.030852296448286,next-0,pass
17,s17-test-3-7,ce5e5cbee2eeb9ebee20bf6b8ffe6563,information_gain,4,4,True,1,0.5718391034065871,next-4,fail
17,s17-test-3-7,ce5e5cbee2eeb9ebee20bf6b8ffe6563,random,0,0,False,2,2.1519318178713402,,
17,s17-test-3-7,ce5e5cbee2eeb9ebee20bf6b8ffe6563,random,1,1,False,2,2.107521354609968,next-11,pass
17,s17-test-3-7,ce5e5cbee2eeb9ebee20bf6b8ffe6563,random,2,2,False,2,2.045575014834213,next-5,pass
17,s17-test-3-7,ce5e5cbee2eeb9ebee20bf6b8ffe6563,random,3,3,False,2,1.982541463372136,next-6,pass
17,s17-test-3-7,ce5e5cbee2eeb9ebee20bf6b8ffe6563,random,4,4,False,3,1.7177285165884424,next-0,pass
17,s17-test-3-8,ce5e5cbee2eeb9ebee20bf6b8ffe6563,information_gain,0,0,False,4,3.769480031174169,,
17,s17-test-3-8,ce5e5cbee2eeb9ebee20bf6b8ffe6563,information_gain,1,1,False,4,3.5943838320392567,next-10,pass
17,s17-test-3-8,ce5e5cbee2eeb9ebee20bf6b8ffe6563,information_gain,2,2,False,2,3.395601854242041,next-5,pass
17,s17-test-3-8,ce5e5cbee2eeb9ebee20bf6b8ffe6563,information_gain,3,3,False,2,3.2630603224520023,next-11,pass
17,s17-test-3-8,ce5e5cbee2eeb9ebee20bf6b8ffe6563,information_gain,4,4,True,1,1.6530421266999262,next-8,fail
17,s17-test-3-8,ce5e5cbee2eeb9ebee20bf6b8ffe6563,random,0,0,False,4,3.769480031174169,,
17,s17-test-3-8,ce5e5cbee2eeb9ebee20bf6b8ffe6563,random,1,1,False,4,3.668216871371301,next-11,pass
17,s17-test-3-8,ce5e5cbee2eeb9ebee20bf6b8ffe6563,random,2,2,False,4,3.559305872628429,next-0,pass
17,s17-test-3-8,ce5e5cbee2eeb9ebee20bf6b8ffe6563,random,3,3,False,4,3.5237310547192404,next-4,pass
17,s17-test-3-8,ce5e5cbee2eeb9ebee20bf6b8ffe6563,random,4,4,False,2,1.8591835827040095,next-8,fail
17,s17-test-3-9,ce5e5cbee2eeb9ebee20bf6b8ffe6563,information_gain,0,0,False,9,3.628976540658905,,
17,s17-test-3-9,ce5e5cbee2eeb9ebee20bf6b8ffe6563,information_gain,1,1,False,7,3.350544799520904,next-5,pass
17,s17-test-3-9,ce5e5cbee2eeb9ebee20bf6b8ffe6563,information_gain,2,2,False,5,3.1672076706361136,next-0,pass
17,s17-test-3-9,ce5e5cbee2eeb9ebee20bf6b8ffe6563,information_gain,3,3,False,4,2.96794504547585,next-6,pass
17,s17-test-3-9,ce5e5cbee2eeb9ebee20bf6b8ffe6563,information_gain,4,4,False,3,2.7944361597608878,next-3,pass
17,s17-test-3-9,ce5e5cbee2eeb9ebee20bf6b8ffe6563,random,0,0,False,9,3.628976540658905,,
17,s17-test-3-9,ce5e5cbee2eeb9ebee20bf6b8ffe6563,random,1,1,True,1,1.8934694014676345,next-8,fail
17,s17-test-3-9,ce5e5cbee2eeb9ebee20bf6b8ffe6563,random,2,2,True,1,1.8591835827040097,next-9,pass
17,s17-test-3-9,ce5e5cbee2eeb9ebee20bf6b8ffe6563,random,3,3,True,1,1.7358873760099625,next-6,pass
17,s17-test-3-9,ce5e5cbee2eeb9ebee20bf6b8ffe6563,random,4,4,True,1,1.5953655704215115,next-2,pass
17,s17-test-3-10,ce5e5cbee2eeb9ebee20bf6b8ffe6563,information_gain,0,0,False,11,3.5943838320392567,,
17,s17-test-3-10,ce5e5cbee2eeb9ebee20bf6b8ffe6563,information_gain,1,1,False,2,1.8820689180198125,next-10,fail
17,s17-test-3-10,ce5e5cbee2eeb9ebee20bf6b8ffe6563,information_gain,2,2,True,1,1.777896914520161,next-9,pass
17,s17-test-3-10,ce5e5cbee2eeb9ebee20bf6b8ffe6563,information_gain,3,3,True,1,1.667984645336384,next-6,pass
17,s17-test-3-10,ce5e5cbee2eeb9ebee20bf6b8ffe6563,information_gain,4,4,True,1,1.5571193912088548,next-8,pass
17,s17-test-3-10,ce5e5cbee2eeb9ebee20bf6b8ffe6563,random,0,0,False,11,3.5943838320392567,,
17,s17-test-3-10,ce5e5cbee2eeb9ebee20bf6b8ffe6563,random,1,1,False,11,3.5237310547192404,next-7,pass
17,s17-test-3-10,ce5e5cbee2eeb9ebee20bf6b8ffe6563,random,2,2,False,9,3.354743128052023,next-8,pass
17,s17-test-3-10,ce5e5cbee2eeb9ebee20bf6b8ffe6563,random,3,3,False,9,3.313205231880154,next-11,pass
17,s17-test-3-10,ce5e5cbee2eeb9ebee20bf6b8ffe6563,random,4,4,False,9,3.2619845109013292,next-0,pass
17,s17-test-3-11,ce5e5cbee2eeb9ebee20bf6b8ffe6563,information_gain,0,0,True,1,2.2309006977877726,,
17,s17-test-3-11,ce5e5cbee2eeb9ebee20bf6b8ffe6563,information_gain,1,1,True,1,2.0619973180765387,next-4,pass
17,s17-test-3-11,ce5e5cbee2eeb9ebee20bf6b8ffe6563,information_gain,2,2,True,1,1.9349551557566937,next-8,pass
17,s17-test-3-11,ce5e5cbee2eeb9ebee20bf6b8ffe6563,information_gain,3,3,True,1,1.8157999666751135,next-6,pass
17,s17-test-3-11,ce5e5cbee2eeb9ebee20bf6b8ffe6563,information_gain,4,4,True,1,1.7429994825038262,next-11,pass
17,s17-test-3-11,ce5e5cbee2eeb9ebee20bf6b8ffe6563,random,0,0,True,1,2.2309006977877726,,
17,s17-test-3-11,ce5e5cbee2eeb9ebee20bf6b8ffe6563,random,1,1,True,1,2.1436709946627737,next-1,pass
17,s17-test-3-11,ce5e5cbee2eeb9ebee20bf6b8ffe6563,random,2,2,True,1,1.9478643670931284,next-4,pass
17,s17-test-3-11,ce5e5cbee2eeb9ebee20bf6b8ffe6563,random,3,3,True,1,1.936792870041007,next-7,pass
17,s17-test-3-11,ce5e5cbee2eeb9ebee20bf6b8ffe6563,random,4,4,True,1,1.8666713866688343,next-3,pass
17,s17-test-4-0,ab54bd9139a28ac2e6f9707b49dc6474,information_gain,0,0,True,1,3.822423037946085,,
17,s17-test-4-0,ab54bd9139a28ac2e6f9707b49dc6474,information_gain,1,1,True,1,3.6540247865539532,next-0,pass
17,s17-test-4-0,ab54bd9139a28ac2e6f9707b49dc6474,information_gain,2,2,True,1,3.4940531855687786,next-7,pass
17,s17-test-4-0,ab54bd9139a28ac2e6f9707b49dc6474,information_gain,3,3,True,1,3.3259851725496263,next-4,pass
17,s17-test-4-0,ab54bd9139a28ac2e6f9707b49dc6474,information_gain,4,4,True,1,3.141629276331362,next-9,pass
17,s17-test-4-0,ab54bd9139a28ac2e6f9707b49dc6474,random,0,0,True,1,3.822423037946085,,
17,s17-test-4-0,ab54bd9139a28ac2e6f9707b49dc6474,random,1,1,True,1,3.7562459074062637,next-3,pass
17,s17-test-4-0,ab54bd9139a28ac2e6f9707b49dc6474,random,2,2,True,1,3.579843642090909,next-0,pass
17,s17-test-4-0,ab54bd9139a28ac2e6f9707b49dc6474,random,3,3,True,1,3.4556183747135725,next-6,pass
17,s17-test-4-0,ab54bd9139a28ac2e6f9707b49dc6474,random,4,4,True,1,3.319686622392761,next-11,pass
17,s17-test-4-1,ab54bd9139a28ac2e6f9707b49dc6474,information_gain,0,0,True,1,2.030118945664867,,
17,s17-test-4-1,ab54bd9139a28ac2e6f9707b49dc6474,information_gain,1,1,True,1,1.7725855846248189,next-5,pass
17,s17-test-4-1,ab54bd9139a28ac2e6f9707b49dc6474,information_gain,2,2,True,1,1.5867981919017224,next-9,pass
17,s17-test-4-1,ab54bd9139a28ac2e6f9707b49dc6474,information_gain,3,3,True,1,1.4500897057025952,next-2,pass
17,s17-test-4-1,ab54bd9139a28ac2e6f9707b49dc6474,information_gain,4,4,True,1,1.3276947403951245,next-0,pass
17,s17-test-4-1,ab54bd9139a28ac2e6f9707b49dc6474,random,0,0,True,1,2.030118945664867,,
17,s17-test-4-1,ab54bd9139a28ac2e6f9707b49dc6474,random,1,1,True,1,1.861103268017389,next-3,pass
17,s17-test-4-1,ab54bd9139a28ac2e6f9707b49dc6474,random,2,2,True,1,1.7725855846248189,next-4,pass
17,s17-test-4-1,ab54bd9139a28ac2e6f9707b49dc6474,random,3,3,True,1,1.7366006216799752,next-8,pass
17,s17-test-4-1,ab54bd9139a28ac2e6f9707b49dc6474,random,4,4,True,1,1.6069359060047865,next-2,pass
17,s17-test-4-2,ab54bd9139a28ac2e6f9707b49dc6474,information_gain,0,0,False,2,2.1497413086019304,,
17,s17-test-4-2,ab54bd9139a28ac2e6f9707b49dc6474,information_gain,1,1,True,1,2.0813581013279965,next-0,pass
17,s17-test-4-2,ab54bd9139a28ac2e6f9707b49dc6474,information_gain,2,2,True,1,0.32715475319921394,next-2,fail
17,s17-test-4-2,ab54bd9139a28ac2e6f9707b49dc6474,information_gain,3,3,True,1,0.025705043978153173,next-7,fail
17,s17-test-4-2,ab54bd9139a28ac2e6f9707b49dc6474,information_gain,4,4,True,1,0.017045987839335166,next-9,pass
17,s17-test-4-2,ab54bd9139a28ac2e6f9707b49dc6474,random,0,0,False,2,2.1497413086019304,,
17,s17-test-4-2,ab54bd9139a28ac2e6f9707b49dc6474,random,1,1,True,1,0.6368959524460817,next-5,fail
17,s17-test-4-2,ab54bd9139a28ac2e6f9707b49dc6474,random,2,2,True,1,0.043764769179588575,next-2,fail
17,s17-test-4-2,ab54bd9139a28ac2e6f9707b49dc6474,random,3,3,True,1,0.04336715448362398,next-4,pass
17,s17-test-4-2,ab54bd9139a28ac2e6f9707b49dc6474,random,4,4,True,1,0.04267244717545278,next-1,pass
17,s17-test-4-3,ab54bd9139a28ac2e6f9707b49dc6474,information_gain,0,0,False,6,3.822423037946085,,
17,s17-test-4-3,ab54bd9139a28ac2e6f9707b49dc6474,information_gain,1,1,False,15,3.6151721958919647,next-3,pass
17,s17-test-4-3,ab54bd9139a28ac2e6f9707b49dc6474,information_gain,2,2,False,13,3.461272898600073,next-0,pass
17,s17-test-4-3,ab54bd9139a28ac2e6f9707b49dc6474,information_gain,3,3,False,12,3.293616642397901,next-6,pass
17,s17-test-4-3,ab54bd9139a28ac2e6f9707b49dc6474,information_gain,4,4,False,2,1.8443379457540525,next-10,fail
17,s17-test-4-3,ab54bd9139a28ac2e6f9707b49dc6474,random,0,0,False,6,3.822423037946085,,
17,s17-test-4-3,ab54bd9139a28ac2e6f9707b49dc6474,random,1,1,False,6,3.7249346755066606,next-1,pass
17,s17-test-4-3,ab54bd9139a28ac2e6f9707b49dc6474,random,2,2,False,4,3.5440063819847927,next-9,pass
17,s17-test-4-3,ab54bd9139a28ac2e6f9707b49dc6474,random,3,3,False,4,3.463832269970374,next-2,pass
17,s17-test-4-3,ab54bd9139a28ac2e6f9707b49dc6474,random,4,4,True,1,1.7881806067694483,next-8,fail
17,s17-test-4-4,ab54bd9139a28ac2e6f9707b49dc6474,information_gain,0,0,False,5,3.857830785892854,,
17,s17-test-4-4,ab54bd9139a28ac2e6f9707b49dc6474,information_gain,1,1,False,4,3.6932280873886922,next-1,pass
17,s17-test-4-4,ab54bd9139a28ac2e6f9707b49dc6474,information_gain,2,2,False,4,3.50764791193145,next-5,pass
17,s17-test-4-4,ab54bd9139a28ac2e6f9707b49dc6474,information_gain,3,3,False,4,3.3376832667104006,next-10,pass
17,s17-test-4-4,ab54bd9139a28ac2e6f9707b49dc6474,information_gain,4,4,True,1,1.713767586605708,next-8,fail
17,s17-test-4-4,ab54bd9139a28ac2e6f9707b49dc6474,random,0,0,False,5,3.857830785892854,,
17,s17-test-4-4,ab54bd9139a28ac2e6f9707b49dc6474,random,1,1,False,2,2.1332218477825178,next-2,fail
17,s17-test-4-4,ab54bd9139a28ac2e6f9707b49dc6474,random,2,2,False,2,2.0201917717533235,next-6,pass
17,s17-test-4-4,ab54bd9139a28ac2e6f9707b49dc6474,random,3,3,False,2,2.0091680859656678,next-7,pass
17,s17-test-4-4,ab54bd9139a28ac2e6f9707b49dc6474,random,4,4,True,1,0.46331477294023105,next-8,fail
17,s17-test-4-5,ab54bd9139a28ac2e6f9707b49dc6474,information_gain,0,0,False,16,3.980184005292476,,
17,s17-test-4-5,ab54bd9139a28ac2e6f9707b49dc6474,information_gain,1,1,False,13,3.792798613193286,next-0,pass
17,s17-test-4-5,ab54bd9139a28ac2e6f9707b49dc6474,information_gain,2,2,False,11,3.646939888671753,next-4,pass
17,s17-test-4-5,ab54bd9139a28ac2e6f9707b49dc6474,information_gain,3,3,False,9,3.4940531855687786,next-10,pass
17,s17-test-4-5,ab54bd9139a28ac2e6f9707b49dc6474,information_gain,4,4,False,7,3.3259851725496263,next-7,pass
17,s17-test-4-5,ab54bd9139a28ac2e6f9707b49dc6474,random,0,0,False,16,3.980184005292476,,
17,s17-test-4-5,ab54bd9139a28ac2e6f9707b49dc6474,random,1,1,False,14,3.857830785892854,next-3,pass
17,s17-test-4-5,ab54bd9139a28ac2e6f9707b49dc6474,random,2,2,False,14,3.8294057778367994,next-11,pass
17,s17-test-4-5,ab54bd9139a28ac2e6f9707b49dc6474,random,3,3,False,13,3.7564691433287094,next-1,pass
17,s17-test-4-5,ab54bd9139a28ac2e6f9707b49dc6474,random,4,4,False,11,3.6132135137176795,next-7,pass
17,s17-test-4-6,ab54bd9139a28ac2e6f9707b49dc6474,information_gain,0,0,False,11,3.6932280873886922,,
17,s17-test-4-6,ab54bd9139a28ac2e6f9707b49dc6474,information_gain,1,1,False,8,3.463832269970374,next-7,pass
17,s17-test-4-6,ab54bd9139a28ac2e6f9707b49dc6474,information_gain,2,2,False,2,1.7881806067694483,next-5,fail
17,s17-test-4-6,ab54bd9139a28ac2e6f9707b49dc6474,information_gain,3,3,False,2,1.66193873032058,next-6,pass
17,s17-test-4-6,ab54bd9139a28ac2e6f9707b49dc6474,information_gain,4,4,False,2,1.5722236147181272,next-11,pass
17,s17-test-4-6,ab54bd9139a28ac2e6f9707b49dc6474,random,0,0,False,11,3.6932280873886922,,
17,s17-test-4-6,ab54bd9139a28ac2e6f9707b49dc6474,random,1,1,False,11,3.5956499113688007,next-1,pass
17,s17-test-4-6,ab54bd9139a28ac2e6f9707b49dc6474,random,2,2,False,11,3.481114747450513,next-4,pass
17,s17-test-4-6,ab54bd9139a28ac2e6f9707b49dc6474,random,3,3,False,9,3.3043498465539884,next-6,pass
17,s17-test-4-6,ab54bd9139a28ac2e6f9707b49dc6474,random,4,4,False,6,2.994072048147545,next-7,pass
17,s17-test-4-7,ab54bd9139a28ac2e6f9707b49dc6474,information_gain,0,0,False,5,3.822423037946085,,
17,s17-test-4-7,ab54bd9139a28ac2e6f9707b49dc6474,information_gain,1,1,False,5,3.6151721958919647,next-1,pass
17,s17-test-4-7,ab54bd9139a28ac2e6f9707b49dc6474,information_gain,2,2,False,3,3.4207613788738,next-0,pass
17,s17-test-4-7,ab54bd9139a28ac2e6f9707b49dc6474,information_gain,3,3,False,2,3.245631516056617,next-6,pass
17,s17-test-4-7,ab54bd9139a28ac2e6f9707b49dc6474,information_gain,4,4,False,2,3.087151614549929,next-4,pass
17,s17-test-4-7,ab54bd9139a28ac2e6f9707b49dc6474,random,0,0,False,5,3.822423037946085,,
17,s17-test-4-7,ab54bd9139a28ac2e6f9707b49dc6474,random,1,1,False,5,3.687224705017138,next-2,pass
17,s17-test-4-7,ab54bd9139a28ac2e6f9707b49dc6474,random,2,2,False,3,3.5021620214274973,next-0,pass
17,s17-test-4-7,ab54bd9139a28ac2e6f9707b49dc6474,random,3,3,False,3,3.4556183747135725,next-7,pass
17,s17-test-4-7,ab54bd9139a28ac2e6f9707b49dc6474,random,4,4,False,3,3.2358611074577697,next-1,pass
17,s17-test-4-8,ab54bd9139a28ac2e6f9707b49dc6474,information_gain,0,0,False,7,3.822423037946085,,
17,s17-test-4-8,ab54bd9139a28ac2e6f9707b49dc6474,information_gain,1,1,True,1,2.266730217946335,next-10,fail
17,s17-test-4-8,ab54bd9139a28ac2e6f9707b49dc6474,information_gain,2,2,True,1,2.0982689873330065,next-2,pass
17,s17-test-4-8,ab54bd9139a28ac2e6f9707b49dc6474,information_gain,3,3,True,1,0.4813556559435543,next-0,fail
17,s17-test-4-8,ab54bd9139a28ac2e6f9707b49dc6474,information_gain,4,4,True,1,0.026586477027383083,next-9,fail
17,s17-test-4-8,ab54bd9139a28ac2e6f9707b49dc6474,random,0,0,False,7,3.822423037946085,,
17,s17-test-4-8,ab54bd9139a28ac2e6f9707b49dc6474,random,1,1,False,7,3.7628218269148612,next-6,pass
17,s17-test-4-8,ab54bd9139a28ac2e6f9707b49dc6474,random,2,2,True,1,2.2506822379116675,next-10,fail
17,s17-test-4-8,ab54bd9139a28ac2e6f9707b49dc6474,random,3,3,True,1,0.4951333268852195,next-9,fail
17,s17-test-4-8,ab54bd9139a28ac2e6f9707b49dc6474,random,4,4,True,1,0.34833742591992556,next-11,pass
17,s17-test-4-9,ab54bd9139a28ac2e6f9707b49dc6474,information_gain,0,0,False,7,3.792798613193286,,
17,s17-test-4-9,ab54bd9139a28ac2e6f9707b49dc6474,information_gain,1,1,False,7,3.6540247865539532,next-0,pass
17,s17-test-4-9,ab54bd9139a28ac2e6f9707b49dc6474,information_gain,2,2,False,2,1.920911283548751,next-11,fail
17,s17-test-4-9,ab54bd9139a28ac2e6f9707b49dc6474,information_gain,3,3,True,1,1.834759065859502,next-6,pass
17,s17-test-4-9,ab54bd9139a28ac2e6f9707b49dc6474,information_gain,4,4,True,1,1.7269216218310417,next-1,pass
17,s17-test-4-9,ab54bd9139a28ac2e6f9707b49dc6474,random,0,0,False,7,3.792798613193286,,
17,s17-test-4-9,ab54bd9139a28ac2e6f9707b49dc6474,random,1,1,False,6,3.686493759431714,next-1,pass
17,s17-test-4-9,ab54bd9139a28ac2e6f9707b49dc6474,random,2,2,False,5,3.6132135137176795,next-7,pass
17,s17-test-4-9,ab54bd9139a28ac2e6f9707b49dc6474,random,3,3,False,2,1.9077200910891103,next-11,fail
17,s17-test-4-9,ab54bd9139a28ac2e6f9707b49dc6474,random,4,4,False,2,1.9074303385227172,next-2,pass
17,s17-test-4-10,ab54bd9139a28ac2e6f9707b49dc6474,information_gain,0,0,False,10,3.857830785892854,,
17,s17-test-4-10,ab54bd9139a28ac2e6f9707b49dc6474,information_gain,1,1,False,8,3.6540247865539532,next-7,pass
17,s17-test-4-10,ab54bd9139a28ac2e6f9707b49dc6474,information_gain,2,2,False,2,2.172219719222737,next-8,fail
17,s17-test-4-10,ab54bd9139a28ac2e6f9707b49dc6474,information_gain,3,3,True,1,0.5103226963642549,next-4,fail
17,s17-test-4-10,ab54bd9139a28ac2e6f9707b49dc6474,information_gain,4,4,True,1,0.477439641404316,next-10,pass
17,s17-test-4-10,ab54bd9139a28ac2e6f9707b49dc6474,random,0,0,False,10,3.857830785892854,,
17,s17-test-4-10,ab54bd9139a28ac2e6f9707b49dc6474,random,1,1,True,1,2.431528159071741,next-4,fail
17,s17-test-4-10,ab54bd9139a28ac2e6f9707b49dc6474,random,2,2,True,1,2.2203761703487124,next-7,pass
17,s17-test-4-10,ab54bd9139a28ac2e6f9707b49dc6474,random,3,3,True,1,0.5103226963642549,next-8,fail
17,s17-test-4-10,ab54bd9139a28ac2e6f9707b49dc6474,random,4,4,True,1,0.5089869307551386,next-9,pass
17,s17-test-4-11,ab54bd9139a28ac2e6f9707b49dc6474,information_gain,0,0,True,1,4.005682039974766,,
17,s17-test-4-11,ab54bd9139a28ac2e6f9707b49dc6474,information_gain,1,1,True,1,3.822423037946085,next-10,pass
17,s17-test-4-11,ab54bd9139a28ac2e6f9707b49dc6474,information_gain,2,2,True,1,3.6540247865539532,next-7,pass
17,s17-test-4-11,ab54bd9139a28ac2e6f9707b49dc6474,information_gain,3,3,True,1,3.5021620214274973,next-6,pass
17,s17-test-4-11,ab54bd9139a28ac2e6f9707b49dc6474,information_gain,4,4,True,1,3.379571324020687,next-8,pass
17,s17-test-4-11,ab54bd9139a28ac2e6f9707b49dc6474,random,0,0,True,1,4.005682039974766,,
17,s17-test-4-11,ab54bd9139a28ac2e6f9707b49dc6474,random,1,1,True,1,3.885939789118656,next-8,pass
17,s17-test-4-11,ab54bd9139a28ac2e6f9707b49dc6474,random,2,2,True,1,3.792798613193286,next-4,pass
17,s17-test-4-11,ab54bd9139a28ac2e6f9707b49dc6474,random,3,3,True,1,3.6540247865539532,next-11,pass
17,s17-test-4-11,ab54bd9139a28ac2e6f9707b49dc6474,random,4,4,True,1,3.5021620214274973,next-6,pass
17,s17-test-5-0,c91d311fe0410074d9411d5fdbb84c84,information_gain,0,0,True,1,2.8493154717569156,,
17,s17-test-5-0,c91d311fe0410074d9411d5fdbb84c84,information_gain,1,1,True,1,2.557136785885282,next-10,pass
17,s17-test-5-0,c91d311fe0410074d9411d5fdbb84c84,information_gain,2,2,True,1,2.4160171240863795,next-1,pass
17,s17-test-5-0,c91d311fe0410074d9411d5fdbb84c84,information_gain,3,3,True,1,2.2806301308241625,next-5,pass
17,s17-test-5-0,c91d311fe0410074d9411d5fdbb84c84,information_gain,4,4,True,1,2.03201045347559,next-2,pass
17,s17-test-5-0,c91d311fe0410074d9411d5fdbb84c84,random,0,0,True,1,2.8493154717569156,,
17,s17-test-5-0,c91d311fe0410074d9411d5fdbb84c84,random,1,1,True,1,2.557136785885282,next-10,pass
17,s17-test-5-0,c91d311fe0410074d9411d5fdbb84c84,random,2,2,True,1,2.389148406616224,next-3,pass
17,s17-test-5-0,c91d311fe0410074d9411d5fdbb84c84,random,3,3,True,1,2.2743355571221944,next-6,pass
17,s17-test-5-0,c91d311fe0410074d9411d5fdbb84c84,random,4,4,True,1,2.1815798879499506,next-11,pass
17,s17-test-5-1,c91d311fe0410074d9411d5fdbb84c84,information_gain,0,0,True,1,1.5959440741968516,,
17,s17-test-5-1,c91d311fe0410074d9411d5fdbb84c84,information_gain,1,1,True,1,0.29049868628544756,next-2,fail
17,s17-test-5-1,c91d311fe0410074d9411d5fdbb84c84,information_gain,2,2,True,1,0.14179296430658425,next-7,pass
17,s17-test-5-1,c91d311fe0410074d9411d5fdbb84c84,information_gain,3,3,True,1,0.04372057776999027,next-6,fail
17,s17-test-5-1,c91d311fe0410074d9411d5fdbb84c84,information_gain,4,4,True,1,0.010749411636033105,next-10,pass
17,s17-test-5-1,c91d311fe0410074d9411d5fdbb84c84,random,0,0,True,1,1.5959440741968516,,
17,s17-test-5-1,c91d311fe0410074d9411d5fdbb84c84,random,1,1,True,1,1.3367629655034983,next-5,pass
17,s17-test-5-1,c91d311fe0410074d9411d5fdbb84c84,random,2,2,True,1,1.2297495218505337,next-4,pass
17,s17-test-5-1,c91d311fe0410074d9411d5fdbb84c84,random,3,3,True,1,1.164977217884745,next-0,pass
17,s17-test-5-1,c91d311fe0410074d9411d5fdbb84c84,random,4,4,True,1,0.22953502665841308,next-3,fail
17,s17-test-5-2,c91d311fe0410074d9411d5fdbb84c84,information_gain,0,0,True,1,2.860321615644838,,
17,s17-test-5-2,c91d311fe0410074d9411d5fdbb84c84,information_gain,1,1,True,1,2.5491938563629515,next-0,pass
17,s17-test-5-2,c91d311fe0410074d9411d5fdbb84c84,information_gain,2,2,True,1,2.0978702658036084,next-2,pass
17,s17-test-5-2,c91d311fe0410074d9411d5fdbb84c84,information_gain,3,3,True,1,1.7232549888349689,next-9,pass
17,s17-test-5-2,c91d311fe0410074d9411d5fdbb84c84,information_gain,4,4,True,1,1.347694913744945,next-6,pass
17,s17-test-5-2,c91d311fe0410074d9411d5fdbb84c84,random,0,0,True,1,2.860321615644838,,
17,s17-test-5-2,c91d311fe0410074d9411d5fdbb84c84,random,1,1,True,1,2.7473547284092366,next-8,pass
17,s17-test-5-2,c91d311fe0410074d9411d5fdbb84c84,random,2,2,True,1,2.592409090989931,next-3,pass
17,s17-test-5-2,c91d311fe0410074d9411d5fdbb84c84,random,3,3,True,1,2.2633244857619754,next-0,pass
17,s17-test-5-2,c91d311fe0410074d9411d5fdbb84c84,random,4,4,True,1,1.8062418944280494,next-2,pass
17,s17-test-5-3,c91d311fe0410074d9411d5fdbb84c84,information_gain,0,0,False,2,2.031873726459384,,
17,s17-test-5-3,c91d311fe0410074d9411d5fdbb84c84,information_gain,1,1,True,1,0.7352598894082606,next-1,fail
17,s17-test-5-3,c91d311fe0410074d9411d5fdbb84c84,information_gain,2,2,True,1,0.2154312425870193,next-0,fail
17,s17-test-5-3,c91d311fe0410074d9411d5fdbb84c84,information_gain,3,3,True,1,0.06484255630939303,next-11,pass
17,s17-test-5-3,c91d311fe0410074d9411d5fdbb84c84,information_gain,4,4,True,1,0.012179139724907173,next-5,fail
17,s17-test-5-3,c91d311fe0410074d9411d5fdbb84c84,random,0,0,False,2,2.031873726459384,,
17,s17-test-5-3,c91d311fe0410074d9411d5fdbb84c84,random,1,1,False,2,1.985840814361097,next-6,pass
17,s17-test-5-3,c91d311fe0410074d9411d5fdbb84c84,random,2,2,False,2,1.9391609201883817,next-2,pass
17,s17-test-5-3,c91d311fe0410074d9411d5fdbb84c84,random,3,3,False,2,1.1217576136769607,next-0,fail
17,s17-test-5-3,c91d311fe0410074d9411d5fdbb84c84,random,4,4,True,1,0.7010649776254517,next-3,pass
17,s17-test-5-4,c91d311fe0410074d9411d5fdbb84c84,information_gain,0,0,True,1,1.4579761688647268,,
17,s17-test-5-4,c91d311fe0410074d9411d5fdbb84c84,information_gain,1,1,True,1,0.41220259349679633,next-7,fail
17,s17-test-5-4,c91d311fe0410074d9411d5fdbb84c84,information_gain,2,2,True,1,1.363625436938881,next-8,pass
17,s17-test-5-4,c91d311fe0410074d9411d5fdbb84c84,information_gain,3,3,True,1,0.14906517958078833,next-5,fail
17,s17-test-5-4,c91d311fe0410074d9411d5fdbb84c84,information_gain,4,4,True,1,0.10078644163832934,next-10,pass
17,s17-test-5-4,c91d311fe0410074d9411d5fdbb84c84,random,0,0,True,1,1.4579761688647268,,
17,s17-test-5-4,c91d311fe0410074d9411d5fdbb84c84,random,1,1,True,1,1.4506095217943296,next-0,pass
17,s17-test-5-4,c91d311fe0410074d9411d5fdbb84c84,random,2,2,True,1,1.4469227124131,next-4,pass
17,s17-test-5-4,c91d311fe0410074d9411d5fdbb84c84,random,3,3,True,1,1.442657963645996,next-1,pass
17,s17-test-5-4,c91d311fe0410074d9411d5fdbb84c84,random,4,4,True,1,0.4049462615424576,next-5,fail
17,s17-test-5-5,c91d311fe0410074d9411d5fdbb84c84,information_gain,0,0,True,1,2.8603216156448386,,
17,s17-test-5-5,c91d311fe0410074d9411d5fdbb84c84,information_gain,1,1,True,1,2.457801866220626,next-7,pass
17,s17-test-5-5,c91d311fe0410074d9411d5fdbb84c84,information_gain,2,2,True,1,2.0978702658036084,next-3,pass
17,s17-test-5-5,c91d311fe0410074d9411d5fdbb84c84,information_gain,3,3,True,1,1.926414498242087,next-1,pass
17,s17-test-5-5,c91d311fe0410074d9411d5fdbb84c84,information_gain,4,4,True,1,1.7232549888349689,next-2,pass
17,s17-test-5-5,c91d311fe0410074d9411d5fdbb84c84,random,0,0,True,1,2.8603216156448386,,
17,s17-test-5-5,c91d311fe0410074d9411d5fdbb84c84,random,1,1,True,1,2.6711702602021172,next-2,pass
17,s17-test-5-5,c91d311fe0410074d9411d5fdbb84c84,random,2,2,True,1,2.592409090989931,next-5,pass
17,s17-test-5-5,c91d311fe0410074d9411d5fdbb84c84,random,3,3,True,1,2.331798316071008,next-6,pass
17,s17-test-5-5,c91d311fe0410074d9411d5fdbb84c84,random,4,4,True,1,2.217913919498024,next-10,pass
17,s17-test-5-6,c91d311fe0410074d9411d5fdbb84c84,information_gain,0,0,False,5,2.970708806358714,,
17,s17-test-5-6,c91d311fe0410074d9411d5fdbb84c84,information_gain,1,1,False,3,2.549193856362951,next-2,pass
17,s17-test-5-6,c91d311fe0410074d9411d5fdbb84c84,information_gain,2,2,False,2,1.5136543556117315,next-6,fail
17,s17-test-5-6,c91d311fe0410074d9411d5fdbb84c84,information_gain,3,3,True,1,1.2272062928387701,next-7,pass
17,s17-test-5-6,c91d311fe0410074d9411d5fdbb84c84,information_gain,4,4,True,1,0.9329108449953539,next-11,pass
17,s17-test-5-6,c91d311fe0410074d9411d5fdbb84c84,random,0,0,False,5,2.970708806358714,,
17,s17-test-5-6,c91d311fe0410074d9411d5fdbb84c84,random,1,1,False,4,2.7241176061115873,next-7,pass
17,s17-test-5-6,c91d311fe0410074d9411d5fdbb84c84,random,2,2,False,2,2.30630350260367,next-2,pass
17,s17-test-5-6,c91d311fe0410074d9411d5fdbb84c84,random,3,3,False,2,2.159702425155249,next-8,pass
17,s17-test-5-6,c91d311fe0410074d9411d5fdbb84c84,random,4,4,True,1,1.192659011936169,next-6,fail
17,s17-test-5-7,c91d311fe0410074d9411d5fdbb84c84,information_gain,0,0,True,1,2.91077518408985,,
17,s17-test-5-7,c91d311fe0410074d9411d5fdbb84c84,information_gain,1,1,True,1,2.4578018662206262,next-1,pass
17,s17-test-5-7,c91d311fe0410074d9411d5fdbb84c84,information_gain,2,2,True,1,2.0978702658036084,next-6,pass
17,s17-test-5-7,c91d311fe0410074d9411d5fdbb84c84,information_gain,3,3,True,1,1.926414498242087,next-11,pass
17,s17-test-5-7,c91d311fe0410074d9411d5fdbb84c84,information_gain,4,4,True,1,1.5434234289375046,next-5,pass
17,s17-test-5-7,c91d311fe0410074d9411d5fdbb84c84,random,0,0,True,1,2.91077518408985,,
17,s17-test-5-7,c91d311fe0410074d9411d5fdbb84c84,random,1,1,True,1,2.4578018662206262,next-1,pass
17,s17-test-5-7,c91d311fe0410074d9411d5fdbb84c84,random,2,2,True,1,2.218509786779351,next-7,pass
17,s17-test-5-7,c91d311fe0410074d9411d5fdbb84c84,random,3,3,True,1,1.882942029455183,next-6,pass
17,s17-test-5-7,c91d311fe0410074d9411d5fdbb84c84,random,4,4,True,1,1.842521984870157,next-4,pass
17,s17-test-5-8,c91d311fe0410074d9411d5fdbb84c84,information_gain,0,0,True,1,1.2262604805228356,,
17,s17-test-5-8,c91d311fe0410074d9411d5fdbb84c84,information_gain,1,1,True,1,0.11220286795904423,next-3,fail
17,s17-test-5-8,c91d311fe0410074d9411d5fdbb84c84,information_gain,2,2,True,1,0.06330429246166497,next-2,pass
17,s17-test-5-8,c91d311fe0410074d9411d5fdbb84c84,information_gain,3,3,True,1,0.009310155111945542,next-7,fail
17,s17-test-5-8,c91d311fe0410074d9411d5fdbb84c84,information_gain,4,4,True,1,0.003355753754348223,next-8,pass
17,s17-test-5-8,c91d311fe0410074d9411d5fdbb84c84,random,0,0,True,1,1.2262604805228356,,
17,s17-test-5-8,c91d311fe0410074d9411d5fdbb84c84,random,1,1,True,1,1.0021927848102543,next-4,pass
17,s17-test-5-8,c91d311fe0410074d9411d5fdbb84c84,random,2,2,True,1,0.09591628307997811,next-3,fail
17,s17-test-5-8,c91d311fe0410074d9411d5fdbb84c84,random,3,3,True,1,0.05840501303305987,next-8,pass
17,s17-test-5-8,c91d311fe0410074d9411d5fdbb84c84,random,4,4,True,1,0.05254625112545415,next-11,pass
17,s17-test-5-9,c91d311fe0410074d9411d5fdbb84c84,information_gain,0,0,False,2,1.6658061005001843,,
17,s17-test-5-9,c91d311fe0410074d9411d5fdbb84c84,information_gain,1,1,True,1,1.3564654244056886,next-0,pass
17,s17-test-5-9,c91d311fe0410074d9411d5fdbb84c84,information_gain,2,2,True,1,0.19473611771339658,next-1,fail
17,s17-test-5-9,c91d311fe0410074d9411d5fdbb84c84,information_gain,3,3,True,1,0.08755639579254,next-11,pass
17,s17-test-5-9,c91d311fe0410074d9411d5fdbb84c84,information_gain,4,4,True,1,0.02497960650912978,next-7,fail
17,s17-test-5-9,c91d311fe0410074d9411d5fdbb84c84,random,0,0,False,2,1.6658061005001843,,
17,s17-test-5-9,c91d311fe0410074d9411d5fdbb84c84,random,1,1,True,1,1.4560746422666437,next-4,pass
17,s17-test-5-9,c91d311fe0410074d9411d5fdbb84c84,random,2,2,True,1,1.2740982644391712,next-8,pass
17,s17-test-5-9,c91d311fe0410074d9411d5fdbb84c84,random,3,3,True,1,1.1684205308519582,next-3,pass
17,s17-test-5-9,c91d311fe0410074d9411d5fdbb84c84,random,4,4,True,1,0.9747699752091363,next-2,pass
17,s17-test-5-10,c91d311fe0410074d9411d5fdbb84c84,information_gain,0,0,True,1,2.91077518408985,,
17,s17-test-5-10,c91d311fe0410074d9411d5fdbb84c84,information_gain,1,1,True,1,2.549193856362951,next-11,pass
17,s17-test-5-10,c91d311fe0410074d9411d5fdbb84c84,information_gain,2,2,True,1,2.191301361664653,next-3,pass
17,s17-test-5-10,c91d311fe0410074d9411d5fdbb84c84,information_gain,3,3,True,1,2.078227990270956,next-6,pass
17,s17-test-5-10,c91d311fe0410074d9411d5fdbb84c84,information_gain,4,4,True,1,1.7628200434751606,next-0,pass
17,s17-test-5-10,c91d311fe0410074d9411d5fdbb84c84,random,0,0,True,1,2.91077518408985,,
17,s17-test-5-10,c91d311fe0410074d9411d5fdbb84c84,random,1,1,True,1,2.6711702602021172,next-5,pass
17,s17-test-5-10,c91d311fe0410074d9411d5fdbb84c84,random,2,2,True,1,2.5491938563629515,next-6,pass
17,s17-test-5-10,c91d311fe0410074d9411d5fdbb84c84,random,3,3,True,1,2.191301361664653,next-3,pass
17,s17-test-5-10,c91d311fe0410074d9411d5fdbb84c84,random,4,4,True,1,1.9264144982420868,next-0,pass
17,s17-test-5-11,c91d311fe0410074d9411d5fdbb84c84,information_gain,0,0,True,1,1.985840814361097,,
17,s17-test-5-11,c91d311fe0410074d9411d5fdbb84c84,information_gain,1,1,True,1,1.6636863404248432,next-10,pass
17,s17-test-5-11,c91d311fe0410074d9411d5fdbb84c84,information_gain,2,2,True,1,0.4269716663057839,next-5,fail
17,s17-test-5-11,c91d311fe0410074d9411d5fdbb84c84,information_gain,3,3,True,1,0.2777466382322432,next-4,pass
17,s17-test-5-11,c91d311fe0410074d9411d5fdbb84c84,information_gain,4,4,True,1,1.064570967073569,next-9,fail
17,s17-test-5-11,c91d311fe0410074d9411d5fdbb84c84,random,0,0,True,1,1.985840814361097,,
17,s17-test-5-11,c91d311fe0410074d9411d5fdbb84c84,random,1,1,True,1,0.578317195728961,next-5,fail
17,s17-test-5-11,c91d311fe0410074d9411d5fdbb84c84,random,2,2,True,1,1.295863338762154,next-9,fail
17,s17-test-5-11,c91d311fe0410074d9411d5fdbb84c84,random,3,3,True,1,1.838086048397477,next-11,fail
17,s17-test-5-11,c91d311fe0410074d9411d5fdbb84c84,random,4,4,True,1,1.471273913415067,next-10,pass
17,s17-test-6-0,2c553749d31eb5b970727a5348e873c8,information_gain,0,0,False,7,3.178308976679505,,
17,s17-test-6-0,2c553749d31eb5b970727a5348e873c8,information_gain,1,1,False,6,2.9654177836128484,next-2,pass
17,s17-test-6-0,2c553749d31eb5b970727a5348e873c8,information_gain,2,2,True,1,1.5364976608671657,next-1,fail
17,s17-test-6-0,2c553749d31eb5b970727a5348e873c8,information_gain,3,3,True,1,1.3559462629681842,next-3,pass
17,s17-test-6-0,2c553749d31eb5b970727a5348e873c8,information_gain,4,4,True,1,1.2328745090016926,next-4,pass
17,s17-test-6-0,2c553749d31eb5b970727a5348e873c8,random,0,0,False,7,3.178308976679505,,
17,s17-test-6-0,2c553749d31eb5b970727a5348e873c8,random,1,1,False,6,3.0641015002478973,next-9,pass
17,s17-test-6-0,2c553749d31eb5b970727a5348e873c8,random,2,2,True,1,1.573173736735629,next-1,fail
17,s17-test-6-0,2c553749d31eb5b970727a5348e873c8,random,3,3,True,1,1.3787869442959222,next-4,pass
17,s17-test-6-0,2c553749d31eb5b970727a5348e873c8,random,4,4,True,1,1.241510542794442,next-3,pass
17,s17-test-6-1,2c553749d31eb5b970727a5348e873c8,information_gain,0,0,False,2,3.6387698882862485,,
17,s17-test-6-1,2c553749d31eb5b970727a5348e873c8,information_gain,1,1,True,1,2.5121781726791803,next-1,fail
17,s17-test-6-1,2c553749d31eb5b970727a5348e873c8,information_gain,2,2,True,1,1.4077422001009767,next-8,fail
17,s17-test-6-1,2c553749d31eb5b970727a5348e873c8,information_gain,3,3,False,2,1.140362474595937,next-6,pass
17,s17-test-6-1,2c553749d31eb5b970727a5348e873c8,information_gain,4,4,True,1,1.7410106961728682,next-0,fail
17,s17-test-6-1,2c553749d31eb5b970727a5348e873c8,random,0,0,False,2,3.6387698882862485,,
17,s17-test-6-1,2c553749d31eb5b970727a5348e873c8,random,1,1,False,2,3.563677983538769,next-10,pass
17,s17-test-6-1,2c553749d31eb5b970727a5348e873c8,random,2,2,False,2,3.4849750166842304,next-7,pass
17,s17-test-6-1,2c553749d31eb5b970727a5348e873c8,random,3,3,True,1,2.2178774363139513,next-8,fail
17,s17-test-6-1,2c553749d31eb5b970727a5348e873c8,random,4,4,True,1,1.1494401303293054,next-3,fail
17,s17-test-6-2,2c553749d31eb5b970727a5348e873c8,information_gain,0,0,True,1,3.1103177195382976,,
17,s17-test-6-2,2c553749d31eb5b970727a5348e873c8,information_gain,1,1,True,1,2.7426585594984534,next-6,pass
17,s17-test-6-2,2c553749d31eb5b970727a5348e873c8,information_gain,2,2,True,1,2.5264572178258686,next-4,pass
17,s17-test-6-2,2c553749d31eb5b970727a5348e873c8,information_gain,3,3,True,1,2.3487425509443742,next-7,pass
17,s17-test-6-2,2c553749d31eb5b970727a5348e873c8,information_gain,4,4,True,1,2.2430078579985433,next-11,pass
17,s17-test-6-2,2c553749d31eb5b970727a5348e873c8,random,0,0,True,1,3.1103177195382976,,
17,s17-test-6-2,2c553749d31eb5b970727a5348e873c8,random,1,1,True,1,2.99047913819375,next-7,pass
17,s17-test-6-2,2c553749d31eb5b970727a5348e873c8,random,2,2,True,1,2.976155562391883,next-0,pass
17,s17-test-6-2,2c553749d31eb5b970727a5348e873c8,random,3,3,True,1,2.8529773048469496,next-2,pass
17,s17-test-6-2,2c553749d31eb5b970727a5348e873c8,random,4,4,True,1,2.50032465871594,next-6,pass
17,s17-test-6-3,2c553749d31eb5b970727a5348e873c8,information_gain,0,0,True,1,3.2250471676038655,,
17,s17-test-6-3,2c553749d31eb5b970727a5348e873c8,information_gain,1,1,True,1,2.7564057003562956,next-3,pass
17,s17-test-6-3,2c553749d31eb5b970727a5348e873c8,information_gain,2,2,True,1,2.5774825524041463,next-7,pass
17,s17-test-6-3,2c553749d31eb5b970727a5348e873c8,information_gain,3,3,True,1,2.217264842275615,next-4,pass
17,s17-test-6-3,2c553749d31eb5b970727a5348e873c8,information_gain,4,4,True,1,1.8144096660563827,next-8,pass
17,s17-test-6-3,2c553749d31eb5b970727a5348e873c8,random,0,0,True,1,3.2250471676038655,,
17,s17-test-6-3,2c553749d31eb5b970727a5348e873c8,random,1,1,True,1,2.8647244222997306,next-4,pass
17,s17-test-6-3,2c553749d31eb5b970727a5348e873c8,random,2,2,True,1,2.7260537391436026,next-0,pass
17,s17-test-6-3,2c553749d31eb5b970727a5348e873c8,random,3,3,True,1,2.471466613520851,next-7,pass
17,s17-test-6-3,2c553749d31eb5b970727a5348e873c8,random,4,4,True,1,2.4499496358392077,next-2,pass
17,s17-test-6-4,2c553749d31eb5b970727a5348e873c8,information_gain,0,0,True,1,2.437647273707343,,
17,s17-test-6-4,2c553749d31eb5b970727a5348e873c8,information_gain,1,1,True,1,1.3151169090823067,next-11,fail
17,s17-test-6-4,2c553749d31eb5b970727a5348e873c8,information_gain,2,2,True,1,0.21814209535243376,next-9,fail
17,s17-test-6-4,2c553749d31eb5b970727a5348e873c8,information_gain,3,3,True,1,0.011597042706023618,next-8,fail
17,s17-test-6-4,2c553749d31eb5b970727a5348e873c8,information_gain,4,4,True,1,0.0008841513528137396,next-10,fail
17,s17-test-6-4,2c553749d31eb5b970727a5348e873c8,random,0,0,True,1,2.437647273707343,,
17,s17-test-6-4,2c553749d31eb5b970727a5348e873c8,random,1,1,True,1,1.6900942371303322,next-4,fail
17,s17-test-6-4,2c553749d31eb5b970727a5348e873c8,random,2,2,True,1,0.3925826644754129,next-10,fail
17,s17-test-6-4,2c553749d31eb5b970727a5348e873c8,random,3,3,True,1,0.39225946145672513,next-5,pass
17,s17-test-6-4,2c553749d31eb5b970727a5348e873c8,random,4,4,True,1,0.21385981465428716,next-3,fail
17,s17-test-6-5,2c553749d31eb5b970727a5348e873c8,information_gain,0,0,False,3,2.267419550241661,,
17,s17-test-6-5,2c553749d31eb5b970727a5348e873c8,information_gain,1,1,False,2,2.0024091541113354,next-3,pass
17,s17-test-6-5,2c553749d31eb5b970727a5348e873c8,information_gain,2,2,True,1,1.5269062969490934,next-5,pass
17,s17-test-6-5,2c553749d31eb5b970727a5348e873c8,information_gain,3,3,True,1,1.2751437700500692,next-2,pass
17,s17-test-6-5,2c553749d31eb5b970727a5348e873c8,information_gain,4,4,True,1,1.1328212533056687,next-0,pass
17,s17-test-6-5,2c553749d31eb5b970727a5348e873c8,random,0,0,False,3,2.267419550241661,,
17,s17-test-6-5,2c553749d31eb5b970727a5348e873c8,random,1,1,False,3,2.2173478135885603,next-10,pass
17,s17-test-6-5,2c553749d31eb5b970727a5348e873c8,random,2,2,False,3,2.075934184422184,next-4,pass
17,s17-test-6-5,2c553749d31eb5b970727a5348e873c8,random,3,3,False,3,2.074567604474333,next-9,pass
17,s17-test-6-5,2c553749d31eb5b970727a5348e873c8,random,4,4,False,2,1.9107665059001657,next-2,pass
17,s17-test-6-6,2c553749d31eb5b970727a5348e873c8,information_gain,0,0,False,8,3.178308976679505,,
17,s17-test-6-6,2c553749d31eb5b970727a5348e873c8,information_gain,1,1,False,6,2.8829772078830773,next-9,pass
17,s17-test-6-6,2c553749d31eb5b970727a5348e873c8,information_gain,2,2,False,4,2.589194274844288,next-11,pass
17,s17-test-6-6,2c553749d31eb5b970727a5348e873c8,information_gain,3,3,False,3,2.351452421044754,next-6,pass
17,s17-test-6-6,2c553749d31eb5b970727a5348e873c8,information_gain,4,4,False,2,2.174636736479755,next-2,pass
17,s17-test-6-6,2c553749d31eb5b970727a5348e873c8,random,0,0,False,8,3.178308976679505,,
17,s17-test-6-6,2c553749d31eb5b970727a5348e873c8,random,1,1,False,7,3.0641015002478973,next-7,pass
17,s17-test-6-6,2c553749d31eb5b970727a5348e873c8,random,2,2,False,7,3.011823916211681,next-0,pass
17,s17-test-6-6,2c553749d31eb5b970727a5348e873c8,random,3,3,False,6,2.8829772078830773,next-2,pass
17,s17-test-6-6,2c553749d31eb5b970727a5348e873c8,random,4,4,False,6,2.7627676994518287,next-4,pass
17,s17-test-6-7,2c553749d31eb5b970727a5348e873c8,information_gain,0,0,False,6,3.075113350956308,,
17,s17-test-6-7,2c553749d31eb5b970727a5348e873c8,information_gain,1,1,True,1,1.564194046400016,next-11,fail
17,s17-test-6-7,2c553749d31eb5b970727a5348e873c8,information_gain,2,2,True,1,1.3988288090039396,next-1,pass
17,s17-test-6-7,2c553749d31eb5b970727a5348e873c8,information_gain,3,3,True,1,1.2542460869580025,next-10,pass
17,s17-test-6-7,2c553749d31eb5b970727a5348e873c8,information_gain,4,4,True,1,1.1407887271792958,next-7,pass
17,s17-test-6-7,2c553749d31eb5b970727a5348e873c8,random,0,0,False,6,3.075113350956308,,
17,s17-test-6-7,2c553749d31eb5b970727a5348e873c8,random,1,1,False,5,2.836338004708928,next-10,pass
17,s17-test-6-7,2c553749d31eb5b970727a5348e873c8,random,2,2,False,4,2.673286628940574,next-7,pass
17,s17-test-6-7,2c553749d31eb5b970727a5348e873c8,random,3,3,False,4,2.5896966973374216,next-9,pass
17,s17-test-6-7,2c553749d31eb5b970727a5348e873c8,random,4,4,False,4,2.5815381359653293,next-8,pass
17,s17-test-6-8,2c553749d31eb5b970727a5348e873c8,information_gain,0,0,True,1,2.258894892567208,,
17,s17-test-6-8,2c553749d31eb5b970727a5348e873c8,information_gain,1,1,True,1,0.3701138878228577,next-9,fail
17,s17-test-6-8,2c553749d31eb5b970727a5348e873c8,information_gain,2,2,True,1,0.11541354201234164,next-11,pass
17,s17-test-6-8,2c553749d31eb5b970727a5348e873c8,information_gain,3,3,True,1,0.5925738243002666,next-1,pass
17,s17-test-6-8,2c553749d31eb5b970727a5348e873c8,information_gain,4,4,True,1,0.3783805135366507,next-8,pass
17,s17-test-6-8,2c553749d31eb5b970727a5348e873c8,random,0,0,True,1,2.258894892567208,,
17,s17-test-6-8,2c553749d31eb5b970727a5348e873c8,random,1,1,True,1,0.3701138878228577,next-9,fail
17,s17-test-6-8,2c553749d31eb5b970727a5348e873c8,random,2,2,True,1,0.25609030647579256,next-5,pass
17,s17-test-6-8,2c553749d31eb5b970727a5348e873c8,random,3,3,True,1,0.24290230158270998,next-7,pass
17,s17-test-6-8,2c553749d31eb5b970727a5348e873c8,random,4,4,True,1,0.09040269567081927,next-2,pass
17,s17-test-6-9,2c553749d31eb5b970727a5348e873c8,information_gain,0,0,True,1,1.6510811500775966,,
17,s17-test-6-9,2c553749d31eb5b970727a5348e873c8,information_gain,1,1,True,1,0.28036205261061964,next-6,fail
17,s17-test-6-9,2c553749d31eb5b970727a5348e873c8,information_gain,2,2,True,1,0.11619442326029836,next-11,pass
17,s17-test-6-9,2c553749d31eb5b970727a5348e873c8,information_gain,3,3,True,1,0.07882007268216899,next-0,pass
17,s17-test-6-9,2c553749d31eb5b970727a5348e873c8,information_gain,4,4,True,1,0.0624339346367676,next-3,pass
17,s17-test-6-9,2c553749d31eb5b970727a5348e873c8,random,0,0,True,1,1.6510811500775966,,
17,s17-test-6-9,2c553749d31eb5b970727a5348e873c8,random,1,1,True,1,1.5366889366082301,next-4,pass
17,s17-test-6-9,2c553749d31eb5b970727a5348e873c8,random,2,2,True,1,1.4949708946619766,next-8,pass
17,s17-test-6-9,2c553749d31eb5b970727a5348e873c8,random,3,3,True,1,1.1833659182286789,next-11,pass
17,s17-test-6-9,2c553749d31eb5b970727a5348e873c8,random,4,4,True,1,1.1409334441945316,next-1,pass
17,s17-test-6-10,2c553749d31eb5b970727a5348e873c8,information_gain,0,0,False,10,3.2545816703727515,,
17,s17-test-6-10,2c553749d31eb5b970727a5348e873c8,information_gain,1,1,False,4,2.214380797082418,next-8,fail
17,s17-test-6-10,2c553749d31eb5b970727a5348e873c8,information_gain,2,2,False,3,2.6057979037696493,next-10,pass
17,s17-test-6-10,2c553749d31eb5b970727a5348e873c8,information_gain,3,3,False,2,2.194049518741218,next-6,pass
17,s17-test-6-10,2c553749d31eb5b970727a5348e873c8,information_gain,4,4,False,3,1.6978467819619976,next-2,pass
17,s17-test-6-10,2c553749d31eb5b970727a5348e873c8,random,0,0,False,10,3.2545816703727515,,
17,s17-test-6-10,2c553749d31eb5b970727a5348e873c8,random,1,1,False,14,3.281698610110248,next-2,pass
17,s17-test-6-10,2c553749d31eb5b970727a5348e873c8,random,2,2,False,11,3.0248498132001194,next-6,pass
17,s17-test-6-10,2c553749d31eb5b970727a5348e873c8,random,3,3,False,11,2.9770517661006832,next-0,pass
17,s17-test-6-10,2c553749d31eb5b970727a5348e873c8,random,4,4,False,10,2.919851980310992,next-11,pass
17,s17-test-6-11,2c553749d31eb5b970727a5348e873c8,information_gain,0,0,True,1,2.070747370431188,,
17,s17-test-6-11,2c553749d31eb5b970727a5348e873c8,information_gain,1,1,True,1,1.1962356370749847,next-11,fail
17,s17-test-6-11,2c553749d31eb5b970727a5348e873c8,information_gain,2,2,True,1,0.8223455575199479,next-0,pass
17,s17-test-6-11,2c553749d31eb5b970727a5348e873c8,information_gain,3,3,True,1,0.05535652985396541,next-1,fail
17,s17-test-6-11,2c553749d31eb5b970727a5348e873c8,information_gain,4,4,True,1,0.003581303452867783,next-3,fail
17,s17-test-6-11,2c553749d31eb5b970727a5348e873c8,random,0,0,True,1,2.070747370431188,,
17,s17-test-6-11,2c553749d31eb5b970727a5348e873c8,random,1,1,True,1,2.0281403704801724,next-5,pass
17,s17-test-6-11,2c553749d31eb5b970727a5348e873c8,random,2,2,True,1,2.0260778486176614,next-2,pass
17,s17-test-6-11,2c553749d31eb5b970727a5348e873c8,random,3,3,True,1,1.649183453274791,next-4,fail
17,s17-test-6-11,2c553749d31eb5b970727a5348e873c8,random,4,4,True,1,1.6489534670170527,next-9,pass
17,s17-test-7-0,b55cd15ab497572b7c37ab1560f5b93f,information_gain,0,0,True,1,3.6387698882862485,,
17,s17-test-7-0,b55cd15ab497572b7c37ab1560f5b93f,information_gain,1,1,True,1,3.318505272931167,next-4,pass
17,s17-test-7-0,b55cd15ab497572b7c37ab1560f5b93f,information_gain,2,2,True,1,3.1261192013013397,next-6,pass
17,s17-test-7-0,b55cd15ab497572b7c37ab1560f5b93f,information_gain,3,3,True,1,3.0096219970044435,next-3,pass
17,s17-test-7-0,b55cd15ab497572b7c37ab1560f5b93f,information_gain,4,4,True,1,2.88461132485408,next-5,pass
17,s17-test-7-0,b55cd15ab497572b7c37ab1560f5b93f,random,0,0,True,1,3.6387698882862485,,
17,s17-test-7-0,b55cd15ab497572b7c37ab1560f5b93f,random,1,1,True,1,3.5275299695009883,next-3,pass
17,s17-test-7-0,b55cd15ab497572b7c37ab1560f5b93f,random,2,2,True,1,3.4069919641821373,next-5,pass
17,s17-test-7-0,b55cd15ab497572b7c37ab1560f5b93f,random,3,3,True,1,3.215130313274381,next-1,pass
17,s17-test-7-0,b55cd15ab497572b7c37ab1560f5b93f,random,4,4,True,1,3.168280837926494,next-7,pass
17,s17-test-7-1,b55cd15ab497572b7c37ab1560f5b93f,information_gain,0,0,False,2,3.30943139134959,,
17,s17-test-7-1,b55cd15ab497572b7c37ab1560f5b93f,information_gain,1,1,True,1,1.8961148170102404,next-11,fail
17,s17-test-7-1,b55cd15ab497572b7c37ab1560f5b93f,information_gain,2,2,True,1,1.653921983324667,next-3,pass
17,s17-test-7-1,b55cd15ab497572b7c37ab1560f5b93f,information_gain,3,3,True,1,0.225677949580947,next-5,fail
17,s17-test-7-1,b55cd15ab497572b7c37ab1560f5b93f,information_gain,4,4,True,1,0.01986744470439987,next-7,fail
17,s17-test-7-1,b55cd15ab497572b7c37ab1560f5b93f,random,0,0,False,2,3.30943139134959,,
17,s17-test-7-1,b55cd15ab497572b7c37ab1560f5b93f,random,1,1,False,2,3.215130313274381,next-6,pass
17,s17-test-7-1,b55cd15ab497572b7c37ab1560f5b93f,random,2,2,False,2,2.9584239010347084,next-0,pass
17,s17-test-7-1,b55cd15ab497572b7c37ab1560f5b93f,random,3,3,True,1,1.3064775035952347,next-5,fail
17,s17-test-7-1,b55cd15ab497572b7c37ab1560f5b93f,random,4,4,True,1,1.285966937634037,next-2,pass
17,s17-test-7-2,b55cd15ab497572b7c37ab1560f5b93f,information_gain,0,0,False,7,3.4069919641821373,,
17,s17-test-7-2,b55cd15ab497572b7c37ab1560f5b93f,information_gain,1,1,False,2,2.036325058248314,next-0,fail
17,s17-test-7-2,b55cd15ab497572b7c37ab1560f5b93f,information_gain,2,2,True,1,1.7843236695906775,next-3,pass
17,s17-test-7-2,b55cd15ab497572b7c37ab1560f5b93f,information_gain,3,3,True,1,0.1277884439679683,next-10,fail
17,s17-test-7-2,b55cd15ab497572b7c37ab1560f5b93f,information_gain,4,4,True,1,0.04812580333383911,next-11,fail
17,s17-test-7-2,b55cd15ab497572b7c37ab1560f5b93f,random,0,0,False,7,3.4069919641821373,,
17,s17-test-7-2,b55cd15ab497572b7c37ab1560f5b93f,random,1,1,False,5,3.178308976679505,next-3,pass
17,s17-test-7-2,b55cd15ab497572b7c37ab1560f5b93f,random,2,2,True,1,1.7212260219834181,next-11,fail
17,s17-test-7-2,b55cd15ab497572b7c37ab1560f5b93f,random,3,3,True,1,1.6627011486210266,next-6,pass
17,s17-test-7-2,b55cd15ab497572b7c37ab1560f5b93f,random,4,4,True,1,1.6342714290921152,next-5,pass
17,s17-test-7-3,b55cd15ab497572b7c37ab1560f5b93f,information_gain,0,0,False,3,3.4024227629461943,,
17,s17-test-7-3,b55cd15ab497572b7c37ab1560f5b93f,information_gain,1,1,False,3,3.1261192013013397,next-9,pass
17,s17-test-7-3,b55cd15ab497572b7c37ab1560f5b93f,information_gain,2,2,False,3,2.9532092592532746,next-10,pass
17,s17-test-7-3,b55cd15ab497572b7c37ab1560f5b93f,information_gain,3,3,False,5,1.3955868193280205,next-1,fail
17,s17-test-7-3,b55cd15ab497572b7c37ab1560f5b93f,information_gain,4,4,False,5,1.2743033499479768,next-3,pass
17,s17-test-7-3,b55cd15ab497572b7c37ab1560f5b93f,random,0,0,False,3,3.4024227629461943,,
17,s17-test-7-3,b55cd15ab497572b7c37ab1560f5b93f,random,1,1,True,1,1.7364158485749743,next-5,fail
17,s17-test-7-3,b55cd15ab497572b7c37ab1560f5b93f,random,2,2,True,1,1.3879458910591622,next-10,pass
17,s17-test-7-3,b55cd15ab497572b7c37ab1560f5b93f,random,3,3,True,1,1.2801059793240472,next-8,pass
17,s17-test-7-3,b55cd15ab497572b7c37ab1560f5b93f,random,4,4,True,1,1.238127160416804,next-11,pass
17,s17-test-7-4,b55cd15ab497572b7c37ab1560f5b93f,information_gain,0,0,True,1,3.27082965483829,,
17,s17-test-7-4,b55cd15ab497572b7c37ab1560f5b93f,information_gain,1,1,True,1,3.0765073433319277,next-11,pass
17,s17-test-7-4,b55cd15ab497572b7c37ab1560f5b93f,information_gain,2,2,True,1,2.7848104186195437,next-4,pass
17,s17-test-7-4,b55cd15ab497572b7c37ab1560f5b93f,information_gain,3,3,True,1,2.5665920408176506,next-5,pass
17,s17-test-7-4,b55cd15ab497572b7c37ab1560f5b93f,information_gain,4,4,True,1,2.4610351782377884,next-6,pass
17,s17-test-7-4,b55cd15ab497572b7c37ab1560f5b93f,random,0,0,True,1,3.27082965483829,,
17,s17-test-7-4,b55cd15ab497572b7c37ab1560f5b93f,random,1,1,True,1,3.178308976679505,next-1,pass
17,s17-test-7-4,b55cd15ab497572b7c37ab1560f5b93f,random,2,2,True,1,3.0751133509563076,next-9,pass
17,s17-test-7-4,b55cd15ab497572b7c37ab1560f5b93f,random,3,3,True,1,2.9079152779953152,next-8,pass
17,s17-test-7-4,b55cd15ab497572b7c37ab1560f5b93f,random,4,4,True,1,2.7887266412923517,next-11,pass
17,s17-test-7-5,b55cd15ab497572b7c37ab1560f5b93f,information_gain,0,0,False,2,3.4849750166842304,,
17,s17-test-7-5,b55cd15ab497572b7c37ab1560f5b93f,information_gain,1,1,True,1,2.3329455066725258,next-6,fail
17,s17-test-7-5,b55cd15ab497572b7c37ab1560f5b93f,information_gain,2,2,True,1,1.2350225029031772,next-1,fail
17,s17-test-7-5,b55cd15ab497572b7c37ab1560f5b93f,information_gain,3,3,True,1,0.20816869231996887,next-5,fail
17,s17-test-7-5,b55cd15ab497572b7c37ab1560f5b93f,information_gain,4,4,True,1,0.05731672985288247,next-2,pass
17,s17-test-7-5,b55cd15ab497572b7c37ab1560f5b93f,random,0,0,False,2,3.4849750166842304,,
17,s17-test-7-5,b55cd15ab497572b7c37ab1560f5b93f,random,1,1,True,1,2.15028809332898,next-9,fail
17,s17-test-7-5,b55cd15ab497572b7c37ab1560f5b93f,random,2,2,True,1,0.7960197361011784,next-6,fail
17,s17-test-7-5,b55cd15ab497572b7c37ab1560f5b93f,random,3,3,True,1,0.6621457565722462,next-2,pass
17,s17-test-7-5,b55cd15ab497572b7c37ab1560f5b93f,random,4,4,True,1,0.09993518848185622,next-1,fail
17,s17-test-7-6,b55cd15ab497572b7c37ab1560f5b93f,information_gain,0,0,False,7,3.318505272931167,,
17,s17-test-7-6,b55cd15ab497572b7c37ab1560f5b93f,information_gain,1,1,False,5,3.0641015002478973,next-3,pass
17,s17-test-7-6,b55cd15ab497572b7c37ab1560f5b93f,information_gain,2,2,False,3,2.821528054016888,next-11,pass
17,s17-test-7-6,b55cd15ab497572b7c37ab1560f5b93f,information_gain,3,3,True,1,0.9524739219601878,next-0,fail
17,s17-test-7-6,b55cd15ab497572b7c37ab1560f5b93f,information_gain,4,4,True,1,0.8322173399084358,next-4,pass
17,s17-test-7-6,b55cd15ab497572b7c37ab1560f5b93f,random,0,0,False,7,3.318505272931167,,
17,s17-test-7-6,b55cd15ab497572b7c37ab1560f5b93f,random,1,1,True,1,1.417864917316475,next-0,fail
17,s17-test-7-6,b55cd15ab497572b7c37ab1560f5b93f,random,2,2,True,1,1.3946911232204908,next-9,pass
17,s17-test-7-6,b55cd15ab497572b7c37ab1560f5b93f,random,3,3,True,1,1.2908923380145187,next-7,pass
17,s17-test-7-6,b55cd15ab497572b7c37ab1560f5b93f,random,4,4,True,1,1.0676985348157404,next-3,pass
17,s17-test-7-7,b55cd15ab497572b7c37ab1560f5b93f,information_gain,0,0,False,6,3.27082965483829,,
17,s17-test-7-7,b55cd15ab497572b7c37ab1560f5b93f,information_gain,1,1,False,3,2.8489666666739675,next-5,pass
17,s17-test-7-7,b55cd15ab497572b7c37ab1560f5b93f,information_gain,2,2,False,2,1.4289118291707685,next-1,fail
17,s17-test-7-7,b55cd15ab497572b7c37ab1560f5b93f,information_gain,3,3,True,1,0.29561790225611007,next-0,fail
17,s17-test-7-7,b55cd15ab497572b7c37ab1560f5b93f,information_gain,4,4,True,1,0.23639667622826513,next-3,pass
17,s17-test-7-7,b55cd15ab497572b7c37ab1560f5b93f,random,0,0,False,6,3.27082965483829,,
17,s17-test-7-7,b55cd15ab497572b7c37ab1560f5b93f,random,1,1,False,5,3.1261192013013397,next-6,pass
17,s17-test-7-7,b55cd15ab497572b7c37ab1560f5b93f,random,2,2,False,3,2.7848104186195433,next-3,pass
17,s17-test-7-7,b55cd15ab497572b7c37ab1560f5b93f,random,3,3,False,3,2.6512052078162336,next-9,pass
17,s17-test-7-7,b55cd15ab497572b7c37ab1560f5b93f,random,4,4,False,3,2.6070915305283755,next-8,pass
17,s17-test-7-8,b55cd15ab497572b7c37ab1560f5b93f,information_gain,0,0,False,2,3.3158180477437127,,
17,s17-test-7-8,b55cd15ab497572b7c37ab1560f5b93f,information_gain,1,1,True,1,2.040740699693421,next-8,fail
17,s17-test-7-8,b55cd15ab497572b7c37ab1560f5b93f,information_gain,2,2,True,1,0.7672676673850434,next-4,fail
17,s17-test-7-8,b55cd15ab497572b7c37ab1560f5b93f,information_gain,3,3,True,1,0.05875162941241786,next-10,fail
17,s17-test-7-8,b55cd15ab497572b7c37ab1560f5b93f,information_gain,4,4,True,1,0.030524129683742133,next-7,pass
17,s17-test-7-8,b55cd15ab497572b7c37ab1560f5b93f,random,0,0,False,2,3.3158180477437127,,
17,s17-test-7-8,b55cd15ab497572b7c37ab1560f5b93f,random,1,1,False,2,3.1760853299446525,next-0,pass
17,s17-test-7-8,b55cd15ab497572b7c37ab1560f5b93f,random,2,2,False,2,3.1261192013013397,next-7,pass
17,s17-test-7-8,b55cd15ab497572b7c37ab1560f5b93f,random,3,3,False,2,2.9654177836128484,next-2,pass
17,s17-test-7-8,b55cd15ab497572b7c37ab1560f5b93f,random,4,4,True,1,1.468329669050962,next-4,fail
17,s17-test-7-9,b55cd15ab497572b7c37ab1560f5b93f,information_gain,0,0,False,4,3.4849750166842304,,
17,s17-test-7-9,b55cd15ab497572b7c37ab1560f5b93f,information_gain,1,1,False,2,3.1261192013013392,next-6,pass
17,s17-test-7-9,b55cd15ab497572b7c37ab1560f5b93f,information_gain,2,2,False,2,2.9532092592532746,next-9,pass
17,s17-test-7-9,b55cd15ab497572b7c37ab1560f5b93f,information_gain,3,3,True,1,1.39558681932802,next-8,fail
17,s17-test-7-9,b55cd15ab497572b7c37ab1560f5b93f,information_gain,4,4,True,1,1.085440144183858,next-7,pass
17,s17-test-7-9,b55cd15ab497572b7c37ab1560f5b93f,random,0,0,False,4,3.4849750166842304,,
17,s17-test-7-9,b55cd15ab497572b7c37ab1560f5b93f,random,1,1,False,4,3.4069919641821373,next-3,pass
17,s17-test-7-9,b55cd15ab497572b7c37ab1560f5b93f,random,2,2,False,4,3.398597064346296,next-5,pass
17,s17-test-7-9,b55cd15ab497572b7c37ab1560f5b93f,random,3,3,False,4,3.30943139134959,next-11,pass
17,s17-test-7-9,b55cd15ab497572b7c37ab1560f5b93f,random,4,4,False,4,3.2134085399373773,next-4,pass
17,s17-test-7-10,b55cd15ab497572b7c37ab1560f5b93f,information_gain,0,0,False,3,3.4462887615782543,,
17,s17-test-7-10,b55cd15ab497572b7c37ab1560f5b93f,information_gain,1,1,False,2,2.0694857382796097,next-2,fail
17,s17-test-7-10,b55cd15ab497572b7c37ab1560f5b93f,information_gain,2,2,False,3,1.8510860017600597,next-4,pass
17,s17-test-7-10,b55cd15ab497572b7c37ab1560f5b93f,information_gain,3,3,False,2,3.023718208057528,next-9,pass
17,s17-test-7-10,b55cd15ab497572b7c37ab1560f5b93f,information_gain,4,4,False,2,1.3596672037907502,next-10,fail
17,s17-test-7-10,b55cd15ab497572b7c37ab1560f5b93f,random,0,0,False,3,3.4462887615782543,,
17,s17-test-7-10,b55cd15ab497572b7c37ab1560f5b93f,random,1,1,False,3,3.3608196549349794,next-7,pass
17,s17-test-7-10,b55cd15ab497572b7c37ab1560f5b93f,random,2,2,False,10,3.0751133509563076,next-4,pass
17,s17-test-7-10,b55cd15ab497572b7c37ab1560f5b93f,random,3,3,False,10,2.9532092592532746,next-11,pass
17,s17-test-7-10,b55cd15ab497572b7c37ab1560f5b93f,random,4,4,False,3,1.676378467188503,next-2,fail
17,s17-test-7-11,b55cd15ab497572b7c37ab1560f5b93f,information_gain,0,0,True,1,3.318505272931167,,
17,s17-test-7-11,b55cd15ab497572b7c37ab1560f5b93f,information_gain,1,1,True,1,3.168280837926494,next-1,pass
17,s17-test-7-11,b55cd15ab497572b7c37ab1560f5b93f,information_gain,2,2,True,1,3.009871054015519,next-6,pass
17,s17-test-7-11,b55cd15ab497572b7c37ab1560f5b93f,information_gain,3,3,True,1,2.8804515344541946,next-2,pass
17,s17-test-7-11,b55cd15ab497572b7c37ab1560f5b93f,information_gain,4,4,True,1,2.73980038276819,next-10,pass
17,s17-test-7-11,b55cd15ab497572b7c37ab1560f5b93f,random,0,0,True,1,3.318505272931167,,
17,s17-test-7-11,b55cd15ab497572b7c37ab1560f5b93f,random,1,1,True,1,3.2754588033378567,next-9,pass
17,s17-test-7-11,b55cd15ab497572b7c37ab1560f5b93f,random,2,2,True,1,3.1582273065354447,next-1,pass
17,s17-test-7-11,b55cd15ab497572b7c37ab1560f5b93f,random,3,3,True,1,3.100076396286463,next-3,pass
17,s17-test-7-11,b55cd15ab497572b7c37ab1560f5b93f,random,4,4,True,1,2.9355094987915664,next-10,pass
17,s17-test-8-0,9b7765d167ab4261e1f93b8cd1b704ff,information_gain,0,0,False,3,2.5824401037987355,,
17,s17-test-8-0,9b7765d167ab4261e1f93b8cd1b704ff,information_gain,1,1,False,2,2.3566980006343092,next-10,pass
17,s17-test-8-0,9b7765d167ab4261e1f93b8cd1b704ff,information_gain,2,2,True,1,2.2101317780725687,next-6,pass
17,s17-test-8-0,9b7765d167ab4261e1f93b8cd1b704ff,information_gain,3,3,True,1,0.5317145167727356,next-11,fail
17,s17-test-8-0,9b7765d167ab4261e1f93b8cd1b704ff,information_gain,4,4,True,1,0.027680629948378874,next-3,fail
17,s17-test-8-0,9b7765d167ab4261e1f93b8cd1b704ff,random,0,0,False,3,2.5824401037987355,,
17,s17-test-8-0,9b7765d167ab4261e1f93b8cd1b704ff,random,1,1,False,3,2.549387466499516,next-0,pass
17,s17-test-8-0,9b7765d167ab4261e1f93b8cd1b704ff,random,2,2,False,2,2.397494914994894,next-5,pass
17,s17-test-8-0,9b7765d167ab4261e1f93b8cd1b704ff,random,3,3,True,1,0.49746483730667207,next-3,fail
17,s17-test-8-0,9b7765d167ab4261e1f93b8cd1b704ff,random,4,4,True,1,0.33527405647095926,next-10,pass
17,s17-test-8-1,9b7765d167ab4261e1f93b8cd1b704ff,information_gain,0,0,False,9,3.8294057778367994,,
17,s17-test-8-1,9b7765d167ab4261e1f93b8cd1b704ff,information_gain,1,1,False,6,3.5862745941212455,next-0,pass
17,s17-test-8-1,9b7765d167ab4261e1f93b8cd1b704ff,information_gain,2,2,False,4,3.3376832667104006,next-1,pass
17,s17-test-8-1,9b7765d167ab4261e1f93b8cd1b704ff,information_gain,3,3,False,3,3.1524074433697264,next-2,pass
17,s17-test-8-1,9b7765d167ab4261e1f93b8cd1b704ff,information_gain,4,4,False,3,3.035523523128903,next-3,pass
17,s17-test-8-1,9b7765d167ab4261e1f93b8cd1b704ff,random,0,0,False,9,3.8294057778367994,,
17,s17-test-8-1,9b7765d167ab4261e1f93b8cd1b704ff,random,1,1,False,7,3.6932280873886922,next-8,pass
17,s17-test-8-1,9b7765d167ab4261e1f93b8cd1b704ff,random,2,2,False,7,3.6132135137176795,next-3,pass
17,s17-test-8-1,9b7765d167ab4261e1f93b8cd1b704ff,random,3,3,False,7,3.5790285129724366,next-6,pass
17,s17-test-8-1,9b7765d167ab4261e1f93b8cd1b704ff,random,4,4,False,6,3.4253756937814965,next-9,pass
17,s17-test-8-2,9b7765d167ab4261e1f93b8cd1b704ff,information_gain,0,0,False,11,3.857830785892854,,
17,s17-test-8-2,9b7765d167ab4261e1f93b8cd1b704ff,information_gain,1,1,False,7,3.579843642090909,next-7,pass
17,s17-test-8-2,9b7765d167ab4261e1f93b8cd1b704ff,information_gain,2,2,False,5,3.3354622274874406,next-2,pass
17,s17-test-8-2,9b7765d167ab4261e1f93b8cd1b704ff,information_gain,3,3,False,4,3.0980372602528896,next-11,pass
17,s17-test-8-2,9b7765d167ab4261e1f93b8cd1b704ff,information_gain,4,4,False,4,2.921418518135046,next-10,pass
17,s17-test-8-2,9b7765d167ab4261e1f93b8cd1b704ff,random,0,0,False,11,3.857830785892854,,
17,s17-test-8-2,9b7765d167ab4261e1f93b8cd1b704ff,random,1,1,False,10,3.792798613193286,next-6,pass
17,s17-test-8-2,9b7765d167ab4261e1f93b8cd1b704ff,random,2,2,False,8,3.579843642090909,next-2,pass
17,s17-test-8-2,9b7765d167ab4261e1f93b8cd1b704ff,random,3,3,False,8,3.50764791193145,next-0,pass
17,s17-test-8-2,9b7765d167ab4261e1f93b8cd1b704ff,random,4,4,False,8,3.3451782736273046,next-10,pass
17,s17-test-8-3,9b7765d167ab4261e1f93b8cd1b704ff,information_gain,0,0,True,1,2.223863681459652,,
17,s17-test-8-3,9b7765d167ab4261e1f93b8cd1b704ff,information_gain,1,1,True,1,1.146885706304113,next-1,fail
17,s17-test-8-3,9b7765d167ab4261e1f93b8cd1b704ff,information_gain,2,2,True,1,0.2002798743784587,next-10,fail
17,s17-test-8-3,9b7765d167ab4261e1f93b8cd1b704ff,information_gain,3,3,True,1,0.049142658610071326,next-11,pass
17,s17-test-8-3,9b7765d167ab4261e1f93b8cd1b704ff,information_gain,4,4,True,1,0.04022444935796785,next-6,pass
17,s17-test-8-3,9b7765d167ab4261e1f93b8cd1b704ff,random,0,0,True,1,2.223863681459652,,
17,s17-test-8-3,9b7765d167ab4261e1f93b8cd1b704ff,random,1,1,True,1,2.2157553169029547,next-3,pass
17,s17-test-8-3,9b7765d167ab4261e1f93b8cd1b704ff,random,2,2,True,1,2.1280934370648112,next-2,pass
17,s17-test-8-3,9b7765d167ab4261e1f93b8cd1b704ff,random,3,3,True,1,2.0833632570602036,next-0,pass
17,s17-test-8-3,9b7765d167ab4261e1f93b8cd1b704ff,random,4,4,True,1,1.9920362995849883,next-9,pass
17,s17-test-8-4,9b7765d167ab4261e1f93b8cd1b704ff,information_gain,0,0,False,3,2.356698000634309,,
17,s17-test-8-4,9b7765d167ab4261e1f93b8cd1b704ff,information_gain,1,1,False,2,2.081586082499239,next-3,pass
17,s17-test-8-4,9b7765d167ab4261e1f93b8cd1b704ff,information_gain,2,2,True,1,1.8869537431567776,next-0,pass
17,s17-test-8-4,9b7765d167ab4261e1f93b8cd1b704ff,information_gain,3,3,True,1,1.4816304457222853,next-11,pass
17,s17-test-8-4,9b7765d167ab4261e1f93b8cd1b704ff,information_gain,4,4,True,1,1.2425207669667069,next-7,pass
17,s17-test-8-4,9b7765d167ab4261e1f93b8cd1b704ff,random,0,0,False,3,2.356698000634309,,
17,s17-test-8-4,9b7765d167ab4261e1f93b8cd1b704ff,random,1,1,True,1,2.1998540152874813,next-0,pass
17,s17-test-8-4,9b7765d167ab4261e1f93b8cd1b704ff,random,2,2,True,1,2.0205257413113986,next-9,pass
17,s17-test-8-4,9b7765d167ab4261e1f93b8cd1b704ff,random,3,3,True,1,1.7312594343659535,next-5,pass
17,s17-test-8-4,9b7765d167ab4261e1f93b8cd1b704ff,random,4,4,True,1,1.619517739157739,next-1,pass
17,s17-test-8-5,9b7765d167ab4261e1f93b8cd1b704ff,information_gain,0,0,False,5,3.946971341365341,,
17,s17-test-8-5,9b7765d167ab4261e1f93b8cd1b704ff,information_gain,1,1,False,14,3.7562459074062637,next-8,pass
17,s17-test-8-5,9b7765d167ab4261e1f93b8cd1b704ff,information_gain,2,2,False,12,3.579843642090909,next-3,pass
17,s17-test-8-5,9b7765d167ab4261e1f93b8cd1b704ff,information_gain,3,3,False,10,3.4207613788738005,next-2,pass
17,s17-test-8-5,9b7765d167ab4261e1f93b8cd1b704ff,information_gain,4,4,False,9,3.245631516056617,next-6,pass
17,s17-test-8-5,9b7765d167ab4261e1f93b8cd1b704ff,random,0,0,False,5,3.946971341365341,,
17,s17-test-8-5,9b7765d167ab4261e1f93b8cd1b704ff,random,1,1,False,5,3.885939789118656,next-4,pass
17,s17-test-8-5,9b7765d167ab4261e1f93b8cd1b704ff,random,2,2,False,5,3.7628218269148612,next-10,pass
17,s17-test-8-5,9b7765d167ab4261e1f93b8cd1b704ff,random,3,3,False,4,3.6285945907889374,next-3,pass
17,s17-test-8-5,9b7765d167ab4261e1f93b8cd1b704ff,random,4,4,False,4,3.5956499113688007,next-0,pass
17,s17-test-8-6,9b7765d167ab4261e1f93b8cd1b704ff,information_gain,0,0,True,1,3.732485550879473,,
17,s17-test-8-6,9b7765d167ab4261e1f93b8cd1b704ff,information_gain,1,1,True,1,3.4707553001259033,next-1,pass
17,s17-test-8-6,9b7765d167ab4261e1f93b8cd1b704ff,information_gain,2,2,True,1,3.1994571055489667,next-6,pass
17,s17-test-8-6,9b7765d167ab4261e1f93b8cd1b704ff,information_gain,3,3,True,1,3.035523523128903,next-2,pass
17,s17-test-8-6,9b7765d167ab4261e1f93b8cd1b704ff,information_gain,4,4,True,1,2.850549229205713,next-8,pass
17,s17-test-8-6,9b7765d167ab4261e1f93b8cd1b704ff,random,0,0,True,1,3.732485550879473,,
17,s17-test-8-6,9b7765d167ab4261e1f93b8cd1b704ff,random,1,1,True,1,3.661117643661964,next-0,pass
17,s17-test-8-6,9b7765d167ab4261e1f93b8cd1b704ff,random,2,2,True,1,3.4999011815454213,next-2,pass
17,s17-test-8-6,9b7765d167ab4261e1f93b8cd1b704ff,random,3,3,True,1,3.285959796345864,next-8,pass
17,s17-test-8-6,9b7765d167ab4261e1f93b8cd1b704ff,random,4,4,True,1,3.2424816587008856,next-5,pass
17,s17-test-8-7,9b7765d167ab4261e1f93b8cd1b704ff,information_gain,0,0,False,6,3.6872247050171385,,
17,s17-test-8-7,9b7765d167ab4261e1f93b8cd1b704ff,information_gain,1,1,False,3,3.4207613788738005,next-1,pass
17,s17-test-8-7,9b7765d167ab4261e1f93b8cd1b704ff,information_gain,2,2,False,3,3.19779174159498,next-5,pass
17,s17-test-8-7,9b7765d167ab4261e1f93b8cd1b704ff,information_gain,3,3,False,2,1.5969091881090054,next-7,fail
17,s17-test-8-7,9b7765d167ab4261e1f93b8cd1b704ff,information_gain,4,4,True,1,0.3095653091998933,next-9,fail
17,s17-test-8-7,9b7765d167ab4261e1f93b8cd1b704ff,random,0,0,False,6,3.6872247050171385,,
17,s17-test-8-7,9b7765d167ab4261e1f93b8cd1b704ff,random,1,1,False,6,3.6540247865539532,next-2,pass
17,s17-test-8-7,9b7765d167ab4261e1f93b8cd1b704ff,random,2,2,False,6,3.6203781647451647,next-6,pass
17,s17-test-8-7,9b7765d167ab4261e1f93b8cd1b704ff,random,3,3,False,6,3.5862745941212455,next-4,pass
17,s17-test-8-7,9b7765d167ab4261e1f93b8cd1b704ff,random,4,4,False,6,3.3853567425561795,next-5,pass
17,s17-test-8-8,9b7765d167ab4261e1f93b8cd1b704ff,information_gain,0,0,False,11,3.946971341365341,,
17,s17-test-8-8,9b7765d167ab4261e1f93b8cd1b704ff,information_gain,1,1,False,9,3.7562459074062637,next-1,pass
17,s17-test-8-8,9b7765d167ab4261e1f93b8cd1b704ff,information_gain,2,2,False,7,3.579843642090909,next-10,pass
17,s17-test-8-8,9b7765d167ab4261e1f93b8cd1b704ff,information_gain,3,3,False,2,2.0423736757472994,next-9,fail
17,s17-test-8-8,9b7765d167ab4261e1f93b8cd1b704ff,information_gain,4,4,True,1,0.4738694645722931,next-8,fail
17,s17-test-8-8,9b7765d167ab4261e1f93b8cd1b704ff,random,0,0,False,11,3.946971341365341,,
17,s17-test-8-8,9b7765d167ab4261e1f93b8cd1b704ff,random,1,1,False,10,3.885939789118656,next-6,pass
17,s17-test-8-8,9b7765d167ab4261e1f93b8cd1b704ff,random,2,2,False,8,3.7249346755066606,next-7,pass
17,s17-test-8-8,9b7765d167ab4261e1f93b8cd1b704ff,random,3,3,False,7,3.5440063819847927,next-1,pass
17,s17-test-8-8,9b7765d167ab4261e1f93b8cd1b704ff,random,4,4,False,6,3.379571324020687,next-0,pass
17,s17-test-8-9,9b7765d167ab4261e1f93b8cd1b704ff,information_gain,0,0,False,6,2.11088016157411,,
17,s17-test-8-9,9b7765d167ab4261e1f93b8cd1b704ff,information_gain,1,1,False,2,2.734518716955678,next-7,fail
17,s17-test-8-9,9b7765d167ab4261e1f93b8cd1b704ff,information_gain,2,2,True,1,2.47491586224573,next-9,pass
17,s17-test-8-9,9b7765d167ab4261e1f93b8cd1b704ff,information_gain,3,3,True,1,0.9139438820160637,next-11,fail
17,s17-test-8-9,9b7765d167ab4261e1f93b8cd1b704ff,information_gain,4,4,True,1,0.7813910788069154,next-5,pass
17,s17-test-8-9,9b7765d167ab4261e1f93b8cd1b704ff,random,0,0,False,6,2.11088016157411,,
17,s17-test-8-9,9b7765d167ab4261e1f93b8cd1b704ff,random,1,1,False,5,1.8436181760753254,next-5,pass
17,s17-test-8-9,9b7765d167ab4261e1f93b8cd1b704ff,random,2,2,False,2,2.2157553169029547,next-11,fail
17,s17-test-8-9,9b7765d167ab4261e1f93b8cd1b704ff,random,3,3,False,2,2.164004098697709,next-0,pass
17,s17-test-8-9,9b7765d167ab4261e1f93b8cd1b704ff,random,4,4,False,2,2.1197825408765185,next-1,pass
17,s17-test-8-10,9b7765d167ab4261e1f93b8cd1b704ff,information_gain,0,0,True,1,3.857830785892854,,
17,s17-test-8-10,9b7765d167ab4261e1f93b8cd1b704ff,information_gain,1,1,True,1,3.579843642090909,next-7,pass
17,s17-test-8-10,9b7765d167ab4261e1f93b8cd1b704ff,information_gain,2,2,True,1,3.3354622274874406,next-9,pass
17,s17-test-8-10,9b7765d167ab4261e1f93b8cd1b704ff,information_gain,3,3,True,1,3.1530258072553905,next-6,pass
17,s17-test-8-10,9b7765d167ab4261e1f93b8cd1b704ff,information_gain,4,4,True,1,2.9904209954397825,next-8,pass
17,s17-test-8-10,9b7765d167ab4261e1f93b8cd1b704ff,random,0,0,True,1,3.857830785892854,,
17,s17-test-8-10,9b7765d167ab4261e1f93b8cd1b704ff,random,1,1,True,1,3.7249346755066606,next-6,pass
17,s17-test-8-10,9b7765d167ab4261e1f93b8cd1b704ff,random,2,2,True,1,3.5021620214274973,next-9,pass
17,s17-test-8-10,9b7765d167ab4261e1f93b8cd1b704ff,random,3,3,True,1,3.3707089001693618,next-11,pass
17,s17-test-8-10,9b7765d167ab4261e1f93b8cd1b704ff,random,4,4,True,1,3.285959796345864,next-3,pass
17,s17-test-8-11,9b7765d167ab4261e1f93b8cd1b704ff,information_gain,0,0,False,9,3.7249346755066606,,
17,s17-test-8-11,9b7765d167ab4261e1f93b8cd1b704ff,information_gain,1,1,False,7,3.5076479119314503,next-8,pass
17,s17-test-8-11,9b7765d167ab4261e1f93b8cd1b704ff,information_gain,2,2,False,5,3.2950769597916167,next-9,pass
17,s17-test-8-11,9b7765d167ab4261e1f93b8cd1b704ff,information_gain,3,3,False,4,3.087151614549929,next-2,pass
17,s17-test-8-11,9b7765d167ab4261e1f93b8cd1b704ff,information_gain,4,4,True,1,1.5054984377561036,next-7,fail
17,s17-test-8-11,9b7765d167ab4261e1f93b8cd1b704ff,random,0,0,False,9,3.7249346755066606,,
17,s17-test-8-11,9b7765d167ab4261e1f93b8cd1b704ff,random,1,1,False,2,1.9797245883137249,next-7,fail
17,s17-test-8-11,9b7765d167ab4261e1f93b8cd1b704ff,random,2,2,False,2,1.9462433130068346,next-11,pass
17,s17-test-8-11,9b7765d167ab4261e1f93b8cd1b704ff,random,3,3,False,2,1.8244773369096472,next-2,pass
17,s17-test-8-11,9b7765d167ab4261e1f93b8cd1b704ff,random,4,4,False,2,1.6978747017256761,next-9,pass
17,s17-test-9-0,2fd26fefd64fb45dd98e35a094c398ed,information_gain,0,0,True,1,3.563677983538769,,
17,s17-test-9-0,2fd26fefd64fb45dd98e35a094c398ed,information_gain,1,1,True,1,3.4024227629461943,next-0,pass
17,s17-test-9-0,2fd26fefd64fb45dd98e35a094c398ed,information_gain,2,2,True,1,3.2250471676038655,next-11,pass
17,s17-test-9-0,2fd26fefd64fb45dd98e35a094c398ed,information_gain,3,3,True,1,3.0317534721071446,next-3,pass
17,s17-test-9-0,2fd26fefd64fb45dd98e35a094c398ed,information_gain,4,4,True,1,2.8647244222997306,next-1,pass
17,s17-test-9-0,2fd26fefd64fb45dd98e35a094c398ed,random,0,0,True,1,3.563677983538769,,
17,s17-test-9-0,2fd26fefd64fb45dd98e35a094c398ed,random,1,1,True,1,3.4024227629461943,next-1,pass
17,s17-test-9-0,2fd26fefd64fb45dd98e35a094c398ed,random,2,2,True,1,3.2250471676038655,next-3,pass
17,s17-test-9-0,2fd26fefd64fb45dd98e35a094c398ed,random,3,3,True,1,3.0317534721071446,next-7,pass
17,s17-test-9-0,2fd26fefd64fb45dd98e35a094c398ed,random,4,4,True,1,2.8647244222997306,next-11,pass
17,s17-test-9-1,2fd26fefd64fb45dd98e35a094c398ed,information_gain,0,0,True,1,3.4462887615782543,,
17,s17-test-9-1,2fd26fefd64fb45dd98e35a094c398ed,information_gain,1,1,True,1,3.215130313274381,next-11,pass
17,s17-test-9-1,2fd26fefd64fb45dd98e35a094c398ed,information_gain,2,2,True,1,3.0096219970044435,next-8,pass
17,s17-test-9-1,2fd26fefd64fb45dd98e35a094c398ed,information_gain,3,3,True,1,2.832869569762011,next-2,pass
17,s17-test-9-1,2fd26fefd64fb45dd98e35a094c398ed,information_gain,4,4,True,1,2.634752277817768,next-3,pass
17,s17-test-9-1,2fd26fefd64fb45dd98e35a094c398ed,random,0,0,True,1,3.4462887615782543,,
17,s17-test-9-1,2fd26fefd64fb45dd98e35a094c398ed,random,1,1,True,1,3.3608196549349794,next-9,pass
17,s17-test-9-1,2fd26fefd64fb45dd98e35a094c398ed,random,2,2,True,1,3.2754588033378567,next-10,pass
17,s17-test-9-1,2fd26fefd64fb45dd98e35a094c398ed,random,3,3,True,1,3.178308976679505,next-1,pass
17,s17-test-9-1,2fd26fefd64fb45dd98e35a094c398ed,random,4,4,True,1,3.023030597691412,next-3,pass
17,s17-test-9-2,2fd26fefd64fb45dd98e35a094c398ed,information_gain,0,0,False,6,3.3608196549349794,,
17,s17-test-9-2,2fd26fefd64fb45dd98e35a094c398ed,information_gain,1,1,False,2,1.717989331036808,next-10,fail
17,s17-test-9-2,2fd26fefd64fb45dd98e35a094c398ed,information_gain,2,2,True,1,0.32914635322985525,next-11,fail
17,s17-test-9-2,2fd26fefd64fb45dd98e35a094c398ed,information_gain,3,3,True,1,0.04852319145005947,next-4,fail
17,s17-test-9-2,2fd26fefd64fb45dd98e35a094c398ed,information_gain,4,4,True,1,0.018961744973061915,next-2,pass
17,s17-test-9-2,2fd26fefd64fb45dd98e35a094c398ed,random,0,0,False,6,3.3608196549349794,,
17,s17-test-9-2,2fd26fefd64fb45dd98e35a094c398ed,random,1,1,False,6,3.2708296548382902,next-5,pass
17,s17-test-9-2,2fd26fefd64fb45dd98e35a094c398ed,random,2,2,False,6,3.225002244758986,next-0,pass
17,s17-test-9-2,2fd26fefd64fb45dd98e35a094c398ed,random,3,3,False,6,3.130721809354176,next-2,pass
17,s17-test-9-2,2fd26fefd64fb45dd98e35a094c398ed,random,4,4,False,6,3.0822114321685183,next-9,pass
17,s17-test-9-3,2fd26fefd64fb45dd98e35a094c398ed,information_gain,0,0,False,11,3.6387698882862485,,
17,s17-test-9-3,2fd26fefd64fb45dd98e35a094c398ed,information_gain,1,1,False,7,3.315818047743713,next-2,pass
17,s17-test-9-3,2fd26fefd64fb45dd98e35a094c398ed,information_gain,2,2,False,5,3.130193245116505,next-11,pass
17,s17-test-9-3,2fd26fefd64fb45dd98e35a094c398ed,information_gain,3,3,False,3,2.9310976824510058,next-5,pass
17,s17-test-9-3,2fd26fefd64fb45dd98e35a094c398ed,information_gain,4,4,False,3,2.7564057003562956,next-3,pass
17,s17-test-9-3,2fd26fefd64fb45dd98e35a094c398ed,random,0,0,False,11,3.6387698882862485,,
17,s17-test-9-3,2fd26fefd64fb45dd98e35a094c398ed,random,1,1,False,9,3.4849750166842304,next-11,pass
17,s17-test-9-3,2fd26fefd64fb45dd98e35a094c398ed,random,2,2,False,5,3.1301932451165047,next-2,pass
17,s17-test-9-3,2fd26fefd64fb45dd98e35a094c398ed,random,3,3,False,5,3.0215982217573947,next-9,pass
17,s17-test-9-3,2fd26fefd64fb45dd98e35a094c398ed,random,4,4,False,5,2.9079152779953152,next-4,pass
17,s17-test-9-4,2fd26fefd64fb45dd98e35a094c398ed,information_gain,0,0,False,3,3.563677983538769,,
17,s17-test-9-4,2fd26fefd64fb45dd98e35a094c398ed,information_gain,1,1,False,2,3.4024227629461943,next-0,pass
17,s17-test-9-4,2fd26fefd64fb45dd98e35a094c398ed,information_gain,2,2,False,2,3.2250471676038655,next-1,pass
17,s17-test-9-4,2fd26fefd64fb45dd98e35a094c398ed,information_gain,3,3,False,2,3.0765073433319277,next-3,pass
17,s17-test-9-4,2fd26fefd64fb45dd98e35a094c398ed,information_gain,4,4,False,2,2.9114621095307474,next-6,pass
17,s17-test-9-4,2fd26fefd64fb45dd98e35a094c398ed,random,0,0,False,3,3.563677983538769,,
17,s17-test-9-4,2fd26fefd64fb45dd98e35a094c398ed,random,1,1,False,3,3.4024227629461943,next-1,pass
17,s17-test-9-4,2fd26fefd64fb45dd98e35a094c398ed,random,2,2,False,2,3.2250471676038655,next-0,pass
17,s17-test-9-4,2fd26fefd64fb45dd98e35a094c398ed,random,3,3,False,2,3.130193245116505,next-5,pass
17,s17-test-9-4,2fd26fefd64fb45dd98e35a094c398ed,random,4,4,False,2,2.9654177836128484,next-7,pass
17,s17-test-9-5,2fd26fefd64fb45dd98e35a094c398ed,information_gain,0,0,True,1,0.912067498726244,,
17,s17-test-9-5,2fd26fefd64fb45dd98e35a094c398ed,information_gain,1,1,True,1,0.6486892407923451,next-7,pass
17,s17-test-9-5,2fd26fefd64fb45dd98e35a094c398ed,information_gain,2,2,True,1,0.5086136552335033,next-2,pass
17,s17-test-9-5,2fd26fefd64fb45dd98e35a094c398ed,information_gain,3,3,True,1,0.3624157655611657,next-9,pass
17,s17-test-9-5,2fd26fefd64fb45dd98e35a094c398ed,information_gain,4,4,True,1,0.2163859135717609,next-8,pass
17,s17-test-9-5,2fd26fefd64fb45dd98e35a094c398ed,random,0,0,True,1,0.912067498726244,,
17,s17-test-9-5,2fd26fefd64fb45dd98e35a094c398ed,random,1,1,True,1,0.9053241686347823,next-6,pass
17,s17-test-9-5,2fd26fefd64fb45dd98e35a094c398ed,random,2,2,True,1,0.6414930134983975,next-7,pass
17,s17-test-9-5,2fd26fefd64fb45dd98e35a094c398ed,random,3,3,True,1,0.634287773813276,next-1,pass
17,s17-test-9-5,2fd26fefd64fb45dd98e35a094c398ed,random,4,4,True,1,0.6331590234994018,next-10,pass
17,s17-test-9-6,2fd26fefd64fb45dd98e35a094c398ed,information_gain,0,0,True,1,0.44385114866297504,,
17,s17-test-9-6,2fd26fefd64fb45dd98e35a094c398ed,information_gain,1,1,True,1,0.295162280663745,next-11,pass
17,s17-test-9-6,2fd26fefd64fb45dd98e35a094c398ed,information_gain,2,2,True,1,0.7863427949528041,next-8,pass
17,s17-test-9-6,2fd26fefd64fb45dd98e35a094c398ed,information_gain,3,3,True,1,0.2696235919577737,next-6,fail
17,s17-test-9-6,2fd26fefd64fb45dd98e35a094c398ed,information_gain,4,4,True,1,0.22065574221377926,next-4,pass
17,s17-test-9-6,2fd26fefd64fb45dd98e35a094c398ed,random,0,0,True,1,0.44385114866297504,,
17,s17-test-9-6,2fd26fefd64fb45dd98e35a094c398ed,random,1,1,True,1,1.22849362795321,next-8,pass
17,s17-test-9-6,2fd26fefd64fb45dd98e35a094c398ed,random,2,2,True,1,1.160802331149692,next-4,pass
17,s17-test-9-6,2fd26fefd64fb45dd98e35a094c398ed,random,3,3,True,1,1.0919802118643251,next-9,pass
17,s17-test-9-6,2fd26fefd64fb45dd98e35a094c398ed,random,4,4,True,1,1.0511390468764166,next-10,pass
17,s17-test-9-7,2fd26fefd64fb45dd98e35a094c398ed,information_gain,0,0,False,3,3.4024227629461943,,
17,s17-test-9-7,2fd26fefd64fb45dd98e35a094c398ed,information_gain,1,1,False,2,3.1261192013013397,next-8,pass
17,s17-test-9-7,2fd26fefd64fb45dd98e35a094c398ed,information_gain,2,2,False,2,2.9654177836128484,next-0,pass
17,s17-test-9-7,2fd26fefd64fb45dd98e35a094c398ed,information_gain,3,3,False,2,2.7848104186195437,next-10,pass
17,s17-test-9-7,2fd26fefd64fb45dd98e35a094c398ed,information_gain,4,4,True,1,1.2776441489695063,next-11,fail
17,s17-test-9-7,2fd26fefd64fb45dd98e35a094c398ed,random,0,0,False,3,3.4024227629461943,,
17,s17-test-9-7,2fd26fefd64fb45dd98e35a094c398ed,random,1,1,False,2,1.7298956340394291,next-11,fail
17,s17-test-9-7,2fd26fefd64fb45dd98e35a094c398ed,random,2,2,False,2,1.654103192665379,next-7,pass
17,s17-test-9-7,2fd26fefd64fb45dd98e35a094c398ed,random,3,3,False,2,1.5224156112409408,next-4,pass
17,s17-test-9-7,2fd26fefd64fb45dd98e35a094c398ed,random,4,4,False,2,1.5098490686756871,next-5,pass
17,s17-test-9-8,2fd26fefd64fb45dd98e35a094c398ed,information_gain,0,0,False,7,3.4024227629461943,,
17,s17-test-9-8,2fd26fefd64fb45dd98e35a094c398ed,information_gain,1,1,False,5,3.2250471676038655,next-11,pass
17,s17-test-9-8,2fd26fefd64fb45dd98e35a094c398ed,information_gain,2,2,False,5,3.0765073433319277,next-10,pass
17,s17-test-9-8,2fd26fefd64fb45dd98e35a094c398ed,information_gain,3,3,False,4,2.9114621095307474,next-2,pass
17,s17-test-9-8,2fd26fefd64fb45dd98e35a094c398ed,information_gain,4,4,False,3,2.726053739143603,next-5,pass
17,s17-test-9-8,2fd26fefd64fb45dd98e35a094c398ed,random,0,0,False,7,3.4024227629461943,,
17,s17-test-9-8,2fd26fefd64fb45dd98e35a094c398ed,random,1,1,False,7,3.318505272931167,next-9,pass
17,s17-test-9-8,2fd26fefd64fb45dd98e35a094c398ed,random,2,2,False,5,3.1261192013013397,next-6,pass
17,s17-test-9-8,2fd26fefd64fb45dd98e35a094c398ed,random,3,3,True,1,1.2079428391103881,next-1,fail
17,s17-test-9-8,2fd26fefd64fb45dd98e35a094c398ed,random,4,4,True,1,1.0755102865464894,next-2,pass
17,s17-test-9-9,2fd26fefd64fb45dd98e35a094c398ed,information_gain,0,0,True,1,3.4024227629461943,,
17,s17-test-9-9,2fd26fefd64fb45dd98e35a094c398ed,information_gain,1,1,True,1,3.225047167603865,next-0,pass
17,s17-test-9-9,2fd26fefd64fb45dd98e35a094c398ed,information_gain,2,2,True,1,3.0765073433319277,next-1,pass
17,s17-test-9-9,2fd26fefd64fb45dd98e35a094c398ed,information_gain,3,3,True,1,2.9723685256630255,next-11,pass
17,s17-test-9-9,2fd26fefd64fb45dd98e35a094c398ed,information_gain,4,4,True,1,2.8647244222997306,next-2,pass
17,s17-test-9-9,2fd26fefd64fb45dd98e35a094c398ed,random,0,0,True,1,3.4024227629461943,,
17,s17-test-9-9,2fd26fefd64fb45dd98e35a094c398ed,random,1,1,True,1,3.3158180477437127,next-5,pass
17,s17-test-9-9,2fd26fefd64fb45dd98e35a094c398ed,random,2,2,True,1,3.225002244758986,next-3,pass
17,s17-test-9-9,2fd26fefd64fb45dd98e35a094c398ed,random,3,3,True,1,3.0751133509563076,next-1,pass
17,s17-test-9-9,2fd26fefd64fb45dd98e35a094c398ed,random,4,4,True,1,2.8489666666739675,next-0,pass
17,s17-test-9-10,2fd26fefd64fb45dd98e35a094c398ed,information_gain,0,0,True,1,1.63249754971923,,
17,s17-test-9-10,2fd26fefd64fb45dd98e35a094c398ed,information_gain,1,1,True,1,1.3147489721741517,next-8,pass
17,s17-test-9-10,2fd26fefd64fb45dd98e35a094c398ed,information_gain,2,2,True,1,1.0972235623928948,next-9,pass
17,s17-test-9-10,2fd26fefd64fb45dd98e35a094c398ed,information_gain,3,3,True,1,0.9786342278749334,next-0,pass
17,s17-test-9-10,2fd26fefd64fb45dd98e35a094c398ed,information_gain,4,4,True,1,0.8592304496277959,next-6,pass
17,s17-test-9-10,2fd26fefd64fb45dd98e35a094c398ed,random,0,0,True,1,1.63249754971923,,
17,s17-test-9-10,2fd26fefd64fb45dd98e35a094c398ed,random,1,1,True,1,1.3350855479792856,next-7,pass
17,s17-test-9-10,2fd26fefd64fb45dd98e35a094c398ed,random,2,2,True,1,1.331685556418337,next-1,pass
17,s17-test-9-10,2fd26fefd64fb45dd98e35a094c398ed,random,3,3,True,1,1.225404265035353,next-6,pass
17,s17-test-9-10,2fd26fefd64fb45dd98e35a094c398ed,random,4,4,True,1,1.0009523599317156,next-9,pass
17,s17-test-9-11,2fd26fefd64fb45dd98e35a094c398ed,information_gain,0,0,False,13,3.4024227629461943,,
17,s17-test-9-11,2fd26fefd64fb45dd98e35a094c398ed,information_gain,1,1,False,12,3.1760853299446525,next-0,pass
17,s17-test-9-11,2fd26fefd64fb45dd98e35a094c398ed,information_gain,2,2,False,12,2.9723685256630255,next-9,pass
17,s17-test-9-11,2fd26fefd64fb45dd98e35a094c398ed,information_gain,3,3,False,11,2.796409442711865,next-5,pass
17,s17-test-9-11,2fd26fefd64fb45dd98e35a094c398ed,information_gain,4,4,False,10,2.6787554989246924,next-6,pass
17,s17-test-9-11,2fd26fefd64fb45dd98e35a094c398ed,random,0,0,False,13,3.4024227629461943,,
17,s17-test-9-11,2fd26fefd64fb45dd98e35a094c398ed,random,1,1,False,2,1.7364158485749743,next-1,fail
17,s17-test-9-11,2fd26fefd64fb45dd98e35a094c398ed,random,2,2,False,2,1.718765903311715,next-2,pass
17,s17-test-9-11,2fd26fefd64fb45dd98e35a094c398ed,random,3,3,False,2,1.6279569763413915,next-8,pass
17,s17-test-9-11,2fd26fefd64fb45dd98e35a094c398ed,random,4,4,False,2,1.5914835306900288,next-10,pass
17,s17-test-10-0,f98aa1f1742916a351fbece35ce23de7,information_gain,0,0,False,9,3.807981928632761,,
17,s17-test-10-0,f98aa1f1742916a351fbece35ce23de7,information_gain,1,1,False,7,3.5619491210640906,next-11,pass
17,s17-test-10-0,f98aa1f1742916a351fbece35ce23de7,information_gain,2,2,False,6,3.3494411554987065,next-2,pass
17,s17-test-10-0,f98aa1f1742916a351fbece35ce23de7,information_gain,3,3,False,4,3.111487576074821,next-6,pass
17,s17-test-10-0,f98aa1f1742916a351fbece35ce23de7,information_gain,4,4,False,3,2.946539190169291,next-7,pass
17,s17-test-10-0,f98aa1f1742916a351fbece35ce23de7,random,0,0,False,9,3.807981928632761,,
17,s17-test-10-0,f98aa1f1742916a351fbece35ce23de7,random,1,1,False,6,3.597297205936164,next-6,pass
17,s17-test-10-0,f98aa1f1742916a351fbece35ce23de7,random,2,2,False,8,1.9369542177132235,next-1,fail
17,s17-test-10-0,f98aa1f1742916a351fbece35ce23de7,random,3,3,False,5,1.5410292136367874,next-7,pass
17,s17-test-10-0,f98aa1f1742916a351fbece35ce23de7,random,4,4,False,4,3.025670102577287,next-11,pass
17,s17-test-10-1,f98aa1f1742916a351fbece35ce23de7,information_gain,0,0,False,10,2.23580520920216,,
17,s17-test-10-1,f98aa1f1742916a351fbece35ce23de7,information_gain,1,1,False,9,3.512469259676599,next-6,pass
17,s17-test-10-1,f98aa1f1742916a351fbece35ce23de7,information_gain,2,2,False,6,3.2538345211083257,next-9,pass
17,s17-test-10-1,f98aa1f1742916a351fbece35ce23de7,information_gain,3,3,False,5,2.971478759930981,next-0,pass
17,s17-test-10-1,f98aa1f1742916a351fbece35ce23de7,information_gain,4,4,False,13,2.706980941158611,next-8,pass
17,s17-test-10-1,f98aa1f1742916a351fbece35ce23de7,random,0,0,False,10,2.23580520920216,,
17,s17-test-10-1,f98aa1f1742916a351fbece35ce23de7,random,1,1,False,15,1.8965169013164445,next-8,pass
17,s17-test-10-1,f98aa1f1742916a351fbece35ce23de7,random,2,2,False,3,2.1256557889794006,next-4,fail
17,s17-test-10-1,f98aa1f1742916a351fbece35ce23de7,random,3,3,False,3,1.984159883403134,next-1,pass
17,s17-test-10-1,f98aa1f1742916a351fbece35ce23de7,random,4,4,False,3,1.9654741098748185,next-2,pass
17,s17-test-10-2,f98aa1f1742916a351fbece35ce23de7,information_gain,0,0,False,4,3.474638324919861,,
17,s17-test-10-2,f98aa1f1742916a351fbece35ce23de7,information_gain,1,1,False,3,3.2578636923804054,next-2,pass
17,s17-test-10-2,f98aa1f1742916a351fbece35ce23de7,information_gain,2,2,False,3,3.1096257156013656,next-11,pass
17,s17-test-10-2,f98aa1f1742916a351fbece35ce23de7,information_gain,3,3,True,1,1.5251805978998236,next-5,fail
17,s17-test-10-2,f98aa1f1742916a351fbece35ce23de7,information_gain,4,4,True,1,1.2704126100471018,next-8,pass
17,s17-test-10-2,f98aa1f1742916a351fbece35ce23de7,random,0,0,False,4,3.474638324919861,,
17,s17-test-10-2,f98aa1f1742916a351fbece35ce23de7,random,1,1,False,4,3.347901655565826,next-11,pass
17,s17-test-10-2,f98aa1f1742916a351fbece35ce23de7,random,2,2,False,4,3.29685224023694,next-4,pass
17,s17-test-10-2,f98aa1f1742916a351fbece35ce23de7,random,3,3,False,3,3.1543426128691165,next-8,pass
17,s17-test-10-2,f98aa1f1742916a351fbece35ce23de7,random,4,4,False,3,2.9850908241588385,next-2,pass
17,s17-test-10-3,f98aa1f1742916a351fbece35ce23de7,information_gain,0,0,False,7,3.4400493815901765,,
17,s17-test-10-3,f98aa1f1742916a351fbece35ce23de7,information_gain,1,1,False,4,3.123505571976789,next-6,pass
17,s17-test-10-3,f98aa1f1742916a351fbece35ce23de7,information_gain,2,2,False,2,2.8529057415965675,next-10,pass
17,s17-test-10-3,f98aa1f1742916a351fbece35ce23de7,information_gain,3,3,True,1,1.3953622599408768,next-7,fail
17,s17-test-10-3,f98aa1f1742916a351fbece35ce23de7,information_gain,4,4,True,1,1.3226516581152894,next-8,pass
17,s17-test-10-3,f98aa1f1742916a351fbece35ce23de7,random,0,0,False,7,3.4400493815901765,,
17,s17-test-10-3,f98aa1f1742916a351fbece35ce23de7,random,1,1,False,7,3.3582810490132995,next-0,pass
17,s17-test-10-3,f98aa1f1742916a351fbece35ce23de7,random,2,2,False,4,3.070422653069374,next-10,pass
17,s17-test-10-3,f98aa1f1742916a351fbece35ce23de7,random,3,3,False,2,2.838342069810294,next-11,pass
17,s17-test-10-3,f98aa1f1742916a351fbece35ce23de7,random,4,4,False,2,2.7008856177313416,next-1,pass
17,s17-test-10-4,f98aa1f1742916a351fbece35ce23de7,information_gain,0,0,False,3,3.3494411554987065,,
17,s17-test-10-4,f98aa1f1742916a351fbece35ce23de7,information_gain,1,1,False,3,3.161091110297607,next-3,pass
17,s17-test-10-4,f98aa1f1742916a351fbece35ce23de7,information_gain,2,2,False,3,2.951099133734372,next-9,pass
17,s17-test-10-4,f98aa1f1742916a351fbece35ce23de7,information_gain,3,3,False,5,1.431493007365534,next-11,fail
17,s17-test-10-4,f98aa1f1742916a351fbece35ce23de7,information_gain,4,4,False,5,2.672768858256752,next-8,pass
17,s17-test-10-4,f98aa1f1742916a351fbece35ce23de7,random,0,0,False,3,3.3494411554987065,,
17,s17-test-10-4,f98aa1f1742916a351fbece35ce23de7,random,1,1,False,5,1.8022502794525785,next-11,fail
17,s17-test-10-4,f98aa1f1742916a351fbece35ce23de7,random,2,2,False,5,1.7749014654672848,next-7,pass
17,s17-test-10-4,f98aa1f1742916a351fbece35ce23de7,random,3,3,False,5,1.6858632286753696,next-10,pass
17,s17-test-10-4,f98aa1f1742916a351fbece35ce23de7,random,4,4,False,5,1.5939820785338223,next-4,pass
17,s17-test-10-5,f98aa1f1742916a351fbece35ce23de7,information_gain,0,0,False,4,1.8528371279987723,,
17,s17-test-10-5,f98aa1f1742916a351fbece35ce23de7,information_gain,1,1,False,4,3.1654093371061607,next-1,pass
17,s17-test-10-5,f98aa1f1742916a351fbece35ce23de7,information_gain,2,2,False,2,3.4361642243906716,next-9,pass
17,s17-test-10-5,f98aa1f1742916a351fbece35ce23de7,information_gain,3,3,False,5,2.038017671815067,next-0,fail
17,s17-test-10-5,f98aa1f1742916a351fbece35ce23de7,information_gain,4,4,False,5,1.8083070799071703,next-6,pass
17,s17-test-10-5,f98aa1f1742916a351fbece35ce23de7,random,0,0,False,4,1.8528371279987723,,
17,s17-test-10-5,f98aa1f1742916a351fbece35ce23de7,random,1,1,False,4,1.7486297296900872,next-5,pass
17,s17-test-10-5,f98aa1f1742916a351fbece35ce23de7,random,2,2,False,4,1.7310552746618109,next-3,pass
17,s17-test-10-5,f98aa1f1742916a351fbece35ce23de7,random,3,3,False,7,2.3071678752671936,next-0,fail
17,s17-test-10-5,f98aa1f1742916a351fbece35ce23de7,random,4,4,False,7,2.150033432829735,next-1,pass
17,s17-test-10-6,f98aa1f1742916a351fbece35ce23de7,information_gain,0,0,False,9,3.307399628097818,,
17,s17-test-10-6,f98aa1f1742916a351fbece35ce23de7,information_gain,1,1,False,3,2.020689849912773,next-8,fail
17,s17-test-10-6,f98aa1f1742916a351fbece35ce23de7,information_gain,2,2,True,1,1.7923226438428361,next-0,pass
17,s17-test-10-6,f98aa1f1742916a351fbece35ce23de7,information_gain,3,3,True,1,1.5525465061970352,next-9,pass
17,s17-test-10-6,f98aa1f1742916a351fbece35ce23de7,information_gain,4,4,True,1,1.3044284539064763,next-2,pass
17,s17-test-10-6,f98aa1f1742916a351fbece35ce23de7,random,0,0,False,9,3.307399628097818,,
17,s17-test-10-6,f98aa1f1742916a351fbece35ce23de7,random,1,1,False,7,3.1096257156013656,next-7,pass
17,s17-test-10-6,f98aa1f1742916a351fbece35ce23de7,random,2,2,False,7,2.9961976236558727,next-3,pass
17,s17-test-10-6,f98aa1f1742916a351fbece35ce23de7,random,3,3,False,6,2.8771964956222305,next-1,pass
17,s17-test-10-6,f98aa1f1742916a351fbece35ce23de7,random,4,4,False,6,2.852162459050954,next-4,pass
17,s17-test-10-7,f98aa1f1742916a351fbece35ce23de7,information_gain,0,0,True,1,3.2674592615463687,,
17,s17-test-10-7,f98aa1f1742916a351fbece35ce23de7,information_gain,1,1,True,1,2.951099133734372,next-4,pass
17,s17-test-10-7,f98aa1f1742916a351fbece35ce23de7,information_gain,2,2,True,1,2.755634007450314,next-9,pass
17,s17-test-10-7,f98aa1f1742916a351fbece35ce23de7,information_gain,3,3,True,1,2.5480227741275634,next-8,pass
17,s17-test-10-7,f98aa1f1742916a351fbece35ce23de7,information_gain,4,4,True,1,2.2706578714791292,next-1,pass
17,s17-test-10-7,f98aa1f1742916a351fbece35ce23de7,random,0,0,True,1,3.2674592615463687,,
17,s17-test-10-7,f98aa1f1742916a351fbece35ce23de7,random,1,1,True,1,3.212349654274312,next-0,pass
17,s17-test-10-7,f98aa1f1742916a351fbece35ce23de7,random,2,2,True,1,3.16426589659034,next-2,pass
17,s17-test-10-7,f98aa1f1742916a351fbece35ce23de7,random,3,3,True,1,3.0072735760985174,next-8,pass
17,s17-test-10-7,f98aa1f1742916a351fbece35ce23de7,random,4,4,True,1,2.762752311059861,next-6,pass
17,s17-test-10-8,f98aa1f1742916a351fbece35ce23de7,information_gain,0,0,False,3,2.1814173100346474,,
17,s17-test-10-8,f98aa1f1742916a351fbece35ce23de7,information_gain,1,1,True,1,0.7852725881310277,next-5,fail
17,s17-test-10-8,f98aa1f1742916a351fbece35ce23de7,information_gain,2,2,True,1,0.077369810639725,next-11,fail
17,s17-test-10-8,f98aa1f1742916a351fbece35ce23de7,information_gain,3,3,True,1,0.04031526457195561,next-9,pass
17,s17-test-10-8,f98aa1f1742916a351fbece35ce23de7,information_gain,4,4,True,1,0.02742124743305912,next-2,pass
17,s17-test-10-8,f98aa1f1742916a351fbece35ce23de7,random,0,0,False,3,2.1814173100346474,,
17,s17-test-10-8,f98aa1f1742916a351fbece35ce23de7,random,1,1,False,3,2.092811544523143,next-0,pass
17,s17-test-10-8,f98aa1f1742916a351fbece35ce23de7,random,2,2,True,1,0.7713433724820482,next-5,fail
17,s17-test-10-8,f98aa1f1742916a351fbece35ce23de7,random,3,3,True,1,0.6437918207334976,next-3,pass
17,s17-test-10-8,f98aa1f1742916a351fbece35ce23de7,random,4,4,True,1,0.6354610489466902,next-4,pass
17,s17-test-10-9,f98aa1f1742916a351fbece35ce23de7,information_gain,0,0,False,2,1.0671471839161,,
17,s17-test-10-9,f98aa1f1742916a351fbece35ce23de7,information_gain,1,1,True,1,0.6118094429352214,next-8,pass
17,s17-test-10-9,f98aa1f1742916a351fbece35ce23de7,information_gain,2,2,True,1,0.22384744999089878,next-4,pass
17,s17-test-10-9,f98aa1f1742916a351fbece35ce23de7,information_gain,3,3,True,1,0.13335904875759202,next-9,pass
17,s17-test-10-9,f98aa1f1742916a351fbece35ce23de7,information_gain,4,4,True,1,0.02552919971320457,next-0,fail
17,s17-test-10-9,f98aa1f1742916a351fbece35ce23de7,random,0,0,False,2,1.0671471839161,,
17,s17-test-10-9,f98aa1f1742916a351fbece35ce23de7,random,1,1,True,1,0.603678444734498,next-9,pass
17,s17-test-10-9,f98aa1f1742916a351fbece35ce23de7,random,2,2,True,1,0.23055357484604602,next-2,pass
17,s17-test-10-9,f98aa1f1742916a351fbece35ce23de7,random,3,3,True,1,0.11722392217962932,next-0,fail
17,s17-test-10-9,f98aa1f1742916a351fbece35ce23de7,random,4,4,True,1,0.11538883453535968,next-10,pass
17,s17-test-10-10,f98aa1f1742916a351fbece35ce23de7,information_gain,0,0,True,1,1.32408345713814,,
17,s17-test-10-10,f98aa1f1742916a351fbece35ce23de7,information_gain,1,1,True,1,1.0298408964034818,next-6,pass
17,s17-test-10-10,f98aa1f1742916a351fbece35ce23de7,information_gain,2,2,True,1,0.6956096229971166,next-9,pass
17,s17-test-10-10,f98aa1f1742916a351fbece35ce23de7,information_gain,3,3,True,1,0.41348050458334096,next-0,pass
17,s17-test-10-10,f98aa1f1742916a351fbece35ce23de7,information_gain,4,4,True,1,0.08510598892558452,next-8,fail
17,s17-test-10-10,f98aa1f1742916a351fbece35ce23de7,random,0,0,True,1,1.32408345713814,,
17,s17-test-10-10,f98aa1f1742916a351fbece35ce23de7,random,1,1,True,1,1.3202185560723172,next-10,pass
17,s17-test-10-10,f98aa1f1742916a351fbece35ce23de7,random,2,2,True,1,1.244156186249695,next-7,pass
17,s17-test-10-10,f98aa1f1742916a351fbece35ce23de7,random,3,3,True,1,1.2221648528363813,next-5,pass
17,s17-test-10-10,f98aa1f1742916a351fbece35ce23de7,random,4,4,True,1,1.2175972132444728,next-3,pass
17,s17-test-10-11,f98aa1f1742916a351fbece35ce23de7,information_gain,0,0,False,2,3.267536691373461,,
17,s17-test-10-11,f98aa1f1742916a351fbece35ce23de7,information_gain,1,1,False,2,3.0161526862772963,next-3,pass
17,s17-test-10-11,f98aa1f1742916a351fbece35ce23de7,information_gain,2,2,False,2,2.828728254130095,next-5,pass
17,s17-test-10-11,f98aa1f1742916a351fbece35ce23de7,information_gain,3,3,True,1,1.3087121019981158,next-8,fail
17,s17-test-10-11,f98aa1f1742916a351fbece35ce23de7,information_gain,4,4,True,1,0.08910966393541377,next-4,fail
17,s17-test-10-11,f98aa1f1742916a351fbece35ce23de7,random,0,0,False,2,3.267536691373461,,
17,s17-test-10-11,f98aa1f1742916a351fbece35ce23de7,random,1,1,False,2,3.070422653069374,next-11,pass
17,s17-test-10-11,f98aa1f1742916a351fbece35ce23de7,random,2,2,False,2,3.0161526862772963,next-10,pass
17,s17-test-10-11,f98aa1f1742916a351fbece35ce23de7,random,3,3,False,2,2.8916207219282795,next-7,pass
17,s17-test-10-11,f98aa1f1742916a351fbece35ce23de7,random,4,4,False,2,2.7489527070906776,next-5,pass
17,s17-test-11-0,81534097dd29a61356659583ffd164ca,information_gain,0,0,False,4,2.4259091719378723,,
17,s17-test-11-0,81534097dd29a61356659583ffd164ca,information_gain,1,1,False,2,2.1857946850407113,next-5,pass
17,s17-test-11-0,81534097dd29a61356659583ffd164ca,information_gain,2,2,True,1,1.115445286189348,next-4,fail
17,s17-test-11-0,81534097dd29a61356659583ffd164ca,information_gain,3,3,True,1,0.08093340724066622,next-10,fail
17,s17-test-11-0,81534097dd29a61356659583ffd164ca,information_gain,4,4,True,1,0.004018872757427781,next-7,fail
17,s17-test-11-0,81534097dd29a61356659583ffd164ca,random,0,0,False,4,2.4259091719378723,,
17,s17-test-11-0,81534097dd29a61356659583ffd164ca,random,1,1,False,4,2.384770431521985,next-0,pass
17,s17-test-11-0,81534097dd29a61356659583ffd164ca,random,2,2,False,3,2.193874453272971,next-2,pass
17,s17-test-11-0,81534097dd29a61356659583ffd164ca,random,3,3,False,3,2.1504279666481994,next-1,pass
17,s17-test-11-0,81534097dd29a61356659583ffd164ca,random,4,4,True,1,0.4539544920343472,next-10,fail
17,s17-test-11-1,81534097dd29a61356659583ffd164ca,information_gain,0,0,False,7,3.769480031174169,,
17,s17-test-11-1,81534097dd29a61356659583ffd164ca,information_gain,1,1,False,4,3.4753553437180225,next-6,pass
17,s17-test-11-1,81534097dd29a61356659583ffd164ca,information_gain,2,2,False,2,3.213996649711212,next-9,pass
17,s17-test-11-1,81534097dd29a61356659583ffd164ca,information_gain,3,3,True,1,1.5786858146751446,next-0,fail
17,s17-test-11-1,81534097dd29a61356659583ffd164ca,information_gain,4,4,True,1,0.14236083674975908,next-10,fail
17,s17-test-11-1,81534097dd29a61356659583ffd164ca,random,0,0,False,7,3.769480031174169,,
17,s17-test-11-1,81534097dd29a61356659583ffd164ca,random,1,1,False,6,3.668216871371301,next-5,pass
17,s17-test-11-1,81534097dd29a61356659583ffd164ca,random,2,2,False,5,3.5943838320392567,next-4,pass
17,s17-test-11-1,81534097dd29a61356659583ffd164ca,random,3,3,False,3,3.4357999704610394,next-3,pass
17,s17-test-11-1,81534097dd29a61356659583ffd164ca,random,4,4,False,3,3.313205231880154,next-2,pass
17,s17-test-11-2,81534097dd29a61356659583ffd164ca,information_gain,0,0,True,1,3.628976540658905,,
17,s17-test-11-2,81534097dd29a61356659583ffd164ca,information_gain,1,1,True,1,3.4357999704610394,next-2,pass
17,s17-test-11-2,81534097dd29a61356659583ffd164ca,information_gain,2,2,True,1,3.261037781106836,next-11,pass
17,s17-test-11-2,81534097dd29a61356659583ffd164ca,information_gain,3,3,True,1,3.0692528707223574,next-9,pass
17,s17-test-11-2,81534097dd29a61356659583ffd164ca,information_gain,4,4,True,1,2.8402652818644323,next-4,pass
17,s17-test-11-2,81534097dd29a61356659583ffd164ca,random,0,0,True,1,3.628976540658905,,
17,s17-test-11-2,81534097dd29a61356659583ffd164ca,random,1,1,True,1,3.559305872628429,next-0,pass
17,s17-test-11-2,81534097dd29a61356659583ffd164ca,random,2,2,True,1,3.4715279421769267,next-1,pass
17,s17-test-11-2,81534097dd29a61356659583ffd164ca,random,3,3,True,1,3.297853562466787,next-9,pass
17,s17-test-11-2,81534097dd29a61356659583ffd164ca,random,4,4,True,1,3.155685632435431,next-10,pass
17,s17-test-11-3,81534097dd29a61356659583ffd164ca,information_gain,0,0,True,1,2.0453162513024696,,
17,s17-test-11-3,81534097dd29a61356659583ffd164ca,information_gain,1,1,True,1,0.18515655042050266,next-3,fail
17,s17-test-11-3,81534097dd29a61356659583ffd164ca,information_gain,2,2,True,1,0.017413408701060108,next-0,fail
17,s17-test-11-3,81534097dd29a61356659583ffd164ca,information_gain,3,3,True,1,0.011525255074831063,next-1,fail
17,s17-test-11-3,81534097dd29a61356659583ffd164ca,information_gain,4,4,True,1,0.01017687263104987,next-7,pass
17,s17-test-11-3,81534097dd29a61356659583ffd164ca,random,0,0,True,1,2.0453162513024696,,
17,s17-test-11-3,81534097dd29a61356659583ffd164ca,random,1,1,True,1,1.9644269372643273,next-4,pass
17,s17-test-11-3,81534097dd29a61356659583ffd164ca,random,2,2,True,1,1.6680850741583093,next-8,pass
17,s17-test-11-3,81534097dd29a61356659583ffd164ca,random,3,3,True,1,1.4746707334511033,next-7,pass
17,s17-test-11-3,81534097dd29a61356659583ffd164ca,random,4,4,True,1,1.3332311971704596,next-2,pass
17,s17-test-11-4,81534097dd29a61356659583ffd164ca,information_gain,0,0,False,8,3.5943838320392567,,
17,s17-test-11-4,81534097dd29a61356659583ffd164ca,information_gain,1,1,False,6,3.307189812977489,next-3,pass
17,s17-test-11-4,81534097dd29a61356659583ffd164ca,information_gain,2,2,False,4,3.1158096695873154,next-1,pass
17,s17-test-11-4,81534097dd29a61356659583ffd164ca,information_gain,3,3,False,4,2.895231471899488,next-6,pass
17,s17-test-11-4,81534097dd29a61356659583ffd164ca,information_gain,4,4,False,3,2.705354973987446,next-2,pass
17,s17-test-11-4,81534097dd29a61356659583ffd164ca,random,0,0,False,8,3.5943838320392567,,
17,s17-test-11-4,81534097dd29a61356659583ffd164ca,random,1,1,False,7,3.5090930844843973,next-4,pass
17,s17-test-11-4,81534097dd29a61356659583ffd164ca,random,2,2,False,5,3.341344411438681,next-1,pass
17,s17-test-11-4,81534097dd29a61356659583ffd164ca,random,3,3,False,5,3.2020347912678475,next-8,pass
17,s17-test-11-4,81534097dd29a61356659583ffd164ca,random,4,4,True,1,1.2754011246019754,next-7,fail
17,s17-test-11-5,81534097dd29a61356659583ffd164ca,information_gain,0,0,False,8,3.7007639877748106,,
17,s17-test-11-5,81534097dd29a61356659583ffd164ca,information_gain,1,1,False,8,3.4753553437180225,next-2,pass
17,s17-test-11-5,81534097dd29a61356659583ffd164ca,information_gain,2,2,False,7,3.307189812977489,next-4,pass
17,s17-test-11-5,81534097dd29a61356659583ffd164ca,information_gain,3,3,False,6,3.1660350902673158,next-6,pass
17,s17-test-11-5,81534097dd29a61356659583ffd164ca,information_gain,4,4,False,6,3.0633001515245493,next-11,pass
17,s17-test-11-5,81534097dd29a61356659583ffd164ca,random,0,0,False,8,3.7007639877748106,,
17,s17-test-11-5,81534097dd29a61356659583ffd164ca,random,1,1,False,7,3.6289765406589045,next-8,pass
17,s17-test-11-5,81534097dd29a61356659583ffd164ca,random,2,2,False,7,3.559305872628429,next-0,pass
17,s17-test-11-5,81534097dd29a61356659583ffd164ca,random,3,3,False,7,3.479532363821117,next-5,pass
17,s17-test-11-5,81534097dd29a61356659583ffd164ca,random,4,4,False,6,3.395601854242041,next-3,pass
17,s17-test-11-6,81534097dd29a61356659583ffd164ca,information_gain,0,0,False,2,3.7007639877748106,,
17,s17-test-11-6,81534097dd29a61356659583ffd164ca,information_gain,1,1,False,2,3.4753553437180225,next-7,pass
17,s17-test-11-6,81534097dd29a61356659583ffd164ca,information_gain,2,2,True,1,1.958909435550473,next-0,fail
17,s17-test-11-6,81534097dd29a61356659583ffd164ca,information_gain,3,3,True,1,1.7525814585796744,next-8,pass
17,s17-test-11-6,81534097dd29a61356659583ffd164ca,information_gain,4,4,True,1,1.5258110517908388,next-3,pass
17,s17-test-11-6,81534097dd29a61356659583ffd164ca,random,0,0,False,2,3.7007639877748106,,
17,s17-test-11-6,81534097dd29a61356659583ffd164ca,random,1,1,False,2,3.628976540658905,next-4,pass
17,s17-test-11-6,81534097dd29a61356659583ffd164ca,random,2,2,False,2,3.5943838320392567,next-1,pass
17,s17-test-11-6,81534097dd29a61356659583ffd164ca,random,3,3,False,2,3.479532363821117,next-11,pass
17,s17-test-11-6,81534097dd29a61356659583ffd164ca,random,4,4,False,2,3.4414967769271567,next-5,pass
17,s17-test-11-7,81534097dd29a61356659583ffd164ca,information_gain,0,0,False,9,3.668216871371301,,
17,s17-test-11-7,81534097dd29a61356659583ffd164ca,information_gain,1,1,False,7,3.479532363821117,next-11,pass
17,s17-test-11-7,81534097dd29a61356659583ffd164ca,information_gain,2,2,False,6,3.3869825038976433,next-5,pass
17,s17-test-11-7,81534097dd29a61356659583ffd164ca,information_gain,3,3,False,5,3.297853562466787,next-10,pass
17,s17-test-11-7,81534097dd29a61356659583ffd164ca,information_gain,4,4,True,1,1.3804381460412019,next-2,fail
17,s17-test-11-7,81534097dd29a61356659583ffd164ca,random,0,0,False,9,3.668216871371301,,
17,s17-test-11-7,81534097dd29a61356659583ffd164ca,random,1,1,False,9,3.635242424325925,next-8,pass
17,s17-test-11-7,81534097dd29a61356659583ffd164ca,random,2,2,False,7,3.4715279421769267,next-11,pass
17,s17-test-11-7,81534097dd29a61356659583ffd164ca,random,3,3,False,7,3.3470032260940257,next-0,pass
17,s17-test-11-7,81534097dd29a61356659583ffd164ca,random,4,4,False,7,3.3302815438683004,next-4,pass
17,s17-test-11-8,81534097dd29a61356659583ffd164ca,information_gain,0,0,False,9,3.769480031174169,,
17,s17-test-11-8,81534097dd29a61356659583ffd164ca,information_gain,1,1,False,9,2.2389748986860734,next-3,fail
17,s17-test-11-8,81534097dd29a61356659583ffd164ca,information_gain,2,2,False,8,2.0619973180765387,next-0,pass
17,s17-test-11-8,81534097dd29a61356659583ffd164ca,information_gain,3,3,False,8,2.0186494182230574,next-10,pass
17,s17-test-11-8,81534097dd29a61356659583ffd164ca,information_gain,4,4,False,6,1.732003531922262,next-5,pass
17,s17-test-11-8,81534097dd29a61356659583ffd164ca,random,0,0,False,9,3.769480031174169,,
17,s17-test-11-8,81534097dd29a61356659583ffd164ca,random,1,1,False,8,3.6352424243259254,next-7,pass
17,s17-test-11-8,81534097dd29a61356659583ffd164ca,random,2,2,False,7,3.516171269218494,next-5,pass
17,s17-test-11-8,81534097dd29a61356659583ffd164ca,random,3,3,False,5,3.346005199238355,next-6,pass
17,s17-test-11-8,81534097dd29a61356659583ffd164ca,random,4,4,False,5,3.2954664237174596,next-2,pass
17,s17-test-11-9,81534097dd29a61356659583ffd164ca,information_gain,0,0,True,1,2.0000017922812146,,
17,s17-test-11-9,81534097dd29a61356659583ffd164ca,information_gain,1,1,True,1,0.29974434742533274,next-11,fail
17,s17-test-11-9,81534097dd29a61356659583ffd164ca,information_gain,2,2,True,1,0.2761152761863318,next-10,pass
17,s17-test-11-9,81534097dd29a61356659583ffd164ca,information_gain,3,3,True,1,0.46896823736828785,next-9,fail
17,s17-test-11-9,81534097dd29a61356659583ffd164ca,information_gain,4,4,True,1,0.43982562631635774,next-2,pass
17,s17-test-11-9,81534097dd29a61356659583ffd164ca,random,0,0,True,1,2.0000017922812146,,
17,s17-test-11-9,81534097dd29a61356659583ffd164ca,random,1,1,True,1,1.9415921793413073,next-7,pass
17,s17-test-11-9,81534097dd29a61356659583ffd164ca,random,2,2,True,1,1.8097798647286993,next-6,pass
17,s17-test-11-9,81534097dd29a61356659583ffd164ca,random,3,3,True,1,1.7981340089544495,next-0,pass
17,s17-test-11-9,81534097dd29a61356659583ffd164ca,random,4,4,True,1,1.7942764985797561,next-3,pass
17,s17-test-11-10,81534097dd29a61356659583ffd164ca,information_gain,0,0,False,6,3.898511621572959,,
17,s17-test-11-10,81534097dd29a61356659583ffd164ca,information_gain,1,1,False,4,3.7007639877748106,next-11,pass
17,s17-test-11-10,81534097dd29a61356659583ffd164ca,information_gain,2,2,False,3,3.51699790760693,next-4,pass
17,s17-test-11-10,81534097dd29a61356659583ffd164ca,information_gain,3,3,False,3,3.350544799520904,next-1,pass
17,s17-test-11-10,81534097dd29a61356659583ffd164ca,information_gain,4,4,False,3,3.1672076706361136,next-9,pass
17,s17-test-11-10,81534097dd29a61356659583ffd164ca,random,0,0,False,6,3.898511621572959,,
17,s17-test-11-10,81534097dd29a61356659583ffd164ca,random,1,1,False,4,3.7387516968064984,next-6,pass
17,s17-test-11-10,81534097dd29a61356659583ffd164ca,random,2,2,False,2,3.5943838320392567,next-10,pass
17,s17-test-11-10,81534097dd29a61356659583ffd164ca,random,3,3,False,2,3.4357999704610394,next-1,pass
17,s17-test-11-10,81534097dd29a61356659583ffd164ca,random,4,4,False,2,3.350544799520904,next-0,pass
17,s17-test-11-11,81534097dd29a61356659583ffd164ca,information_gain,0,0,False,10,3.700763987774811,,
17,s17-test-11-11,81534097dd29a61356659583ffd164ca,information_gain,1,1,True,1,2.1957453298742804,next-10,fail
17,s17-test-11-11,81534097dd29a61356659583ffd164ca,information_gain,2,2,True,1,2.0512651271410642,next-6,pass
17,s17-test-11-11,81534097dd29a61356659583ffd164ca,information_gain,3,3,True,1,0.31327511966666916,next-1,fail
17,s17-test-11-11,81534097dd29a61356659583ffd164ca,information_gain,4,4,True,1,0.29769703743737197,next-3,pass
17,s17-test-11-11,81534097dd29a61356659583ffd164ca,random,0,0,False,10,3.700763987774811,,
17,s17-test-11-11,81534097dd29a61356659583ffd164ca,random,1,1,False,9,3.559305872628429,next-0,pass
17,s17-test-11-11,81534097dd29a61356659583ffd164ca,random,2,2,False,8,3.479532363821117,next-7,pass
17,s17-test-11-11,81534097dd29a61356659583ffd164ca,random,3,3,False,8,3.378344400816957,next-6,pass
17,s17-test-11-11,81534097dd29a61356659583ffd164ca,random,4,4,True,1,1.4781078340575446,next-1,fail
17,s17-test-12-0,1b8d6649e5b2d2cbc97652c70c0a6939,information_gain,0,0,False,7,3.0224410921828233,,
17,s17-test-12-0,1b8d6649e5b2d2cbc97652c70c0a6939,information_gain,1,1,False,3,2.032810061821332,next-3,fail
17,s17-test-12-0,1b8d6649e5b2d2cbc97652c70c0a6939,information_gain,2,2,False,2,1.1328451966294975,next-10,fail
17,s17-test-12-0,1b8d6649e5b2d2cbc97652c70c0a6939,information_gain,3,3,True,1,0.7196683676869993,next-9,pass
17,s17-test-12-0,1b8d6649e5b2d2cbc97652c70c0a6939,information_gain,4,4,True,1,0.3562007763642448,next-8,pass
17,s17-test-12-0,1b8d6649e5b2d2cbc97652c70c0a6939,random,0,0,False,7,3.0224410921828233,,
17,s17-test-12-0,1b8d6649e5b2d2cbc97652c70c0a6939,random,1,1,False,2,1.5214472182476497,next-10,fail
17,s17-test-12-0,1b8d6649e5b2d2cbc97652c70c0a6939,random,2,2,False,2,1.453596077611718,next-0,pass
17,s17-test-12-0,1b8d6649e5b2d2cbc97652c70c0a6939,random,3,3,True,1,1.1205638137533378,next-7,pass
17,s17-test-12-0,1b8d6649e5b2d2cbc97652c70c0a6939,random,4,4,True,1,0.819704989479411,next-9,pass
17,s17-test-12-1,1b8d6649e5b2d2cbc97652c70c0a6939,information_gain,0,0,False,7,3.127915196838905,,
17,s17-test-12-1,1b8d6649e5b2d2cbc97652c70c0a6939,information_gain,1,1,False,4,2.7931948797283472,next-4,pass
17,s17-test-12-1,1b8d6649e5b2d2cbc97652c70c0a6939,information_gain,2,2,False,2,1.4322224107917723,next-10,fail
17,s17-test-12-1,1b8d6649e5b2d2cbc97652c70c0a6939,information_gain,3,3,True,1,0.2600131023077136,next-6,fail
17,s17-test-12-1,1b8d6649e5b2d2cbc97652c70c0a6939,information_gain,4,4,True,1,0.1032816068705773,next-8,pass
17,s17-test-12-1,1b8d6649e5b2d2cbc97652c70c0a6939,random,0,0,False,7,3.127915196838905,,
17,s17-test-12-1,1b8d6649e5b2d2cbc97652c70c0a6939,random,1,1,False,2,1.6331679921099989,next-10,fail
17,s17-test-12-1,1b8d6649e5b2d2cbc97652c70c0a6939,random,2,2,True,1,1.503522711381935,next-3,pass
17,s17-test-12-1,1b8d6649e5b2d2cbc97652c70c0a6939,random,3,3,True,1,1.4846486972288508,next-0,pass
17,s17-test-12-1,1b8d6649e5b2d2cbc97652c70c0a6939,random,4,4,True,1,1.324562036598409,next-5,pass
17,s17-test-12-2,1b8d6649e5b2d2cbc97652c70c0a6939,information_gain,0,0,False,5,2.860321615644838,,
17,s17-test-12-2,1b8d6649e5b2d2cbc97652c70c0a6939,information_gain,1,1,False,2,1.8083600664633084,next-2,fail
17,s17-test-12-2,1b8d6649e5b2d2cbc97652c70c0a6939,information_gain,2,2,True,1,0.713904030274125,next-1,fail
17,s17-test-12-2,1b8d6649e5b2d2cbc97652c70c0a6939,information_gain,3,3,True,1,0.33108388698723584,next-0,pass
17,s17-test-12-2,1b8d6649e5b2d2cbc97652c70c0a6939,information_gain,4,4,True,1,0.17978869090758368,next-7,pass
17,s17-test-12-2,1b8d6649e5b2d2cbc97652c70c0a6939,random,0,0,False,5,2.860321615644838,,
17,s17-test-12-2,1b8d6649e5b2d2cbc97652c70c0a6939,random,1,1,True,1,1.8092154404677792,next-10,fail
17,s17-test-12-2,1b8d6649e5b2d2cbc97652c70c0a6939,random,2,2,True,1,1.5780309221947957,next-4,pass
17,s17-test-12-2,1b8d6649e5b2d2cbc97652c70c0a6939,random,3,3,True,1,1.4233758215385632,next-7,pass
17,s17-test-12-2,1b8d6649e5b2d2cbc97652c70c0a6939,random,4,4,True,1,1.4046119519349827,next-5,pass
17,s17-test-12-3,1b8d6649e5b2d2cbc97652c70c0a6939,information_gain,0,0,False,2,2.086113486104685,,
17,s17-test-12-3,1b8d6649e5b2d2cbc97652c70c0a6939,information_gain,1,1,False,3,1.809215440467779,next-1,pass
17,s17-test-12-3,1b8d6649e5b2d2cbc97652c70c0a6939,information_gain,2,2,False,3,2.811918627641485,next-3,pass
17,s17-test-12-3,1b8d6649e5b2d2cbc97652c70c0a6939,information_gain,3,3,True,1,1.6472304657522832,next-0,fail
17,s17-test-12-3,1b8d6649e5b2d2cbc97652c70c0a6939,information_gain,4,4,True,1,0.5909699527541422,next-11,fail
17,s17-test-12-3,1b8d6649e5b2d2cbc97652c70c0a6939,random,0,0,False,2,2.086113486104685,,
17,s17-test-12-3,1b8d6649e5b2d2cbc97652c70c0a6939,random,1,1,False,2,1.9957155775239563,next-9,pass
17,s17-test-12-3,1b8d6649e5b2d2cbc97652c70c0a6939,random,2,2,False,2,1.3639093634003832,next-11,fail
17,s17-test-12-3,1b8d6649e5b2d2cbc97652c70c0a6939,random,3,3,True,1,0.2297557303135057,next-4,fail
17,s17-test-12-3,1b8d6649e5b2d2cbc97652c70c0a6939,random,4,4,True,1,0.01365437787375558,next-6,fail
17,s17-test-12-4,1b8d6649e5b2d2cbc97652c70c0a6939,information_gain,0,0,True,1,3.0224410921828233,,
17,s17-test-12-4,1b8d6649e5b2d2cbc97652c70c0a6939,information_gain,1,1,True,1,2.6711702602021177,next-2,pass
17,s17-test-12-4,1b8d6649e5b2d2cbc97652c70c0a6939,information_gain,2,2,True,1,2.331798316071008,next-0,pass
17,s17-test-12-4,1b8d6649e5b2d2cbc97652c70c0a6939,information_gain,3,3,True,1,1.941922352948301,next-3,pass
17,s17-test-12-4,1b8d6649e5b2d2cbc97652c70c0a6939,information_gain,4,4,True,1,1.6297579758706209,next-9,pass
17,s17-test-12-4,1b8d6649e5b2d2cbc97652c70c0a6939,random,0,0,True,1,3.0224410921828233,,
17,s17-test-12-4,1b8d6649e5b2d2cbc97652c70c0a6939,random,1,1,True,1,2.7215449632853974,next-3,pass
17,s17-test-12-4,1b8d6649e5b2d2cbc97652c70c0a6939,random,2,2,True,1,2.4265340519499214,next-5,pass
17,s17-test-12-4,1b8d6649e5b2d2cbc97652c70c0a6939,random,3,3,True,1,2.3005425763103533,next-1,pass
17,s17-test-12-4,1b8d6649e5b2d2cbc97652c70c0a6939,random,4,4,True,1,2.297159418461947,next-10,pass
17,s17-test-12-5,1b8d6649e5b2d2cbc97652c70c0a6939,information_gain,0,0,False,6,3.1772030710643673,,
17,s17-test-12-5,1b8d6649e5b2d2cbc97652c70c0a6939,information_gain,1,1,False,3,2.8603216156448386,next-0,pass
17,s17-test-12-5,1b8d6649e5b2d2cbc97652c70c0a6939,information_gain,2,2,False,2,1.3972964526516274,next-5,fail
17,s17-test-12-5,1b8d6649e5b2d2cbc97652c70c0a6939,information_gain,3,3,True,1,1.1449037674016107,next-4,pass
17,s17-test-12-5,1b8d6649e5b2d2cbc97652c70c0a6939,information_gain,4,4,True,1,0.07569259252559801,next-6,fail
17,s17-test-12-5,1b8d6649e5b2d2cbc97652c70c0a6939,random,0,0,False,6,3.1772030710643673,,
17,s17-test-12-5,1b8d6649e5b2d2cbc97652c70c0a6939,random,1,1,False,2,1.600230823385642,next-5,fail
17,s17-test-12-5,1b8d6649e5b2d2cbc97652c70c0a6939,random,2,2,False,2,1.5339719383630694,next-2,pass
17,s17-test-12-5,1b8d6649e5b2d2cbc97652c70c0a6939,random,3,3,False,2,1.453596077611718,next-11,pass
17,s17-test-12-5,1b8d6649e5b2d2cbc97652c70c0a6939,random,4,4,True,1,0.23224672353657358,next-6,fail
17,s17-test-12-6,1b8d6649e5b2d2cbc97652c70c0a6939,information_gain,0,0,False,4,2.924618383555881,,
17,s17-test-12-6,1b8d6649e5b2d2cbc97652c70c0a6939,information_gain,1,1,False,2,1.874263736836852,next-10,fail
17,s17-test-12-6,1b8d6649e5b2d2cbc97652c70c0a6939,information_gain,2,2,True,1,1.7863982638628326,next-11,fail
17,s17-test-12-6,1b8d6649e5b2d2cbc97652c70c0a6939,information_gain,3,3,True,1,0.8064370228956746,next-9,fail
17,s17-test-12-6,1b8d6649e5b2d2cbc97652c70c0a6939,information_gain,4,4,True,1,0.05337289757127701,next-6,fail
17,s17-test-12-6,1b8d6649e5b2d2cbc97652c70c0a6939,random,0,0,False,4,2.924618383555881,,
17,s17-test-12-6,1b8d6649e5b2d2cbc97652c70c0a6939,random,1,1,False,3,2.9680807848648945,next-8,pass
17,s17-test-12-6,1b8d6649e5b2d2cbc97652c70c0a6939,random,2,2,True,1,2.0638955456061567,next-11,fail
17,s17-test-12-6,1b8d6649e5b2d2cbc97652c70c0a6939,random,3,3,True,1,0.8450355748013902,next-9,fail
17,s17-test-12-6,1b8d6649e5b2d2cbc97652c70c0a6939,random,4,4,True,1,0.8053916427876071,next-10,fail
17,s17-test-12-7,1b8d6649e5b2d2cbc97652c70c0a6939,information_gain,0,0,False,7,2.9671131510256994,,
17,s17-test-12-7,1b8d6649e5b2d2cbc97652c70c0a6939,information_gain,1,1,False,5,2.6529913337983158,next-6,pass
17,s17-test-12-7,1b8d6649e5b2d2cbc97652c70c0a6939,information_gain,2,2,False,4,2.4078861896070447,next-1,pass
17,s17-test-12-7,1b8d6649e5b2d2cbc97652c70c0a6939,information_gain,3,3,False,3,2.218509786779351,next-11,pass
17,s17-test-12-7,1b8d6649e5b2d2cbc97652c70c0a6939,information_gain,4,4,False,3,1.9987075295338772,next-9,pass
17,s17-test-12-7,1b8d6649e5b2d2cbc97652c70c0a6939,random,0,0,False,7,2.9671131510256994,,
17,s17-test-12-7,1b8d6649e5b2d2cbc97652c70c0a6939,random,1,1,False,6,2.758816774826796,next-8,pass
17,s17-test-12-7,1b8d6649e5b2d2cbc97652c70c0a6939,random,2,2,False,6,2.6744703964335312,next-4,pass
17,s17-test-12-7,1b8d6649e5b2d2cbc97652c70c0a6939,random,3,3,False,5,2.4323041153156635,next-6,pass
17,s17-test-12-7,1b8d6649e5b2d2cbc97652c70c0a6939,random,4,4,False,5,2.415133078410566,next-5,pass
17,s17-test-12-8,1b8d6649e5b2d2cbc97652c70c0a6939,information_gain,0,0,False,8,3.1772030710643673,,
17,s17-test-12-8,1b8d6649e5b2d2cbc97652c70c0a6939,information_gain,1,1,False,4,2.2244729667384164,next-11,fail
17,s17-test-12-8,1b8d6649e5b2d2cbc97652c70c0a6939,information_gain,2,2,False,2,1.2078960236769871,next-5,fail
17,s17-test-12-8,1b8d6649e5b2d2cbc97652c70c0a6939,information_gain,3,3,True,1,0.835242012133863,next-8,pass
17,s17-test-12-8,1b8d6649e5b2d2cbc97652c70c0a6939,information_gain,4,4,True,1,0.21404164587397845,next-10,pass
17,s17-test-12-8,1b8d6649e5b2d2cbc97652c70c0a6939,random,0,0,False,8,3.1772030710643673,,
17,s17-test-12-8,1b8d6649e5b2d2cbc97652c70c0a6939,random,1,1,False,3,2.086113486104685,next-6,fail
17,s17-test-12-8,1b8d6649e5b2d2cbc97652c70c0a6939,random,2,2,True,1,1.809215440467779,next-10,pass
17,s17-test-12-8,1b8d6649e5b2d2cbc97652c70c0a6939,random,3,3,True,1,1.7250286591820896,next-4,pass
17,s17-test-12-8,1b8d6649e5b2d2cbc97652c70c0a6939,random,4,4,True,1,0.6422731419243803,next-1,fail
17,s17-test-12-9,1b8d6649e5b2d2cbc97652c70c0a6939,information_gain,0,0,False,3,3.272651522934946,,
17,s17-test-12-9,1b8d6649e5b2d2cbc97652c70c0a6939,information_gain,1,1,True,1,2.130399942848491,next-10,fail
17,s17-test-12-9,1b8d6649e5b2d2cbc97652c70c0a6939,information_gain,2,2,True,1,0.989747707703978,next-9,fail
17,s17-test-12-9,1b8d6649e5b2d2cbc97652c70c0a6939,information_gain,3,3,True,1,0.07446465090664725,next-4,fail
17,s17-test-12-9,1b8d6649e5b2d2cbc97652c70c0a6939,information_gain,4,4,True,1,0.0036022311830069646,next-7,fail
17,s17-test-12-9,1b8d6649e5b2d2cbc97652c70c0a6939,random,0,0,False,3,3.272651522934946,,
17,s17-test-12-9,1b8d6649e5b2d2cbc97652c70c0a6939,random,1,1,True,1,2.130399942848491,next-10,fail
17,s17-test-12-9,1b8d6649e5b2d2cbc97652c70c0a6939,random,2,2,True,1,2.086113486104685,next-8,pass
17,s17-test-12-9,1b8d6649e5b2d2cbc97652c70c0a6939,random,3,3,True,1,1.867775599913701,next-6,pass
17,s17-test-12-9,1b8d6649e5b2d2cbc97652c70c0a6939,random,4,4,True,1,0.3248615949187797,next-7,fail
17,s17-test-12-10,1b8d6649e5b2d2cbc97652c70c0a6939,information_gain,0,0,False,3,3.076543261906183,,
17,s17-test-12-10,1b8d6649e5b2d2cbc97652c70c0a6939,information_gain,1,1,False,3,2.7931948797283472,next-0,pass
17,s17-test-12-10,1b8d6649e5b2d2cbc97652c70c0a6939,information_gain,2,2,True,1,1.4322224107917723,next-5,fail
17,s17-test-12-10,1b8d6649e5b2d2cbc97652c70c0a6939,information_gain,3,3,True,1,1.1790287719917834,next-3,pass
17,s17-test-12-10,1b8d6649e5b2d2cbc97652c70c0a6939,information_gain,4,4,True,1,0.11015391291342376,next-6,fail
17,s17-test-12-10,1b8d6649e5b2d2cbc97652c70c0a6939,random,0,0,False,3,3.076543261906183,,
17,s17-test-12-10,1b8d6649e5b2d2cbc97652c70c0a6939,random,1,1,False,6,1.728579271913385,next-11,fail
17,s17-test-12-10,1b8d6649e5b2d2cbc97652c70c0a6939,random,2,2,False,5,2.878262784517868,next-1,pass
17,s17-test-12-10,1b8d6649e5b2d2cbc97652c70c0a6939,random,3,3,False,4,2.684668731983092,next-0,pass
17,s17-test-12-10,1b8d6649e5b2d2cbc97652c70c0a6939,random,4,4,False,4,2.6547571773246474,next-4,pass
17,s17-test-12-11,1b8d6649e5b2d2cbc97652c70c0a6939,information_gain,0,0,True,1,0.2954149904860903,,
17,s17-test-12-11,1b8d6649e5b2d2cbc97652c70c0a6939,information_gain,1,1,True,1,0.11220286795904427,next-2,pass
17,s17-test-12-11,1b8d6649e5b2d2cbc97652c70c0a6939,information_gain,2,2,True,1,0.019400462860835892,next-4,fail
17,s17-test-12-11,1b8d6649e5b2d2cbc97652c70c0a6939,information_gain,3,3,True,1,0.0026305555344479335,next-1,fail
17,s17-test-12-11,1b8d6649e5b2d2cbc97652c70c0a6939,information_gain,4,4,True,1,0.00134609007342108,next-10,pass
17,s17-test-12-11,1b8d6649e5b2d2cbc97652c70c0a6939,random,0,0,True,1,0.2954149904860903,,
17,s17-test-12-11,1b8d6649e5b2d2cbc97652c70c0a6939,random,1,1,True,1,0.28760746708302526,next-7,pass
17,s17-test-12-11,1b8d6649e5b2d2cbc97652c70c0a6939,random,2,2,True,1,0.2529755975132099,next-6,pass
17,s17-test-12-11,1b8d6649e5b2d2cbc97652c70c0a6939,random,3,3,True,1,0.24510777890542698,next-11,pass
17,s17-test-12-11,1b8d6649e5b2d2cbc97652c70c0a6939,random,4,4,True,1,0.026961255733229116,next-4,fail
17,s17-test-13-0,29a635255be498e0b402ec24e0ca620e,information_gain,0,0,True,1,1.687487355699902,,
17,s17-test-13-0,29a635255be498e0b402ec24e0ca620e,information_gain,1,1,True,1,0.2898458608346126,next-9,fail
17,s17-test-13-0,29a635255be498e0b402ec24e0ca620e,information_gain,2,2,True,1,0.2618597359616143,next-6,pass
17,s17-test-13-0,29a635255be498e0b402ec24e0ca620e,information_gain,3,3,True,1,0.24613701321596737,next-10,pass
17,s17-test-13-0,29a635255be498e0b402ec24e0ca620e,information_gain,4,4,True,1,0.23037232413897507,next-3,pass
17,s17-test-13-0,29a635255be498e0b402ec24e0ca620e,random,0,0,True,1,1.687487355699902,,
17,s17-test-13-0,29a635255be498e0b402ec24e0ca620e,random,1,1,True,1,1.6754432726581874,next-2,pass
17,s17-test-13-0,29a635255be498e0b402ec24e0ca620e,random,2,2,True,1,1.6106848158261426,next-4,pass
17,s17-test-13-0,29a635255be498e0b402ec24e0ca620e,random,3,3,True,1,1.5446063188577537,next-8,pass
17,s17-test-13-0,29a635255be498e0b402ec24e0ca620e,random,4,4,True,1,1.5195790581772453,next-7,pass
17,s17-test-13-1,29a635255be498e0b402ec24e0ca620e,information_gain,0,0,False,3,3.5619491210640906,,
17,s17-test-13-1,29a635255be498e0b402ec24e0ca620e,information_gain,1,1,True,1,2.2665218537700604,next-9,fail
17,s17-test-13-1,29a635255be498e0b402ec24e0ca620e,information_gain,2,2,True,1,1.1541153643473598,next-11,fail
17,s17-test-13-1,29a635255be498e0b402ec24e0ca620e,information_gain,3,3,True,1,0.19958018152970022,next-7,fail
17,s17-test-13-1,29a635255be498e0b402ec24e0ca620e,information_gain,4,4,True,1,0.1904065132841842,next-2,pass
17,s17-test-13-1,29a635255be498e0b402ec24e0ca620e,random,0,0,False,3,3.5619491210640906,,
17,s17-test-13-1,29a635255be498e0b402ec24e0ca620e,random,1,1,True,1,1.6639636671774842,next-7,fail
17,s17-test-13-1,29a635255be498e0b402ec24e0ca620e,random,2,2,True,1,0.4742562968240606,next-9,fail
17,s17-test-13-1,29a635255be498e0b402ec24e0ca620e,random,3,3,True,1,0.6291480094826264,next-1,fail
17,s17-test-13-1,29a635255be498e0b402ec24e0ca620e,random,4,4,True,1,0.20856115819037116,next-11,fail
17,s17-test-13-2,29a635255be498e0b402ec24e0ca620e,information_gain,0,0,True,1,3.482728247527138,,
17,s17-test-13-2,29a635255be498e0b402ec24e0ca620e,information_gain,1,1,True,1,3.2674592615463682,next-1,pass
17,s17-test-13-2,29a635255be498e0b402ec24e0ca620e,information_gain,2,2,True,1,3.058850791493423,next-3,pass
17,s17-test-13-2,29a635255be498e0b402ec24e0ca620e,information_gain,3,3,True,1,2.8906870337905004,next-11,pass
17,s17-test-13-2,29a635255be498e0b402ec24e0ca620e,information_gain,4,4,True,1,2.7706041759414877,next-4,pass
17,s17-test-13-2,29a635255be498e0b402ec24e0ca620e,random,0,0,True,1,3.482728247527138,,
17,s17-test-13-2,29a635255be498e0b402ec24e0ca620e,random,1,1,True,1,3.3025555584768034,next-3,pass
17,s17-test-13-2,29a635255be498e0b402ec24e0ca620e,random,2,2,True,1,3.2097121607876837,next-7,pass
17,s17-test-13-2,29a635255be498e0b402ec24e0ca620e,random,3,3,True,1,3.161091110297607,next-8,pass
17,s17-test-13-2,29a635255be498e0b402ec24e0ca620e,random,4,4,True,1,2.948636936046715,next-1,pass
17,s17-test-13-3,29a635255be498e0b402ec24e0ca620e,information_gain,0,0,False,10,3.597297205936164,,
17,s17-test-13-3,29a635255be498e0b402ec24e0ca620e,information_gain,1,1,False,8,3.399502997672046,next-2,pass
17,s17-test-13-3,29a635255be498e0b402ec24e0ca620e,information_gain,2,2,False,6,3.1715829965813866,next-6,pass
17,s17-test-13-3,29a635255be498e0b402ec24e0ca620e,information_gain,3,3,False,5,3.0043640897941155,next-5,pass
17,s17-test-13-3,29a635255be498e0b402ec24e0ca620e,information_gain,4,4,False,5,2.8152310648822296,next-8,pass
17,s17-test-13-3,29a635255be498e0b402ec24e0ca620e,random,0,0,False,10,3.597297205936164,,
17,s17-test-13-3,29a635255be498e0b402ec24e0ca620e,random,1,1,False,10,3.5619491210640906,next-4,pass
17,s17-test-13-3,29a635255be498e0b402ec24e0ca620e,random,2,2,False,8,3.3582810490132995,next-6,pass
17,s17-test-13-3,29a635255be498e0b402ec24e0ca620e,random,3,3,False,8,3.212349654274312,next-8,pass
17,s17-test-13-3,29a635255be498e0b402ec24e0ca620e,random,4,4,False,8,3.16426589659034,next-1,pass
17,s17-test-13-4,29a635255be498e0b402ec24e0ca620e,information_gain,0,0,False,5,3.3995029976720454,,
17,s17-test-13-4,29a635255be498e0b402ec24e0ca620e,information_gain,1,1,False,3,3.1235055719767892,next-3,pass
17,s17-test-13-4,29a635255be498e0b402ec24e0ca620e,information_gain,2,2,False,2,1.8993131875538454,next-9,fail
17,s17-test-13-4,29a635255be498e0b402ec24e0ca620e,information_gain,3,3,True,1,1.659951384963645,next-11,pass
17,s17-test-13-4,29a635255be498e0b402ec24e0ca620e,information_gain,4,4,True,1,1.4839762747097704,next-8,pass
17,s17-test-13-4,29a635255be498e0b402ec24e0ca620e,random,0,0,False,5,3.3995029976720454,,
17,s17-test-13-4,29a635255be498e0b402ec24e0ca620e,random,1,1,False,5,3.3582810490132995,next-2,pass
17,s17-test-13-4,29a635255be498e0b402ec24e0ca620e,random,2,2,False,5,3.222092770047309,next-7,pass
17,s17-test-13-4,29a635255be498e0b402ec24e0ca620e,random,3,3,False,5,3.111487576074821,next-1,pass
17,s17-test-13-4,29a635255be498e0b402ec24e0ca620e,random,4,4,False,4,2.9344839412002277,next-11,pass
17,s17-test-13-5,29a635255be498e0b402ec24e0ca620e,information_gain,0,0,True,1,3.482728247527138,,
17,s17-test-13-5,29a635255be498e0b402ec24e0ca620e,information_gain,1,1,True,1,3.312007671441669,next-1,pass
17,s17-test-13-5,29a635255be498e0b402ec24e0ca620e,information_gain,2,2,True,1,3.123505571976789,next-4,pass
17,s17-test-13-5,29a635255be498e0b402ec24e0ca620e,information_gain,3,3,True,1,2.9639969947916813,next-10,pass
17,s17-test-13-5,29a635255be498e0b402ec24e0ca620e,information_gain,4,4,True,1,2.785516528791433,next-5,pass
17,s17-test-13-5,29a635255be498e0b402ec24e0ca620e,random,0,0,True,1,3.482728247527138,,
17,s17-test-13-5,29a635255be498e0b402ec24e0ca620e,random,1,1,True,1,3.312007671441669,next-10,pass
17,s17-test-13-5,29a635255be498e0b402ec24e0ca620e,random,2,2,True,1,3.123505571976789,next-8,pass
17,s17-test-13-5,29a635255be498e0b402ec24e0ca620e,random,3,3,True,1,3.0226660055732477,next-11,pass
17,s17-test-13-5,29a635255be498e0b402ec24e0ca620e,random,4,4,True,1,2.8529057415965675,next-1,pass
17,s17-test-13-6,29a635255be498e0b402ec24e0ca620e,information_gain,0,0,False,7,3.3995029976720454,,
17,s17-test-13-6,29a635255be498e0b402ec24e0ca620e,information_gain,1,1,False,4,3.070422653069374,next-11,pass
17,s17-test-13-6,29a635255be498e0b402ec24e0ca620e,information_gain,2,2,False,3,2.785516528791433,next-2,pass
17,s17-test-13-6,29a635255be498e0b402ec24e0ca620e,information_gain,3,3,False,2,2.5834462851156346,next-0,pass
17,s17-test-13-6,29a635255be498e0b402ec24e0ca620e,information_gain,4,4,False,2,2.3980384729440414,next-3,pass
17,s17-test-13-6,29a635255be498e0b402ec24e0ca620e,random,0,0,False,7,3.3995029976720454,,
17,s17-test-13-6,29a635255be498e0b402ec24e0ca620e,random,1,1,False,7,3.3494411554987065,next-9,pass
17,s17-test-13-6,29a635255be498e0b402ec24e0ca620e,random,2,2,False,6,3.210652331263986,next-7,pass
17,s17-test-13-6,29a635255be498e0b402ec24e0ca620e,random,3,3,False,5,3.058976261375309,next-5,pass
17,s17-test-13-6,29a635255be498e0b402ec24e0ca620e,random,4,4,False,4,2.831090464204411,next-3,pass
17,s17-test-13-7,29a635255be498e0b402ec24e0ca620e,information_gain,0,0,True,1,0.3062801693558968,,
17,s17-test-13-7,29a635255be498e0b402ec24e0ca620e,information_gain,1,1,True,1,0.15118983066626074,next-2,pass
17,s17-test-13-7,29a635255be498e0b402ec24e0ca620e,information_gain,2,2,True,1,0.7842283373388805,next-9,pass
17,s17-test-13-7,29a635255be498e0b402ec24e0ca620e,information_gain,3,3,True,1,2.369225470587542,next-8,pass
17,s17-test-13-7,29a635255be498e0b402ec24e0ca620e,information_gain,4,4,True,1,2.1742728235662416,next-0,pass
17,s17-test-13-7,29a635255be498e0b402ec24e0ca620e,random,0,0,True,1,0.3062801693558968,,
17,s17-test-13-7,29a635255be498e0b402ec24e0ca620e,random,1,1,True,1,0.28285782115056446,next-11,pass
17,s17-test-13-7,29a635255be498e0b402ec24e0ca620e,random,2,2,True,1,0.26719100960067577,next-4,pass
17,s17-test-13-7,29a635255be498e0b402ec24e0ca620e,random,3,3,True,1,0.2581194228165651,next-7,pass
17,s17-test-13-7,29a635255be498e0b402ec24e0ca620e,random,4,4,True,1,1.0486321859800298,next-9,pass
17,s17-test-13-8,29a635255be498e0b402ec24e0ca620e,information_gain,0,0,False,2,1.873674388082286,,
17,s17-test-13-8,29a635255be498e0b402ec24e0ca620e,information_gain,1,1,True,1,1.676708259409641,next-8,pass
17,s17-test-13-8,29a635255be498e0b402ec24e0ca620e,information_gain,2,2,False,2,3.0633464204603396,next-9,pass
17,s17-test-13-8,29a635255be498e0b402ec24e0ca620e,information_gain,3,3,False,2,2.837128706197648,next-11,pass
17,s17-test-13-8,29a635255be498e0b402ec24e0ca620e,information_gain,4,4,False,2,2.5738210415979155,next-6,pass
17,s17-test-13-8,29a635255be498e0b402ec24e0ca620e,random,0,0,False,2,1.873674388082286,,
17,s17-test-13-8,29a635255be498e0b402ec24e0ca620e,random,1,1,False,2,1.7507675578076107,next-11,pass
17,s17-test-13-8,29a635255be498e0b402ec24e0ca620e,random,2,2,False,2,1.6106848158261426,next-1,pass
17,s17-test-13-8,29a635255be498e0b402ec24e0ca620e,random,3,3,False,2,1.598401987788162,next-10,pass
17,s17-test-13-8,29a635255be498e0b402ec24e0ca620e,random,4,4,False,2,1.5860872744778174,next-2,pass
17,s17-test-13-9,29a635255be498e0b402ec24e0ca620e,information_gain,0,0,True,1,3.482728247527138,,
17,s17-test-13-9,29a635255be498e0b402ec24e0ca620e,information_gain,1,1,True,1,3.1715829965813866,next-0,pass
17,s17-test-13-9,29a635255be498e0b402ec24e0ca620e,information_gain,2,2,True,1,2.9038559918676903,next-8,pass
17,s17-test-13-9,29a635255be498e0b402ec24e0ca620e,information_gain,3,3,True,1,2.7008856177313416,next-4,pass
17,s17-test-13-9,29a635255be498e0b402ec24e0ca620e,information_gain,4,4,True,1,2.483381445684112,next-1,pass
17,s17-test-13-9,29a635255be498e0b402ec24e0ca620e,random,0,0,True,1,3.482728247527138,,
17,s17-test-13-9,29a635255be498e0b402ec24e0ca620e,random,1,1,True,1,3.312007671441669,next-11,pass
17,s17-test-13-9,29a635255be498e0b402ec24e0ca620e,random,2,2,True,1,3.2200322400157058,next-7,pass
17,s17-test-13-9,29a635255be498e0b402ec24e0ca620e,random,3,3,True,1,3.1715829965813866,next-5,pass
17,s17-test-13-9,29a635255be498e0b402ec24e0ca620e,random,4,4,True,1,2.838342069810294,next-0,pass
17,s17-test-13-10,29a635255be498e0b402ec24e0ca620e,information_gain,0,0,False,9,3.4400493815901765,,
17,s17-test-13-10,29a635255be498e0b402ec24e0ca620e,information_gain,1,1,False,6,3.1235055719767892,next-7,pass
17,s17-test-13-10,29a635255be498e0b402ec24e0ca620e,information_gain,2,2,False,5,2.90385599186769,next-4,pass
17,s17-test-13-10,29a635255be498e0b402ec24e0ca620e,information_gain,3,3,False,4,2.7008856177313416,next-9,pass
17,s17-test-13-10,29a635255be498e0b402ec24e0ca620e,information_gain,4,4,True,1,1.204447907658438,next-6,fail
17,s17-test-13-10,29a635255be498e0b402ec24e0ca620e,random,0,0,False,9,3.4400493815901765,,
17,s17-test-13-10,29a635255be498e0b402ec24e0ca620e,random,1,1,False,8,3.312007671441669,next-10,pass
17,s17-test-13-10,29a635255be498e0b402ec24e0ca620e,random,2,2,False,2,1.6754432726581874,next-6,fail
17,s17-test-13-10,29a635255be498e0b402ec24e0ca620e,random,3,3,False,2,1.6512624458062959,next-8,pass
17,s17-test-13-10,29a635255be498e0b402ec24e0ca620e,random,4,4,False,2,1.584057620395305,next-1,pass
17,s17-test-13-11,29a635255be498e0b402ec24e0ca620e,information_gain,0,0,False,6,3.5972972059361643,,
17,s17-test-13-11,29a635255be498e0b402ec24e0ca620e,information_gain,1,1,False,2,2.2744446009911248,next-11,fail
17,s17-test-13-11,29a635255be498e0b402ec24e0ca620e,information_gain,2,2,True,1,2.1141942451029494,next-1,pass
17,s17-test-13-11,29a635255be498e0b402ec24e0ca620e,information_gain,3,3,True,1,2.0760794228958486,next-6,pass
17,s17-test-13-11,29a635255be498e0b402ec24e0ca620e,information_gain,4,4,True,1,1.8717132228169129,next-0,pass
17,s17-test-13-11,29a635255be498e0b402ec24e0ca620e,random,0,0,False,6,3.5972972059361643,,
17,s17-test-13-11,29a635255be498e0b402ec24e0ca620e,random,1,1,False,6,3.4400493815901765,next-6,pass
17,s17-test-13-11,29a635255be498e0b402ec24e0ca620e,random,2,2,False,6,3.399502997672046,next-10,pass
17,s17-test-13-11,29a635255be498e0b402ec24e0ca620e,random,3,3,False,5,3.2200322400157058,next-8,pass
17,s17-test-13-11,29a635255be498e0b402ec24e0ca620e,random,4,4,False,2,1.9925529840368874,next-11,fail
17,s17-test-14-0,e2b4517f3d2eb12f740221065b2eb370,information_gain,0,0,False,9,3.275127413018115,,
17,s17-test-14-0,e2b4517f3d2eb12f740221065b2eb370,information_gain,1,1,False,6,2.911666587387265,next-6,pass
17,s17-test-14-0,e2b4517f3d2eb12f740221065b2eb370,information_gain,2,2,False,5,2.709446476854,next-7,pass
17,s17-test-14-0,e2b4517f3d2eb12f740221065b2eb370,information_gain,3,3,False,4,2.4921996530402253,next-3,pass
17,s17-test-14-0,e2b4517f3d2eb12f740221065b2eb370,information_gain,4,4,True,1,0.7285694836242851,next-4,fail
17,s17-test-14-0,e2b4517f3d2eb12f740221065b2eb370,random,0,0,False,9,3.275127413018115,,
17,s17-test-14-0,e2b4517f3d2eb12f740221065b2eb370,random,1,1,False,8,3.179201123518808,next-2,pass
17,s17-test-14-0,e2b4517f3d2eb12f740221065b2eb370,random,2,2,False,8,3.0808519247678228,next-10,pass
17,s17-test-14-0,e2b4517f3d2eb12f740221065b2eb370,random,3,3,False,6,2.824762934193823,next-6,pass
17,s17-test-14-0,e2b4517f3d2eb12f740221065b2eb370,random,4,4,False,6,2.7621228588152498,next-5,pass
17,s17-test-14-1,e2b4517f3d2eb12f740221065b2eb370,information_gain,0,0,False,4,3.275127413018115,,
17,s17-test-14-1,e2b4517f3d2eb12f740221065b2eb370,information_gain,1,1,True,1,2.1372147291011276,next-1,fail
17,s17-test-14-1,e2b4517f3d2eb12f740221065b2eb370,information_gain,2,2,True,1,1.7789348071536413,next-0,pass
17,s17-test-14-1,e2b4517f3d2eb12f740221065b2eb370,information_gain,3,3,True,1,1.4708642984268572,next-3,pass
17,s17-test-14-1,e2b4517f3d2eb12f740221065b2eb370,information_gain,4,4,True,1,2.807100074401146,next-5,pass
17,s17-test-14-1,e2b4517f3d2eb12f740221065b2eb370,random,0,0,False,4,3.275127413018115,,
17,s17-test-14-1,e2b4517f3d2eb12f740221065b2eb370,random,1,1,False,9,3.130514783452953,next-5,pass
17,s17-test-14-1,e2b4517f3d2eb12f740221065b2eb370,random,2,2,False,8,3.024397316390134,next-9,pass
17,s17-test-14-1,e2b4517f3d2eb12f740221065b2eb370,random,3,3,False,6,2.792292578703221,next-3,pass
17,s17-test-14-1,e2b4517f3d2eb12f740221065b2eb370,random,4,4,False,6,2.5824637236594596,next-0,pass
17,s17-test-14-2,e2b4517f3d2eb12f740221065b2eb370,information_gain,0,0,True,1,1.843724756697918,,
17,s17-test-14-2,e2b4517f3d2eb12f740221065b2eb370,information_gain,1,1,True,1,0.31268720341046413,next-0,fail
17,s17-test-14-2,e2b4517f3d2eb12f740221065b2eb370,information_gain,2,2,True,1,0.049231809218029894,next-10,fail
17,s17-test-14-2,e2b4517f3d2eb12f740221065b2eb370,information_gain,3,3,True,1,0.019674009286301693,next-1,pass
17,s17-test-14-2,e2b4517f3d2eb12f740221065b2eb370,information_gain,4,4,True,1,0.0060822446845061025,next-7,fail
17,s17-test-14-2,e2b4517f3d2eb12f740221065b2eb370,random,0,0,True,1,1.843724756697918,,
17,s17-test-14-2,e2b4517f3d2eb12f740221065b2eb370,random,1,1,True,1,1.6122980272691172,next-4,pass
17,s17-test-14-2,e2b4517f3d2eb12f740221065b2eb370,random,2,2,True,1,1.5363561503905505,next-1,pass
17,s17-test-14-2,e2b4517f3d2eb12f740221065b2eb370,random,3,3,True,1,0.2792460838073289,next-0,fail
17,s17-test-14-2,e2b4517f3d2eb12f740221065b2eb370,random,4,4,True,1,0.19015225320986537,next-5,fail
17,s17-test-14-3,e2b4517f3d2eb12f740221065b2eb370,information_gain,0,0,False,3,2.958045506872525,,
17,s17-test-14-3,e2b4517f3d2eb12f740221065b2eb370,information_gain,1,1,True,1,1.5172630335116744,next-1,fail
17,s17-test-14-3,e2b4517f3d2eb12f740221065b2eb370,information_gain,2,2,True,1,0.2706633762981783,next-11,fail
17,s17-test-14-3,e2b4517f3d2eb12f740221065b2eb370,information_gain,3,3,True,1,0.1220556641452742,next-0,pass
17,s17-test-14-3,e2b4517f3d2eb12f740221065b2eb370,information_gain,4,4,True,1,0.0053663851673084965,next-5,fail
17,s17-test-14-3,e2b4517f3d2eb12f740221065b2eb370,random,0,0,False,3,2.958045506872525,,
17,s17-test-14-3,e2b4517f3d2eb12f740221065b2eb370,random,1,1,False,3,2.8379654554653784,next-6,pass
17,s17-test-14-3,e2b4517f3d2eb12f740221065b2eb370,random,2,2,True,1,1.0744828689284316,next-5,fail
17,s17-test-14-3,e2b4517f3d2eb12f740221065b2eb370,random,3,3,True,1,0.09584027961129644,next-11,fail
17,s17-test-14-3,e2b4517f3d2eb12f740221065b2eb370,random,4,4,True,1,0.09565269892771679,next-4,pass
17,s17-test-14-4,e2b4517f3d2eb12f740221065b2eb370,information_gain,0,0,False,6,1.6103654338768352,,
17,s17-test-14-4,e2b4517f3d2eb12f740221065b2eb370,information_gain,1,1,False,6,1.3468330919839333,next-2,pass
17,s17-test-14-4,e2b4517f3d2eb12f740221065b2eb370,information_gain,2,2,False,6,2.636527138487769,next-11,pass
17,s17-test-14-4,e2b4517f3d2eb12f740221065b2eb370,information_gain,3,3,False,4,2.497867051885652,next-0,pass
17,s17-test-14-4,e2b4517f3d2eb12f740221065b2eb370,information_gain,4,4,False,3,2.838142189127694,next-10,pass
17,s17-test-14-4,e2b4517f3d2eb12f740221065b2eb370,random,0,0,False,6,1.6103654338768352,,
17,s17-test-14-4,e2b4517f3d2eb12f740221065b2eb370,random,1,1,False,6,1.5857867644846229,next-4,pass
17,s17-test-14-4,e2b4517f3d2eb12f740221065b2eb370,random,2,2,False,5,1.5172630335116746,next-6,pass
17,s17-test-14-4,e2b4517f3d2eb12f740221065b2eb370,random,3,3,False,5,1.5023221981384751,next-9,pass
17,s17-test-14-4,e2b4517f3d2eb12f740221065b2eb370,random,4,4,False,4,1.4341881538376506,next-5,pass
17,s17-test-14-5,e2b4517f3d2eb12f740221065b2eb370,information_gain,0,0,False,4,2.958045506872525,,
17,s17-test-14-5,e2b4517f3d2eb12f740221065b2eb370,information_gain,1,1,False,3,2.77560700335693,next-2,pass
17,s17-test-14-5,e2b4517f3d2eb12f740221065b2eb370,information_gain,2,2,False,3,2.623850962132439,next-4,pass
17,s17-test-14-5,e2b4517f3d2eb12f740221065b2eb370,information_gain,3,3,True,1,0.9324832312287569,next-8,fail
17,s17-test-14-5,e2b4517f3d2eb12f740221065b2eb370,information_gain,4,4,True,1,0.05423331866335798,next-0,fail
17,s17-test-14-5,e2b4517f3d2eb12f740221065b2eb370,random,0,0,False,4,2.958045506872525,,
17,s17-test-14-5,e2b4517f3d2eb12f740221065b2eb370,random,1,1,False,4,2.902017153094442,next-1,pass
17,s17-test-14-5,e2b4517f3d2eb12f740221065b2eb370,random,2,2,True,1,1.164805257973915,next-8,fail
17,s17-test-14-5,e2b4517f3d2eb12f740221065b2eb370,random,3,3,True,1,0.07161442244253775,next-7,fail
17,s17-test-14-5,e2b4517f3d2eb12f740221065b2eb370,random,4,4,True,1,0.06341749821463871,next-3,pass
17,s17-test-14-6,e2b4517f3d2eb12f740221065b2eb370,information_gain,0,0,False,7,1.2840099988847613,,
17,s17-test-14-6,e2b4517f3d2eb12f740221065b2eb370,information_gain,1,1,False,2,2.2391218757765396,next-6,fail
17,s17-test-14-6,e2b4517f3d2eb12f740221065b2eb370,information_gain,2,2,True,1,1.2403364233002585,next-3,fail
17,s17-test-14-6,e2b4517f3d2eb12f740221065b2eb370,information_gain,3,3,True,1,0.6309027792918419,next-1,pass
17,s17-test-14-6,e2b4517f3d2eb12f740221065b2eb370,information_gain,4,4,True,1,0.23999579834579374,next-9,fail
17,s17-test-14-6,e2b4517f3d2eb12f740221065b2eb370,random,0,0,False,7,1.2840099988847613,,
17,s17-test-14-6,e2b4517f3d2eb12f740221065b2eb370,random,1,1,False,5,1.0639240040093538,next-5,pass
17,s17-test-14-6,e2b4517f3d2eb12f740221065b2eb370,random,2,2,False,5,0.9476437075371955,next-7,pass
17,s17-test-14-6,e2b4517f3d2eb12f740221065b2eb370,random,3,3,False,4,0.8034433963290114,next-10,pass
17,s17-test-14-6,e2b4517f3d2eb12f740221065b2eb370,random,4,4,False,4,0.7995595807372073,next-2,pass
17,s17-test-14-7,e2b4517f3d2eb12f740221065b2eb370,information_gain,0,0,False,4,2.958045506872525,,
17,s17-test-14-7,e2b4517f3d2eb12f740221065b2eb370,information_gain,1,1,False,3,2.709446476854,next-3,pass
17,s17-test-14-7,e2b4517f3d2eb12f740221065b2eb370,information_gain,2,2,True,1,1.2235740268142623,next-7,fail
17,s17-test-14-7,e2b4517f3d2eb12f740221065b2eb370,information_gain,3,3,False,2,2.460236850622084,next-6,pass
17,s17-test-14-7,e2b4517f3d2eb12f740221065b2eb370,information_gain,4,4,True,1,2.4008010870559615,next-4,pass
17,s17-test-14-7,e2b4517f3d2eb12f740221065b2eb370,random,0,0,False,4,2.958045506872525,,
17,s17-test-14-7,e2b4517f3d2eb12f740221065b2eb370,random,1,1,False,4,2.844700962903233,next-0,pass
17,s17-test-14-7,e2b4517f3d2eb12f740221065b2eb370,random,2,2,False,3,2.7116344234551284,next-11,pass
17,s17-test-14-7,e2b4517f3d2eb12f740221065b2eb370,random,3,3,False,3,2.681625375176038,next-1,pass
17,s17-test-14-7,e2b4517f3d2eb12f740221065b2eb370,random,4,4,True,1,0.9560109433160527,next-9,fail
17,s17-test-14-8,e2b4517f3d2eb12f740221065b2eb370,information_gain,0,0,False,2,3.31907279380501,,
17,s17-test-14-8,e2b4517f3d2eb12f740221065b2eb370,information_gain,1,1,False,2,3.1300268121264487,next-1,pass
17,s17-test-14-8,e2b4517f3d2eb12f740221065b2eb370,information_gain,2,2,True,1,1.5567859352716351,next-2,fail
17,s17-test-14-8,e2b4517f3d2eb12f740221065b2eb370,information_gain,3,3,True,1,1.3304525803396416,next-5,pass
17,s17-test-14-8,e2b4517f3d2eb12f740221065b2eb370,information_gain,4,4,True,1,0.0908790429344812,next-4,fail
17,s17-test-14-8,e2b4517f3d2eb12f740221065b2eb370,random,0,0,False,2,3.31907279380501,,
17,s17-test-14-8,e2b4517f3d2eb12f740221065b2eb370,random,1,1,False,2,3.179201123518808,next-7,pass
17,s17-test-14-8,e2b4517f3d2eb12f740221065b2eb370,random,2,2,True,1,1.8865060228028425,next-6,fail
17,s17-test-14-8,e2b4517f3d2eb12f740221065b2eb370,random,3,3,True,1,1.7499950470943904,next-10,pass
17,s17-test-14-8,e2b4517f3d2eb12f740221065b2eb370,random,4,4,True,1,1.2429494697211476,next-5,pass
17,s17-test-14-9,e2b4517f3d2eb12f740221065b2eb370,information_gain,0,0,True,1,3.130514783452953,,
17,s17-test-14-9,e2b4517f3d2eb12f740221065b2eb370,information_gain,1,1,True,1,2.911666587387265,next-2,pass
17,s17-test-14-9,e2b4517f3d2eb12f740221065b2eb370,information_gain,2,2,True,1,2.6391745279484615,next-1,pass
17,s17-test-14-9,e2b4517f3d2eb12f740221065b2eb370,information_gain,3,3,True,1,2.4713439690067047,next-9,pass
17,s17-test-14-9,e2b4517f3d2eb12f740221065b2eb370,information_gain,4,4,True,1,2.369181554810426,next-4,pass
17,s17-test-14-9,e2b4517f3d2eb12f740221065b2eb370,random,0,0,True,1,3.130514783452953,,
17,s17-test-14-9,e2b4517f3d2eb12f740221065b2eb370,random,1,1,True,1,2.958045506872525,next-9,pass
17,s17-test-14-9,e2b4517f3d2eb12f740221065b2eb370,random,2,2,True,1,2.8224555253512653,next-7,pass
17,s17-test-14-9,e2b4517f3d2eb12f740221065b2eb370,random,3,3,True,1,2.7597701752677897,next-5,pass
17,s17-test-14-9,e2b4517f3d2eb12f740221065b2eb370,random,4,4,True,1,2.7574164778985586,next-10,pass
17,s17-test-14-10,e2b4517f3d2eb12f740221065b2eb370,information_gain,0,0,False,3,1.9262505925710982,,
17,s17-test-14-10,e2b4517f3d2eb12f740221065b2eb370,information_gain,1,1,False,2,3.156226762211442,next-1,pass
17,s17-test-14-10,e2b4517f3d2eb12f740221065b2eb370,information_gain,2,2,True,1,3.05256701321377,next-8,pass
17,s17-test-14-10,e2b4517f3d2eb12f740221065b2eb370,information_gain,3,3,True,1,2.807885796235493,next-0,pass
17,s17-test-14-10,e2b4517f3d2eb12f740221065b2eb370,information_gain,4,4,True,1,2.6187343926703828,next-6,pass
17,s17-test-14-10,e2b4517f3d2eb12f740221065b2eb370,random,0,0,False,3,1.9262505925710982,,
17,s17-test-14-10,e2b4517f3d2eb12f740221065b2eb370,random,1,1,False,3,1.8437247566979182,next-4,pass
17,s17-test-14-10,e2b4517f3d2eb12f740221065b2eb370,random,2,2,False,2,1.6305030148255033,next-7,pass
17,s17-test-14-10,e2b4517f3d2eb12f740221065b2eb370,random,3,3,True,1,3.036691000337435,next-1,pass
17,s17-test-14-10,e2b4517f3d2eb12f740221065b2eb370,random,4,4,True,1,2.92549821736903,next-3,pass
17,s17-test-14-11,e2b4517f3d2eb12f740221065b2eb370,information_gain,0,0,False,2,0.7502007571879766,,
17,s17-test-14-11,e2b4517f3d2eb12f740221065b2eb370,information_gain,1,1,False,2,1.6728222076915262,next-7,pass
17,s17-test-14-11,e2b4517f3d2eb12f740221065b2eb370,information_gain,2,2,True,1,1.4905902669133084,next-11,pass
17,s17-test-14-11,e2b4517f3d2eb12f740221065b2eb370,information_gain,3,3,True,1,0.12264860283200131,next-1,fail
17,s17-test-14-11,e2b4517f3d2eb12f740221065b2eb370,information_gain,4,4,True,1,0.03815410720766397,next-4,fail
17,s17-test-14-11,e2b4517f3d2eb12f740221065b2eb370,random,0,0,False,2,0.7502007571879766,,
17,s17-test-14-11,e2b4517f3d2eb12f740221065b2eb370,random,1,1,False,2,1.6728222076915262,next-7,pass
17,s17-test-14-11,e2b4517f3d2eb12f740221065b2eb370,random,2,2,False,2,1.0740222234135464,next-6,fail
17,s17-test-14-11,e2b4517f3d2eb12f740221065b2eb370,random,3,3,False,2,1.1294429312709897,next-10,fail
17,s17-test-14-11,e2b4517f3d2eb12f740221065b2eb370,random,4,4,False,2,1.12539709754452,next-2,pass
17,s17-test-15-0,51b1e4034db0985a89d528307014c0bf,information_gain,0,0,False,12,3.9694942289221484,,
17,s17-test-15-0,51b1e4034db0985a89d528307014c0bf,information_gain,1,1,False,3,2.4902144619704005,next-0,fail
17,s17-test-15-0,51b1e4034db0985a89d528307014c0bf,information_gain,2,2,False,2,1.175832182205091,next-4,fail
17,s17-test-15-0,51b1e4034db0985a89d528307014c0bf,information_gain,3,3,True,1,0.21037060769555174,next-9,fail
17,s17-test-15-0,51b1e4034db0985a89d528307014c0bf,information_gain,4,4,True,1,0.05045282763877628,next-2,pass
17,s17-test-15-0,51b1e4034db0985a89d528307014c0bf,random,0,0,False,12,3.9694942289221484,,
17,s17-test-15-0,51b1e4034db0985a89d528307014c0bf,random,1,1,False,11,3.8817777525555948,next-10,pass
17,s17-test-15-0,51b1e4034db0985a89d528307014c0bf,random,2,2,False,8,3.681537062178461,next-7,pass
17,s17-test-15-0,51b1e4034db0985a89d528307014c0bf,random,3,3,False,2,1.9399262343672963,next-4,fail
17,s17-test-15-0,51b1e4034db0985a89d528307014c0bf,random,4,4,False,2,1.8784512049924793,next-5,pass
17,s17-test-15-1,51b1e4034db0985a89d528307014c0bf,information_gain,0,0,True,1,3.9694942289221484,,
17,s17-test-15-1,51b1e4034db0985a89d528307014c0bf,information_gain,1,1,True,1,3.7511564843679355,next-2,pass
17,s17-test-15-1,51b1e4034db0985a89d528307014c0bf,information_gain,2,2,True,1,3.608762843975094,next-10,pass
17,s17-test-15-1,51b1e4034db0985a89d528307014c0bf,information_gain,3,3,False,3,1.8803445186256555,next-3,fail
17,s17-test-15-1,51b1e4034db0985a89d528307014c0bf,information_gain,4,4,False,3,1.8079834085890516,next-1,pass
17,s17-test-15-1,51b1e4034db0985a89d528307014c0bf,random,0,0,True,1,3.9694942289221484,,
17,s17-test-15-1,51b1e4034db0985a89d528307014c0bf,random,1,1,True,1,3.8817777525555948,next-1,pass
17,s17-test-15-1,51b1e4034db0985a89d528307014c0bf,random,2,2,True,1,3.7511564843679355,next-10,pass
17,s17-test-15-1,51b1e4034db0985a89d528307014c0bf,random,3,3,True,1,3.648551913274998,next-0,pass
17,s17-test-15-1,51b1e4034db0985a89d528307014c0bf,random,4,4,True,1,3.418458716750846,next-2,pass
17,s17-test-15-2,51b1e4034db0985a89d528307014c0bf,information_gain,0,0,False,10,3.909423516482399,,
17,s17-test-15-2,51b1e4034db0985a89d528307014c0bf,information_gain,1,1,False,8,3.7511564843679355,next-9,pass
17,s17-test-15-2,51b1e4034db0985a89d528307014c0bf,information_gain,2,2,False,7,3.641529907481337,next-0,pass
17,s17-test-15-2,51b1e4034db0985a89d528307014c0bf,information_gain,3,3,False,7,3.5305073506463875,next-11,pass
17,s17-test-15-2,51b1e4034db0985a89d528307014c0bf,information_gain,4,4,False,6,3.410223832530869,next-7,pass
17,s17-test-15-2,51b1e4034db0985a89d528307014c0bf,random,0,0,False,10,3.909423516482399,,
17,s17-test-15-2,51b1e4034db0985a89d528307014c0bf,random,1,1,True,1,2.4672098596295484,next-10,fail
17,s17-test-15-2,51b1e4034db0985a89d528307014c0bf,random,2,2,True,1,2.399513395026333,next-2,pass
17,s17-test-15-2,51b1e4034db0985a89d528307014c0bf,random,3,3,True,1,2.084776862745038,next-9,pass
17,s17-test-15-2,51b1e4034db0985a89d528307014c0bf,random,4,4,True,1,1.748755441554716,next-0,pass
17,s17-test-15-3,51b1e4034db0985a89d528307014c0bf,information_gain,0,0,False,2,3.909423516482399,,
17,s17-test-15-3,51b1e4034db0985a89d528307014c0bf,information_gain,1,1,False,2,3.681537062178461,next-5,pass
17,s17-test-15-3,51b1e4034db0985a89d528307014c0bf,information_gain,2,2,False,2,3.4951410520895085,next-2,pass
17,s17-test-15-3,51b1e4034db0985a89d528307014c0bf,information_gain,3,3,False,2,3.3260356902493,next-7,pass
17,s17-test-15-3,51b1e4034db0985a89d528307014c0bf,information_gain,4,4,True,1,1.92085220008958,next-11,fail
17,s17-test-15-3,51b1e4034db0985a89d528307014c0bf,random,0,0,False,2,3.909423516482399,,
17,s17-test-15-3,51b1e4034db0985a89d528307014c0bf,random,1,1,False,2,3.8469458572961566,next-0,pass
17,s17-test-15-3,51b1e4034db0985a89d528307014c0bf,random,2,2,True,1,1.974122916782042,next-10,fail
17,s17-test-15-3,51b1e4034db0985a89d528307014c0bf,random,3,3,True,1,1.783706573641592,next-2,pass
17,s17-test-15-3,51b1e4034db0985a89d528307014c0bf,random,4,4,True,1,1.6559443866870935,next-4,pass
17,s17-test-15-4,51b1e4034db0985a89d528307014c0bf,information_gain,0,0,False,13,3.8178354776012466,,
17,s17-test-15-4,51b1e4034db0985a89d528307014c0bf,information_gain,1,1,False,9,3.532615171895133,next-9,pass
17,s17-test-15-4,51b1e4034db0985a89d528307014c0bf,information_gain,2,2,False,7,3.3260356902493,next-1,pass
17,s17-test-15-4,51b1e4034db0985a89d528307014c0bf,information_gain,3,3,False,6,3.176661242859311,next-3,pass
17,s17-test-15-4,51b1e4034db0985a89d528307014c0bf,information_gain,4,4,False,6,3.0756095874804235,next-4,pass
17,s17-test-15-4,51b1e4034db0985a89d528307014c0bf,random,0,0,False,13,3.8178354776012466,,
17,s17-test-15-4,51b1e4034db0985a89d528307014c0bf,random,1,1,False,12,3.7511564843679355,next-2,pass
17,s17-test-15-4,51b1e4034db0985a89d528307014c0bf,random,2,2,False,11,3.648551913274998,next-6,pass
17,s17-test-15-4,51b1e4034db0985a89d528307014c0bf,random,3,3,False,11,3.574074772989249,next-4,pass
17,s17-test-15-4,51b1e4034db0985a89d528307014c0bf,random,4,4,False,10,3.494317401153409,next-10,pass
17,s17-test-15-5,51b1e4034db0985a89d528307014c0bf,information_gain,0,0,False,6,3.909423516482399,,
17,s17-test-15-5,51b1e4034db0985a89d528307014c0bf,information_gain,1,1,False,2,2.3224872942229084,next-6,fail
17,s17-test-15-5,51b1e4034db0985a89d528307014c0bf,information_gain,2,2,True,1,1.1561839380002021,next-7,fail
17,s17-test-15-5,51b1e4034db0985a89d528307014c0bf,information_gain,3,3,True,1,0.19966590104004167,next-9,fail
17,s17-test-15-5,51b1e4034db0985a89d528307014c0bf,information_gain,4,4,True,1,0.19139100001248488,next-0,pass
17,s17-test-15-5,51b1e4034db0985a89d528307014c0bf,random,0,0,False,6,3.909423516482399,,
17,s17-test-15-5,51b1e4034db0985a89d528307014c0bf,random,1,1,False,5,3.781894097354547,next-0,pass
17,s17-test-15-5,51b1e4034db0985a89d528307014c0bf,random,2,2,False,5,3.720038026192015,next-2,pass
17,s17-test-15-5,51b1e4034db0985a89d528307014c0bf,random,3,3,False,3,3.573674882948601,next-4,pass
17,s17-test-15-5,51b1e4034db0985a89d528307014c0bf,random,4,4,False,3,3.5019888321975476,next-8,pass
17,s17-test-15-6,51b1e4034db0985a89d528307014c0bf,information_gain,0,0,False,6,3.909423516482399,,
17,s17-test-15-6,51b1e4034db0985a89d528307014c0bf,information_gain,1,1,False,4,3.681537062178461,next-9,pass
17,s17-test-15-6,51b1e4034db0985a89d528307014c0bf,information_gain,2,2,False,4,3.4951410520895085,next-10,pass
17,s17-test-15-6,51b1e4034db0985a89d528307014c0bf,information_gain,3,3,True,1,1.8079834085890516,next-11,fail
17,s17-test-15-6,51b1e4034db0985a89d528307014c0bf,information_gain,4,4,True,1,0.3050540434450781,next-7,fail
17,s17-test-15-6,51b1e4034db0985a89d528307014c0bf,random,0,0,False,6,3.909423516482399,,
17,s17-test-15-6,51b1e4034db0985a89d528307014c0bf,random,1,1,True,1,2.2733103765423364,next-5,fail
17,s17-test-15-6,51b1e4034db0985a89d528307014c0bf,random,2,2,True,1,0.3462861223927191,next-7,fail
17,s17-test-15-6,51b1e4034db0985a89d528307014c0bf,random,3,3,True,1,0.33079455696448257,next-2,pass
17,s17-test-15-6,51b1e4034db0985a89d528307014c0bf,random,4,4,True,1,0.025650788235538697,next-11,fail
17,s17-test-15-7,51b1e4034db0985a89d528307014c0bf,information_gain,0,0,True,1,3.781894097354547,,
17,s17-test-15-7,51b1e4034db0985a89d528307014c0bf,information_gain,1,1,True,1,3.532615171895133,next-8,pass
17,s17-test-15-7,51b1e4034db0985a89d528307014c0bf,information_gain,2,2,True,1,3.3718114367106313,next-11,pass
17,s17-test-15-7,51b1e4034db0985a89d528307014c0bf,information_gain,3,3,True,1,3.2273096724989054,next-5,pass
17,s17-test-15-7,51b1e4034db0985a89d528307014c0bf,information_gain,4,4,True,1,3.077481218208375,next-9,pass
17,s17-test-15-7,51b1e4034db0985a89d528307014c0bf,random,0,0,True,1,3.781894097354547,,
17,s17-test-15-7,51b1e4034db0985a89d528307014c0bf,random,1,1,False,2,1.8891549118079918,next-4,fail
17,s17-test-15-7,51b1e4034db0985a89d528307014c0bf,random,2,2,False,2,1.83691540566465,next-1,pass
17,s17-test-15-7,51b1e4034db0985a89d528307014c0bf,random,3,3,False,2,1.7448287317214726,next-0,pass
17,s17-test-15-7,51b1e4034db0985a89d528307014c0bf,random,4,4,False,2,1.4594888595992035,next-5,pass
17,s17-test-15-8,51b1e4034db0985a89d528307014c0bf,information_gain,0,0,True,1,2.232146564503735,,
17,s17-test-15-8,51b1e4034db0985a89d528307014c0bf,information_gain,1,1,True,1,2.1989368564083316,next-5,pass
17,s17-test-15-8,51b1e4034db0985a89d528307014c0bf,information_gain,2,2,True,1,0.23186248483227126,next-1,fail
17,s17-test-15-8,51b1e4034db0985a89d528307014c0bf,information_gain,3,3,True,1,0.04385409760110416,next-9,fail
17,s17-test-15-8,51b1e4034db0985a89d528307014c0bf,information_gain,4,4,True,1,0.041883502506737294,next-3,pass
17,s17-test-15-8,51b1e4034db0985a89d528307014c0bf,random,0,0,True,1,2.232146564503735,,
17,s17-test-15-8,51b1e4034db0985a89d528307014c0bf,random,1,1,True,1,2.1674277671108344,next-8,pass
17,s17-test-15-8,51b1e4034db0985a89d528307014c0bf,random,2,2,True,1,1.9983921951191788,next-7,pass
17,s17-test-15-8,51b1e4034db0985a89d528307014c0bf,random,3,3,True,1,1.862405351977769,next-5,pass
17,s17-test-15-8,51b1e4034db0985a89d528307014c0bf,random,4,4,True,1,1.758529721823391,next-10,pass
17,s17-test-15-9,51b1e4034db0985a89d528307014c0bf,information_gain,0,0,False,5,3.78838496538748,,
17,s17-test-15-9,51b1e4034db0985a89d528307014c0bf,information_gain,1,1,False,5,3.615127809079981,next-11,pass
17,s17-test-15-9,51b1e4034db0985a89d528307014c0bf,information_gain,2,2,False,5,3.4570938895671945,next-1,pass
17,s17-test-15-9,51b1e4034db0985a89d528307014c0bf,information_gain,3,3,True,1,1.7963261011763074,next-3,fail
17,s17-test-15-9,51b1e4034db0985a89d528307014c0bf,information_gain,4,4,True,1,1.7410035032839384,next-4,pass
17,s17-test-15-9,51b1e4034db0985a89d528307014c0bf,random,0,0,False,5,3.78838496538748,,
17,s17-test-15-9,51b1e4034db0985a89d528307014c0bf,random,1,1,False,5,3.720038026192015,next-2,pass
17,s17-test-15-9,51b1e4034db0985a89d528307014c0bf,random,2,2,False,5,3.573674882948601,next-1,pass
17,s17-test-15-9,51b1e4034db0985a89d528307014c0bf,random,3,3,False,5,3.5305073506463875,next-7,pass
17,s17-test-15-9,51b1e4034db0985a89d528307014c0bf,random,4,4,False,5,3.4408178618607774,next-5,pass
17,s17-test-15-10,51b1e4034db0985a89d528307014c0bf,information_gain,0,0,False,7,3.909423516482399,,
17,s17-test-15-10,51b1e4034db0985a89d528307014c0bf,information_gain,1,1,False,5,3.681537062178461,next-8,pass
17,s17-test-15-10,51b1e4034db0985a89d528307014c0bf,information_gain,2,2,False,4,3.4951410520895085,next-5,pass
17,s17-test-15-10,51b1e4034db0985a89d528307014c0bf,information_gain,3,3,True,1,1.9059525569498472,next-7,fail
17,s17-test-15-10,51b1e4034db0985a89d528307014c0bf,information_gain,4,4,True,1,1.619251183589291,next-2,pass
17,s17-test-15-10,51b1e4034db0985a89d528307014c0bf,random,0,0,False,7,3.909423516482399,,
17,s17-test-15-10,51b1e4034db0985a89d528307014c0bf,random,1,1,False,7,3.8817777525555948,next-4,pass
17,s17-test-15-10,51b1e4034db0985a89d528307014c0bf,random,2,2,False,6,3.78838496538748,next-3,pass
17,s17-test-15-10,51b1e4034db0985a89d528307014c0bf,random,3,3,False,6,3.728436323722657,next-6,pass
17,s17-test-15-10,51b1e4034db0985a89d528307014c0bf,random,4,4,False,5,3.5740747729892486,next-5,pass
17,s17-test-15-11,51b1e4034db0985a89d528307014c0bf,information_gain,0,0,True,1,2.4393804987308414,,
17,s17-test-15-11,51b1e4034db0985a89d528307014c0bf,information_gain,1,1,True,1,0.6824610904576979,next-1,fail
17,s17-test-15-11,51b1e4034db0985a89d528307014c0bf,information_gain,2,2,True,1,0.03673097122334203,next-0,fail
17,s17-test-15-11,51b1e4034db0985a89d528307014c0bf,information_gain,3,3,True,1,0.020229106509572537,next-5,pass
17,s17-test-15-11,51b1e4034db0985a89d528307014c0bf,information_gain,4,4,True,1,0.0709997566798806,next-8,fail
17,s17-test-15-11,51b1e4034db0985a89d528307014c0bf,random,0,0,True,1,2.4393804987308414,,
17,s17-test-15-11,51b1e4034db0985a89d528307014c0bf,random,1,1,True,1,0.6824610904576979,next-1,fail
17,s17-test-15-11,51b1e4034db0985a89d528307014c0bf,random,2,2,True,1,0.6741814893169527,next-3,pass
17,s17-test-15-11,51b1e4034db0985a89d528307014c0bf,random,3,3,True,1,0.4049189927952325,next-5,pass
17,s17-test-15-11,51b1e4034db0985a89d528307014c0bf,random,4,4,True,1,0.3960676516423513,next-6,pass
17,s17-test-16-0,3cc187b42aa3d9e6cdae3ea983ce0ef3,information_gain,0,0,False,3,2.91077518408985,,
17,s17-test-16-0,3cc187b42aa3d9e6cdae3ea983ce0ef3,information_gain,1,1,False,3,2.592409090989931,next-11,pass
17,s17-test-16-0,3cc187b42aa3d9e6cdae3ea983ce0ef3,information_gain,2,2,False,2,2.3410417814494737,next-0,pass
17,s17-test-16-0,3cc187b42aa3d9e6cdae3ea983ce0ef3,information_gain,3,3,True,1,0.669723586777192,next-10,fail
17,s17-test-16-0,3cc187b42aa3d9e6cdae3ea983ce0ef3,information_gain,4,4,True,1,0.036577588372824696,next-2,fail
17,s17-test-16-0,3cc187b42aa3d9e6cdae3ea983ce0ef3,random,0,0,False,3,2.91077518408985,,
17,s17-test-16-0,3cc187b42aa3d9e6cdae3ea983ce0ef3,random,1,1,False,3,2.724117606111587,next-8,pass
17,s17-test-16-0,3cc187b42aa3d9e6cdae3ea983ce0ef3,random,2,2,False,3,2.4928112814933665,next-11,pass
17,s17-test-16-0,3cc187b42aa3d9e6cdae3ea983ce0ef3,random,3,3,False,2,2.3410417814494737,next-1,pass
17,s17-test-16-0,3cc187b42aa3d9e6cdae3ea983ce0ef3,random,4,4,True,1,0.6697235867771918,next-3,fail
17,s17-test-16-1,3cc187b42aa3d9e6cdae3ea983ce0ef3,information_gain,0,0,False,5,2.7931948797283472,,
17,s17-test-16-1,3cc187b42aa3d9e6cdae3ea983ce0ef3,information_gain,1,1,False,3,2.457801866220626,next-5,pass
17,s17-test-16-1,3cc187b42aa3d9e6cdae3ea983ce0ef3,information_gain,2,2,False,2,2.217913919498024,next-7,pass
17,s17-test-16-1,3cc187b42aa3d9e6cdae3ea983ce0ef3,information_gain,3,3,False,2,1.8368351063149357,next-2,pass
17,s17-test-16-1,3cc187b42aa3d9e6cdae3ea983ce0ef3,information_gain,4,4,False,2,1.6622066217169258,next-8,pass
17,s17-test-16-1,3cc187b42aa3d9e6cdae3ea983ce0ef3,random,0,0,False,5,2.7931948797283472,,
17,s17-test-16-1,3cc187b42aa3d9e6cdae3ea983ce0ef3,random,1,1,False,4,2.592409090989931,next-11,pass
17,s17-test-16-1,3cc187b42aa3d9e6cdae3ea983ce0ef3,random,2,2,False,3,2.362605255166556,next-7,pass
17,s17-test-16-1,3cc187b42aa3d9e6cdae3ea983ce0ef3,random,3,3,False,3,2.2633244857619754,next-10,pass
17,s17-test-16-1,3cc187b42aa3d9e6cdae3ea983ce0ef3,random,4,4,False,3,2.1364765194569046,next-6,pass
17,s17-test-16-2,3cc187b42aa3d9e6cdae3ea983ce0ef3,information_gain,0,0,False,4,2.91077518408985,,
17,s17-test-16-2,3cc187b42aa3d9e6cdae3ea983ce0ef3,information_gain,1,1,False,2,1.6636863404248434,next-5,fail
17,s17-test-16-2,3cc187b42aa3d9e6cdae3ea983ce0ef3,information_gain,2,2,False,3,1.436103555982952,next-2,pass
17,s17-test-16-2,3cc187b42aa3d9e6cdae3ea983ce0ef3,information_gain,3,3,False,2,1.0699019049737306,next-1,pass
17,s17-test-16-2,3cc187b42aa3d9e6cdae3ea983ce0ef3,information_gain,4,4,False,2,0.956785121150879,next-9,pass
17,s17-test-16-2,3cc187b42aa3d9e6cdae3ea983ce0ef3,random,0,0,False,4,2.91077518408985,,
17,s17-test-16-2,3cc187b42aa3d9e6cdae3ea983ce0ef3,random,1,1,False,4,2.7931948797283472,next-0,pass
17,s17-test-16-2,3cc187b42aa3d9e6cdae3ea983ce0ef3,random,2,2,False,4,2.70889677333269,next-4,pass
17,s17-test-16-2,3cc187b42aa3d9e6cdae3ea983ce0ef3,random,3,3,False,4,2.5748134992333376,next-9,pass
17,s17-test-16-2,3cc187b42aa3d9e6cdae3ea983ce0ef3,random,4,4,False,4,2.474618440201409,next-6,pass
17,s17-test-16-3,3cc187b42aa3d9e6cdae3ea983ce0ef3,information_gain,0,0,False,3,3.127915196838905,,
17,s17-test-16-3,3cc187b42aa3d9e6cdae3ea983ce0ef3,information_gain,1,1,False,3,2.7931948797283472,next-3,pass
17,s17-test-16-3,3cc187b42aa3d9e6cdae3ea983ce0ef3,information_gain,2,2,False,3,2.510918766901065,next-7,pass
17,s17-test-16-3,3cc187b42aa3d9e6cdae3ea983ce0ef3,information_gain,3,3,True,1,0.8001621114984331,next-8,fail
17,s17-test-16-3,3cc187b42aa3d9e6cdae3ea983ce0ef3,information_gain,4,4,True,1,0.045000306801375824,next-6,fail
17,s17-test-16-3,3cc187b42aa3d9e6cdae3ea983ce0ef3,random,0,0,False,3,3.127915196838905,,
17,s17-test-16-3,3cc187b42aa3d9e6cdae3ea983ce0ef3,random,1,1,False,3,2.91077518408985,next-1,pass
17,s17-test-16-3,3cc187b42aa3d9e6cdae3ea983ce0ef3,random,2,2,True,1,1.082553242835072,next-8,fail
17,s17-test-16-3,3cc187b42aa3d9e6cdae3ea983ce0ef3,random,3,3,True,1,0.8948628272639977,next-10,pass
17,s17-test-16-3,3cc187b42aa3d9e6cdae3ea983ce0ef3,random,4,4,True,1,1.5395880227204346,next-9,fail
17,s17-test-16-4,3cc187b42aa3d9e6cdae3ea983ce0ef3,information_gain,0,0,True,1,1.5755797455415366,,
17,s17-test-16-4,3cc187b42aa3d9e6cdae3ea983ce0ef3,information_gain,1,1,True,1,0.25175189495845346,next-1,fail
17,s17-test-16-4,3cc187b42aa3d9e6cdae3ea983ce0ef3,information_gain,2,2,True,1,0.012903720218227992,next-5,fail
17,s17-test-16-4,3cc187b42aa3d9e6cdae3ea983ce0ef3,information_gain,3,3,True,1,0.01029706784250058,next-7,fail
17,s17-test-16-4,3cc187b42aa3d9e6cdae3ea983ce0ef3,information_gain,4,4,True,1,0.009927739208900077,next-0,pass
17,s17-test-16-4,3cc187b42aa3d9e6cdae3ea983ce0ef3,random,0,0,True,1,1.5755797455415366,,
17,s17-test-16-4,3cc187b42aa3d9e6cdae3ea983ce0ef3,random,1,1,True,1,1.508889544841695,next-4,pass
17,s17-test-16-4,3cc187b42aa3d9e6cdae3ea983ce0ef3,random,2,2,True,1,0.24388260842928955,next-1,fail
17,s17-test-16-4,3cc187b42aa3d9e6cdae3ea983ce0ef3,random,3,3,True,1,0.23036828657935607,next-0,pass
17,s17-test-16-4,3cc187b42aa3d9e6cdae3ea983ce0ef3,random,4,4,True,1,0.011965722300341408,next-5,fail
17,s17-test-16-5,3cc187b42aa3d9e6cdae3ea983ce0ef3,information_gain,0,0,True,1,2.6711702602021177,,
17,s17-test-16-5,3cc187b42aa3d9e6cdae3ea983ce0ef3,information_gain,1,1,True,1,2.436967424115443,next-6,pass
17,s17-test-16-5,3cc187b42aa3d9e6cdae3ea983ce0ef3,information_gain,2,2,True,1,2.1913013616646535,next-11,pass
17,s17-test-16-5,3cc187b42aa3d9e6cdae3ea983ce0ef3,information_gain,3,3,True,1,2.078227990270956,next-0,pass
17,s17-test-16-5,3cc187b42aa3d9e6cdae3ea983ce0ef3,information_gain,4,4,True,1,1.889296381367516,next-9,pass
17,s17-test-16-5,3cc187b42aa3d9e6cdae3ea983ce0ef3,random,0,0,True,1,2.6711702602021177,,
17,s17-test-16-5,3cc187b42aa3d9e6cdae3ea983ce0ef3,random,1,1,True,1,2.5491938563629515,next-0,pass
17,s17-test-16-5,3cc187b42aa3d9e6cdae3ea983ce0ef3,random,2,2,True,1,2.4400493233199136,next-2,pass
17,s17-test-16-5,3cc187b42aa3d9e6cdae3ea983ce0ef3,random,3,3,True,1,2.2523547183647,next-9,pass
17,s17-test-16-5,3cc187b42aa3d9e6cdae3ea983ce0ef3,random,4,4,True,1,2.112828533362615,next-4,pass
17,s17-test-16-6,3cc187b42aa3d9e6cdae3ea983ce0ef3,information_gain,0,0,False,6,3.1772030710643673,,
17,s17-test-16-6,3cc187b42aa3d9e6cdae3ea983ce0ef3,information_gain,1,1,True,1,1.7997088945322146,next-11,fail
17,s17-test-16-6,3cc187b42aa3d9e6cdae3ea983ce0ef3,information_gain,2,2,False,3,0.7079169877682499,next-4,fail
17,s17-test-16-6,3cc187b42aa3d9e6cdae3ea983ce0ef3,information_gain,3,3,False,2,1.2403544757085334,next-8,fail
17,s17-test-16-6,3cc187b42aa3d9e6cdae3ea983ce0ef3,information_gain,4,4,False,2,0.860293025352821,next-9,pass
17,s17-test-16-6,3cc187b42aa3d9e6cdae3ea983ce0ef3,random,0,0,False,6,3.1772030710643673,,
17,s17-test-16-6,3cc187b42aa3d9e6cdae3ea983ce0ef3,random,1,1,False,6,3.077621571463865,next-2,pass
17,s17-test-16-6,3cc187b42aa3d9e6cdae3ea983ce0ef3,random,2,2,False,5,2.9671131510256994,next-0,pass
17,s17-test-16-6,3cc187b42aa3d9e6cdae3ea983ce0ef3,random,3,3,False,5,2.835908005285803,next-9,pass
17,s17-test-16-6,3cc187b42aa3d9e6cdae3ea983ce0ef3,random,4,4,False,7,2.7246951987892674,next-4,fail
17,s17-test-16-7,3cc187b42aa3d9e6cdae3ea983ce0ef3,information_gain,0,0,True,1,1.4538727642971754,,
17,s17-test-16-7,3cc187b42aa3d9e6cdae3ea983ce0ef3,information_gain,1,1,True,1,0.10018812472125356,next-3,fail
17,s17-test-16-7,3cc187b42aa3d9e6cdae3ea983ce0ef3,information_gain,2,2,True,1,0.005747862066876769,next-6,fail
17,s17-test-16-7,3cc187b42aa3d9e6cdae3ea983ce0ef3,information_gain,3,3,True,1,0.002061567381018753,next-1,fail
17,s17-test-16-7,3cc187b42aa3d9e6cdae3ea983ce0ef3,information_gain,4,4,True,1,0.0007770116737257314,next-10,pass
17,s17-test-16-7,3cc187b42aa3d9e6cdae3ea983ce0ef3,random,0,0,True,1,1.4538727642971754,,
17,s17-test-16-7,3cc187b42aa3d9e6cdae3ea983ce0ef3,random,1,1,True,1,1.2514471667411937,next-11,pass
17,s17-test-16-7,3cc187b42aa3d9e6cdae3ea983ce0ef3,random,2,2,True,1,0.28677959310547707,next-1,fail
17,s17-test-16-7,3cc187b42aa3d9e6cdae3ea983ce0ef3,random,3,3,True,1,0.139200207550966,next-0,pass
17,s17-test-16-7,3cc187b42aa3d9e6cdae3ea983ce0ef3,random,4,4,True,1,0.1379435552904062,next-5,pass
17,s17-test-16-8,3cc187b42aa3d9e6cdae3ea983ce0ef3,information_gain,0,0,False,7,2.9671131510256994,,
17,s17-test-16-8,3cc187b42aa3d9e6cdae3ea983ce0ef3,information_gain,1,1,False,4,2.592409090989931,next-10,pass
17,s17-test-16-8,3cc187b42aa3d9e6cdae3ea983ce0ef3,information_gain,2,2,False,3,2.2633244857619754,next-2,pass
17,s17-test-16-8,3cc187b42aa3d9e6cdae3ea983ce0ef3,information_gain,3,3,False,2,2.0978702658036084,next-4,pass
17,s17-test-16-8,3cc187b42aa3d9e6cdae3ea983ce0ef3,information_gain,4,4,False,2,1.8062418944280494,next-0,pass
17,s17-test-16-8,3cc187b42aa3d9e6cdae3ea983ce0ef3,random,0,0,False,7,2.9671131510256994,,
17,s17-test-16-8,3cc187b42aa3d9e6cdae3ea983ce0ef3,random,1,1,False,4,2.592409090989931,next-10,pass
17,s17-test-16-8,3cc187b42aa3d9e6cdae3ea983ce0ef3,random,2,2,False,3,2.457801866220626,next-4,pass
17,s17-test-16-8,3cc187b42aa3d9e6cdae3ea983ce0ef3,random,3,3,False,3,2.362605255166556,next-1,pass
17,s17-test-16-8,3cc187b42aa3d9e6cdae3ea983ce0ef3,random,4,4,False,3,2.7707713103961304,next-9,fail
17,s17-test-16-9,3cc187b42aa3d9e6cdae3ea983ce0ef3,information_gain,0,0,False,4,2.91077518408985,,
17,s17-test-16-9,3cc187b42aa3d9e6cdae3ea983ce0ef3,information_gain,1,1,False,2,1.6636863404248434,next-1,fail
17,s17-test-16-9,3cc187b42aa3d9e6cdae3ea983ce0ef3,information_gain,2,2,True,1,0.32365304547828805,next-9,fail
17,s17-test-16-9,3cc187b42aa3d9e6cdae3ea983ce0ef3,information_gain,3,3,True,1,0.05767915504784857,next-10,fail
17,s17-test-16-9,3cc187b42aa3d9e6cdae3ea983ce0ef3,information_gain,4,4,True,1,0.02119203761254811,next-4,pass
17,s17-test-16-9,3cc187b42aa3d9e6cdae3ea983ce0ef3,random,0,0,False,4,2.91077518408985,,
17,s17-test-16-9,3cc187b42aa3d9e6cdae3ea983ce0ef3,random,1,1,False,2,1.6636863404248434,next-10,fail
17,s17-test-16-9,3cc187b42aa3d9e6cdae3ea983ce0ef3,random,2,2,True,1,1.284392046783973,next-4,pass
17,s17-test-16-9,3cc187b42aa3d9e6cdae3ea983ce0ef3,random,3,3,True,1,0.35739921013975734,next-1,fail
17,s17-test-16-9,3cc187b42aa3d9e6cdae3ea983ce0ef3,random,4,4,True,1,0.35620077636424485,next-11,pass
17,s17-test-16-10,3cc187b42aa3d9e6cdae3ea983ce0ef3,information_gain,0,0,False,4,3.227401189625092,,
17,s17-test-16-10,3cc187b42aa3d9e6cdae3ea983ce0ef3,information_gain,1,1,False,2,1.977224895186864,next-10,fail
17,s17-test-16-10,3cc187b42aa3d9e6cdae3ea983ce0ef3,information_gain,2,2,False,3,0.5771775293738776,next-6,fail
17,s17-test-16-10,3cc187b42aa3d9e6cdae3ea983ce0ef3,information_gain,3,3,False,2,1.6656264079074805,next-0,fail
17,s17-test-16-10,3cc187b42aa3d9e6cdae3ea983ce0ef3,information_gain,4,4,False,3,1.370253035288961,next-3,pass
17,s17-test-16-10,3cc187b42aa3d9e6cdae3ea983ce0ef3,random,0,0,False,4,3.227401189625092,,
17,s17-test-16-10,3cc187b42aa3d9e6cdae3ea983ce0ef3,random,1,1,False,2,1.977224895186864,next-10,fail
17,s17-test-16-10,3cc187b42aa3d9e6cdae3ea983ce0ef3,random,2,2,False,2,1.9304412790494452,next-11,pass
17,s17-test-16-10,3cc187b42aa3d9e6cdae3ea983ce0ef3,random,3,3,False,2,1.8727047827204713,next-8,pass
17,s17-test-16-10,3cc187b42aa3d9e6cdae3ea983ce0ef3,random,4,4,False,2,1.815483276567387,next-2,pass
17,s17-test-16-11,3cc187b42aa3d9e6cdae3ea983ce0ef3,information_gain,0,0,False,4,2.7473547284092366,,
17,s17-test-16-11,3cc187b42aa3d9e6cdae3ea983ce0ef3,information_gain,1,1,False,3,2.457801866220626,next-11,pass
17,s17-test-16-11,3cc187b42aa3d9e6cdae3ea983ce0ef3,information_gain,2,2,False,2,2.30630350260367,next-10,pass
17,s17-test-16-11,3cc187b42aa3d9e6cdae3ea983ce0ef3,information_gain,3,3,False,2,2.0420088318210903,next-7,pass
17,s17-test-16-11,3cc187b42aa3d9e6cdae3ea983ce0ef3,information_gain,4,4,False,2,1.7699436971405396,next-2,pass
17,s17-test-16-11,3cc187b42aa3d9e6cdae3ea983ce0ef3,random,0,0,False,4,2.7473547284092366,,
17,s17-test-16-11,3cc187b42aa3d9e6cdae3ea983ce0ef3,random,1,1,False,3,2.637034907894529,next-4,pass
17,s17-test-16-11,3cc187b42aa3d9e6cdae3ea983ce0ef3,random,2,2,False,3,2.362605255166556,next-2,pass
17,s17-test-16-11,3cc187b42aa3d9e6cdae3ea983ce0ef3,random,3,3,False,3,2.240982735651894,next-8,pass
17,s17-test-16-11,3cc187b42aa3d9e6cdae3ea983ce0ef3,random,4,4,False,3,2.002959279055621,next-7,pass
17,s17-test-17-0,3fbdf7478046b80daf36744e850918a3,information_gain,0,0,False,3,3.822423037946085,,
17,s17-test-17-0,3fbdf7478046b80daf36744e850918a3,information_gain,1,1,False,2,2.397494914994893,next-11,fail
17,s17-test-17-0,3fbdf7478046b80daf36744e850918a3,information_gain,2,2,True,1,1.398523706683299,next-8,fail
17,s17-test-17-0,3fbdf7478046b80daf36744e850918a3,information_gain,3,3,True,1,1.125278910629235,next-5,pass
17,s17-test-17-0,3fbdf7478046b80daf36744e850918a3,information_gain,4,4,True,1,0.4898575727733706,next-7,pass
17,s17-test-17-0,3fbdf7478046b80daf36744e850918a3,random,0,0,False,3,3.822423037946085,,
17,s17-test-17-0,3fbdf7478046b80daf36744e850918a3,random,1,1,False,3,3.792798613193286,next-9,pass
17,s17-test-17-0,3fbdf7478046b80daf36744e850918a3,random,2,2,False,3,3.7249346755066606,next-3,pass
17,s17-test-17-0,3fbdf7478046b80daf36744e850918a3,random,3,3,False,3,3.6203781647451647,next-4,pass
17,s17-test-17-0,3fbdf7478046b80daf36744e850918a3,random,4,4,False,3,3.463832269970374,next-10,pass
17,s17-test-17-1,3fbdf7478046b80daf36744e850918a3,information_gain,0,0,False,4,3.7628218269148612,,
17,s17-test-17-1,3fbdf7478046b80daf36744e850918a3,information_gain,1,1,True,1,2.250682237911668,next-10,fail
17,s17-test-17-1,3fbdf7478046b80daf36744e850918a3,information_gain,2,2,True,1,0.49513332688521955,next-1,fail
17,s17-test-17-1,3fbdf7478046b80daf36744e850918a3,information_gain,3,3,True,1,0.0257899704626364,next-4,fail
17,s17-test-17-1,3fbdf7478046b80daf36744e850918a3,information_gain,4,4,True,1,0.025043125661655632,next-0,pass
17,s17-test-17-1,3fbdf7478046b80daf36744e850918a3,random,0,0,False,4,3.7628218269148612,,
17,s17-test-17-1,3fbdf7478046b80daf36744e850918a3,random,1,1,False,3,3.5862745941212455,next-8,pass
17,s17-test-17-1,3fbdf7478046b80daf36744e850918a3,random,2,2,False,3,3.50764791193145,next-9,pass
17,s17-test-17-1,3fbdf7478046b80daf36744e850918a3,random,3,3,True,1,2.1114571369786237,next-10,fail
17,s17-test-17-1,3fbdf7478046b80daf36744e850918a3,random,4,4,True,1,2.056707926600954,next-7,pass
17,s17-test-17-2,3fbdf7478046b80daf36744e850918a3,information_gain,0,0,False,2,2.0483783371146624,,
17,s17-test-17-2,3fbdf7478046b80daf36744e850918a3,information_gain,1,1,True,1,1.9360605810580533,next-8,pass
17,s17-test-17-2,3fbdf7478046b80daf36744e850918a3,information_gain,2,2,True,1,1.6356751338028273,next-0,pass
17,s17-test-17-2,3fbdf7478046b80daf36744e850918a3,information_gain,3,3,True,1,1.3171502072898615,next-7,pass
17,s17-test-17-2,3fbdf7478046b80daf36744e850918a3,information_gain,4,4,True,1,1.1853965000309261,next-6,pass
17,s17-test-17-2,3fbdf7478046b80daf36744e850918a3,random,0,0,False,2,2.0483783371146624,,
17,s17-test-17-2,3fbdf7478046b80daf36744e850918a3,random,1,1,False,2,2.0374456229075526,next-9,pass
17,s17-test-17-2,3fbdf7478046b80daf36744e850918a3,random,2,2,True,1,2.0015651871587585,next-0,pass
17,s17-test-17-2,3fbdf7478046b80daf36744e850918a3,random,3,3,True,1,1.6574883664864104,next-7,pass
17,s17-test-17-2,3fbdf7478046b80daf36744e850918a3,random,4,4,True,1,1.6212733107491077,next-3,pass
17,s17-test-17-3,3fbdf7478046b80daf36744e850918a3,information_gain,0,0,False,6,3.822423037946085,,
17,s17-test-17-3,3fbdf7478046b80daf36744e850918a3,information_gain,1,1,False,5,3.6151721958919647,next-2,pass
17,s17-test-17-3,3fbdf7478046b80daf36744e850918a3,information_gain,2,2,False,3,3.4207613788738,next-6,pass
17,s17-test-17-3,3fbdf7478046b80daf36744e850918a3,information_gain,3,3,False,3,3.2461788410266483,next-8,pass
17,s17-test-17-3,3fbdf7478046b80daf36744e850918a3,information_gain,4,4,True,1,1.8276433190830417,next-3,fail
17,s17-test-17-3,3fbdf7478046b80daf36744e850918a3,random,0,0,False,6,3.822423037946085,,
17,s17-test-17-3,3fbdf7478046b80daf36744e850918a3,random,1,1,False,4,3.6540247865539532,next-6,pass
17,s17-test-17-3,3fbdf7478046b80daf36744e850918a3,random,2,2,False,4,3.6203781647451647,next-5,pass
17,s17-test-17-3,3fbdf7478046b80daf36744e850918a3,random,3,3,False,4,3.551703502120062,next-10,pass
17,s17-test-17-3,3fbdf7478046b80daf36744e850918a3,random,4,4,False,4,3.433315167829338,next-11,pass
17,s17-test-17-4,3fbdf7478046b80daf36744e850918a3,information_gain,0,0,True,1,3.822423037946085,,
17,s17-test-17-4,3fbdf7478046b80daf36744e850918a3,information_gain,1,1,True,1,3.5399072563160003,next-7,pass
17,s17-test-17-4,3fbdf7478046b80daf36744e850918a3,information_gain,2,2,False,4,1.9963879922717411,next-1,fail
17,s17-test-17-4,3fbdf7478046b80daf36744e850918a3,information_gain,3,3,False,4,1.9270171037604658,next-10,pass
17,s17-test-17-4,3fbdf7478046b80daf36744e850918a3,information_gain,4,4,False,4,3.079414654548283,next-4,pass
17,s17-test-17-4,3fbdf7478046b80daf36744e850918a3,random,0,0,True,1,3.822423037946085,,
17,s17-test-17-4,3fbdf7478046b80daf36744e850918a3,random,1,1,True,1,3.7249346755066606,next-3,pass
17,s17-test-17-4,3fbdf7478046b80daf36744e850918a3,random,2,2,True,1,3.646939888671753,next-0,pass
17,s17-test-17-4,3fbdf7478046b80daf36744e850918a3,random,3,3,True,1,3.4940531855687786,next-10,pass
17,s17-test-17-4,3fbdf7478046b80daf36744e850918a3,random,4,4,True,1,3.4120214320237423,next-11,pass
17,s17-test-17-5,3fbdf7478046b80daf36744e850918a3,information_gain,0,0,False,9,2.1497413086019304,,
17,s17-test-17-5,3fbdf7478046b80daf36744e850918a3,information_gain,1,1,False,9,2.2164960985254063,next-9,pass
17,s17-test-17-5,3fbdf7478046b80daf36744e850918a3,information_gain,2,2,False,7,1.9824768651903364,next-11,pass
17,s17-test-17-5,3fbdf7478046b80daf36744e850918a3,information_gain,3,3,False,5,1.726921621831041,next-4,pass
17,s17-test-17-5,3fbdf7478046b80daf36744e850918a3,information_gain,4,4,False,2,2.1705490296133836,next-0,fail
17,s17-test-17-5,3fbdf7478046b80daf36744e850918a3,random,0,0,False,9,2.1497413086019304,,
17,s17-test-17-5,3fbdf7478046b80daf36744e850918a3,random,1,1,False,9,2.0941073301339435,next-6,pass
17,s17-test-17-5,3fbdf7478046b80daf36744e850918a3,random,2,2,False,7,1.9209112835487505,next-4,pass
17,s17-test-17-5,3fbdf7478046b80daf36744e850918a3,random,3,3,False,7,1.8998430638456254,next-9,pass
17,s17-test-17-5,3fbdf7478046b80daf36744e850918a3,random,4,4,True,1,2.256330087398036,next-5,fail
17,s17-test-17-6,3fbdf7478046b80daf36744e850918a3,information_gain,0,0,False,10,3.6872247050171385,,
17,s17-test-17-6,3fbdf7478046b80daf36744e850918a3,information_gain,1,1,False,8,3.461272898600073,next-10,pass
17,s17-test-17-6,3fbdf7478046b80daf36744e850918a3,information_gain,2,2,False,6,3.293616642397901,next-3,pass
17,s17-test-17-6,3fbdf7478046b80daf36744e850918a3,information_gain,3,3,False,5,3.100032897769507,next-6,pass
17,s17-test-17-6,3fbdf7478046b80daf36744e850918a3,information_gain,4,4,False,4,2.8764243424411373,next-9,pass
17,s17-test-17-6,3fbdf7478046b80daf36744e850918a3,random,0,0,False,10,3.6872247050171385,,
17,s17-test-17-6,3fbdf7478046b80daf36744e850918a3,random,1,1,False,8,3.461272898600073,next-9,pass
17,s17-test-17-6,3fbdf7478046b80daf36744e850918a3,random,2,2,False,8,3.4207613788738,next-7,pass
17,s17-test-17-6,3fbdf7478046b80daf36744e850918a3,random,3,3,False,7,3.290957874682326,next-8,pass
17,s17-test-17-6,3fbdf7478046b80daf36744e850918a3,random,4,4,False,6,3.1484226414969743,next-1,pass
17,s17-test-17-7,3fbdf7478046b80daf36744e850918a3,information_gain,0,0,True,1,1.9469023176418088,,
17,s17-test-17-7,3fbdf7478046b80daf36744e850918a3,information_gain,1,1,True,1,1.6627545453285912,next-2,pass
17,s17-test-17-7,3fbdf7478046b80daf36744e850918a3,information_gain,2,2,True,1,1.446789068488464,next-6,pass
17,s17-test-17-7,3fbdf7478046b80daf36744e850918a3,information_gain,3,3,True,1,1.320885699559192,next-4,pass
17,s17-test-17-7,3fbdf7478046b80daf36744e850918a3,information_gain,4,4,True,1,1.645820539270258,next-7,fail
17,s17-test-17-7,3fbdf7478046b80daf36744e850918a3,random,0,0,True,1,1.9469023176418088,,
17,s17-test-17-7,3fbdf7478046b80daf36744e850918a3,random,1,1,True,1,1.8260615261266762,next-4,pass
17,s17-test-17-7,3fbdf7478046b80daf36744e850918a3,random,2,2,True,1,1.823077970407284,next-5,pass
17,s17-test-17-7,3fbdf7478046b80daf36744e850918a3,random,3,3,True,1,1.712356641559932,next-9,pass
17,s17-test-17-7,3fbdf7478046b80daf36744e850918a3,random,4,4,True,1,1.8944924990262348,next-7,fail
17,s17-test-17-8,3fbdf7478046b80daf36744e850918a3,information_gain,0,0,False,12,3.7249346755066606,,
17,s17-test-17-8,3fbdf7478046b80daf36744e850918a3,information_gain,1,1,False,2,1.9797245883137249,next-1,fail
17,s17-test-17-8,3fbdf7478046b80daf36744e850918a3,information_gain,2,2,True,1,1.985254740167778,next-11,pass
17,s17-test-17-8,3fbdf7478046b80daf36744e850918a3,information_gain,3,3,True,1,1.8176097496036836,next-2,pass
17,s17-test-17-8,3fbdf7478046b80daf36744e850918a3,information_gain,4,4,True,1,1.639418226433127,next-6,pass
17,s17-test-17-8,3fbdf7478046b80daf36744e850918a3,random,0,0,False,12,3.7249346755066606,,
17,s17-test-17-8,3fbdf7478046b80daf36744e850918a3,random,1,1,False,11,3.6540247865539532,next-10,pass
17,s17-test-17-8,3fbdf7478046b80daf36744e850918a3,random,2,2,False,10,3.50764791193145,next-4,pass
17,s17-test-17-8,3fbdf7478046b80daf36744e850918a3,random,3,3,False,8,3.3376832667104006,next-8,pass
17,s17-test-17-8,3fbdf7478046b80daf36744e850918a3,random,4,4,False,8,1.713767586605708,next-9,fail
17,s17-test-17-9,3fbdf7478046b80daf36744e850918a3,information_gain,0,0,False,8,3.885939789118656,,
17,s17-test-17-9,3fbdf7478046b80daf36744e850918a3,information_gain,1,1,False,8,3.6151721958919647,next-3,pass
17,s17-test-17-9,3fbdf7478046b80daf36744e850918a3,information_gain,2,2,False,2,2.220277066955476,next-0,fail
17,s17-test-17-9,3fbdf7478046b80daf36744e850918a3,information_gain,3,3,False,4,2.208176122331492,next-1,pass
17,s17-test-17-9,3fbdf7478046b80daf36744e850918a3,information_gain,4,4,False,4,2.060064609829052,next-4,pass
17,s17-test-17-9,3fbdf7478046b80daf36744e850918a3,random,0,0,False,8,3.885939789118656,,
17,s17-test-17-9,3fbdf7478046b80daf36744e850918a3,random,1,1,False,2,2.423786714358128,next-0,fail
17,s17-test-17-9,3fbdf7478046b80daf36744e850918a3,random,2,2,False,2,2.3741875911248416,next-8,pass
17,s17-test-17-9,3fbdf7478046b80daf36744e850918a3,random,3,3,False,4,2.3626253821727885,next-1,pass
17,s17-test-17-9,3fbdf7478046b80daf36744e850918a3,random,4,4,False,4,2.22272025523653,next-4,pass
17,s17-test-17-10,3fbdf7478046b80daf36744e850918a3,information_gain,0,0,False,10,3.7562459074062637,,
17,s17-test-17-10,3fbdf7478046b80daf36744e850918a3,information_gain,1,1,False,3,2.356698000634309,next-5,fail
17,s17-test-17-10,3fbdf7478046b80daf36744e850918a3,information_gain,2,2,False,2,1.1781797543751675,next-6,fail
17,s17-test-17-10,3fbdf7478046b80daf36744e850918a3,information_gain,3,3,True,1,0.7893576415319236,next-1,pass
17,s17-test-17-10,3fbdf7478046b80daf36744e850918a3,information_gain,4,4,True,1,0.08400678879118499,next-7,fail
17,s17-test-17-10,3fbdf7478046b80daf36744e850918a3,random,0,0,False,10,3.7562459074062637,,
17,s17-test-17-10,3fbdf7478046b80daf36744e850918a3,random,1,1,False,9,3.6540247865539532,next-10,pass
17,s17-test-17-10,3fbdf7478046b80daf36744e850918a3,random,2,2,False,9,3.5862745941212455,next-4,pass
17,s17-test-17-10,3fbdf7478046b80daf36744e850918a3,random,3,3,True,1,1.846367845559159,next-7,fail
17,s17-test-17-10,3fbdf7478046b80daf36744e850918a3,random,4,4,True,1,1.607339873777799,next-3,pass
17,s17-test-17-11,3fbdf7478046b80daf36744e850918a3,information_gain,0,0,True,1,3.7249346755066606,,
17,s17-test-17-11,3fbdf7478046b80daf36744e850918a3,information_gain,1,1,True,1,3.5440063819847927,next-1,pass
17,s17-test-17-11,3fbdf7478046b80daf36744e850918a3,information_gain,2,2,True,1,3.3376832667104006,next-2,pass
17,s17-test-17-11,3fbdf7478046b80daf36744e850918a3,information_gain,3,3,True,1,3.1484226414969743,next-7,pass
17,s17-test-17-11,3fbdf7478046b80daf36744e850918a3,information_gain,4,4,True,1,2.937983039163602,next-9,pass
17,s17-test-17-11,3fbdf7478046b80daf36744e850918a3,random,0,0,True,1,3.7249346755066606,,
17,s17-test-17-11,3fbdf7478046b80daf36744e850918a3,random,1,1,True,1,3.6540247865539532,next-10,pass
17,s17-test-17-11,3fbdf7478046b80daf36744e850918a3,random,2,2,True,1,3.5790285129724366,next-8,pass
17,s17-test-17-11,3fbdf7478046b80daf36744e850918a3,random,3,3,True,1,3.4165810215791463,next-9,pass
17,s17-test-17-11,3fbdf7478046b80daf36744e850918a3,random,4,4,True,1,3.3366335387927264,next-4,pass
17,s17-test-18-0,e205530705629a97f647a937999210c5,information_gain,0,0,True,1,3.7562459074062637,,
17,s17-test-18-0,e205530705629a97f647a937999210c5,information_gain,1,1,False,4,2.2238636814596524,next-4,fail
17,s17-test-18-0,e205530705629a97f647a937999210c5,information_gain,2,2,False,4,2.0531421655388007,next-5,pass
17,s17-test-18-0,e205530705629a97f647a937999210c5,information_gain,3,3,False,4,2.054293001662015,next-2,pass
17,s17-test-18-0,e205530705629a97f647a937999210c5,information_gain,4,4,False,4,1.8779647524639134,next-1,pass
17,s17-test-18-0,e205530705629a97f647a937999210c5,random,0,0,True,1,3.7562459074062637,,
17,s17-test-18-0,e205530705629a97f647a937999210c5,random,1,1,True,1,3.6540247865539532,next-8,pass
17,s17-test-18-0,e205530705629a97f647a937999210c5,random,2,2,True,1,3.536352809060266,next-1,pass
17,s17-test-18-0,e205530705629a97f647a937999210c5,random,3,3,True,1,3.4999011815454213,next-0,pass
17,s17-test-18-0,e205530705629a97f647a937999210c5,random,4,4,True,1,3.4174205080654296,next-11,pass
17,s17-test-18-1,e205530705629a97f647a937999210c5,information_gain,0,0,False,3,3.822423037946085,,
17,s17-test-18-1,e205530705629a97f647a937999210c5,information_gain,1,1,False,3,3.687224705017138,next-0,pass
17,s17-test-18-1,e205530705629a97f647a937999210c5,information_gain,2,2,True,1,2.235207847141577,next-2,fail
17,s17-test-18-1,e205530705629a97f647a937999210c5,information_gain,3,3,False,2,3.511322668537034,next-1,pass
17,s17-test-18-1,e205530705629a97f647a937999210c5,information_gain,4,4,False,2,1.5070381531860049,next-4,fail
17,s17-test-18-1,e205530705629a97f647a937999210c5,random,0,0,False,3,3.822423037946085,,
17,s17-test-18-1,e205530705629a97f647a937999210c5,random,1,1,True,1,2.174381784137389,next-6,fail
17,s17-test-18-1,e205530705629a97f647a937999210c5,random,2,2,True,1,0.6394896083422101,next-2,fail
17,s17-test-18-1,e205530705629a97f647a937999210c5,random,3,3,True,1,0.042308015316815856,next-3,fail
17,s17-test-18-1,e205530705629a97f647a937999210c5,random,4,4,True,1,0.04196078965279081,next-5,pass
17,s17-test-18-2,e205530705629a97f647a937999210c5,information_gain,0,0,False,4,3.885939789118656,,
17,s17-test-18-2,e205530705629a97f647a937999210c5,information_gain,1,1,False,3,3.7249346755066606,next-10,pass
17,s17-test-18-2,e205530705629a97f647a937999210c5,information_gain,2,2,False,3,3.579843642090909,next-0,pass
17,s17-test-18-2,e205530705629a97f647a937999210c5,information_gain,3,3,False,3,3.4207613788738,next-4,pass
17,s17-test-18-2,e205530705629a97f647a937999210c5,information_gain,4,4,False,2,3.2813362176266776,next-5,pass
17,s17-test-18-2,e205530705629a97f647a937999210c5,random,0,0,False,4,3.885939789118656,,
17,s17-test-18-2,e205530705629a97f647a937999210c5,random,1,1,False,3,3.7249346755066606,next-5,pass
17,s17-test-18-2,e205530705629a97f647a937999210c5,random,2,2,False,3,1.8436181760753254,next-8,fail
17,s17-test-18-2,e205530705629a97f647a937999210c5,random,3,3,False,3,1.6627545453285912,next-0,pass
17,s17-test-18-2,e205530705629a97f647a937999210c5,random,4,4,False,3,1.469689007085206,next-4,pass
17,s17-test-18-3,e205530705629a97f647a937999210c5,information_gain,0,0,False,14,3.885939789118656,,
17,s17-test-18-3,e205530705629a97f647a937999210c5,information_gain,1,1,False,12,3.7249346755066606,next-1,pass
17,s17-test-18-3,e205530705629a97f647a937999210c5,information_gain,2,2,False,10,3.579843642090909,next-0,pass
17,s17-test-18-3,e205530705629a97f647a937999210c5,information_gain,3,3,False,2,1.8609713485490538,next-10,fail
17,s17-test-18-3,e205530705629a97f647a937999210c5,information_gain,4,4,True,1,1.7474990323021231,next-6,pass
17,s17-test-18-3,e205530705629a97f647a937999210c5,random,0,0,False,14,3.885939789118656,,
17,s17-test-18-3,e205530705629a97f647a937999210c5,random,1,1,False,12,3.7562459074062637,next-6,pass
17,s17-test-18-3,e205530705629a97f647a937999210c5,random,2,2,True,1,2.0972169974628145,next-10,fail
17,s17-test-18-3,e205530705629a97f647a937999210c5,random,3,3,True,1,2.0813581013279965,next-8,pass
17,s17-test-18-3,e205530705629a97f647a937999210c5,random,4,4,True,1,1.9194052461611315,next-4,pass
17,s17-test-18-4,e205530705629a97f647a937999210c5,information_gain,0,0,False,8,3.7562459074062637,,
17,s17-test-18-4,e205530705629a97f647a937999210c5,information_gain,1,1,False,7,3.6151721958919647,next-0,pass
17,s17-test-18-4,e205530705629a97f647a937999210c5,information_gain,2,2,False,5,3.4612728986000727,next-8,pass
17,s17-test-18-4,e205530705629a97f647a937999210c5,information_gain,3,3,False,5,3.3354622274874406,next-9,pass
17,s17-test-18-4,e205530705629a97f647a937999210c5,information_gain,4,4,True,1,1.3681434910117234,next-2,fail
17,s17-test-18-4,e205530705629a97f647a937999210c5,random,0,0,False,8,3.7562459074062637,,
17,s17-test-18-4,e205530705629a97f647a937999210c5,random,1,1,False,8,3.6932280873886922,next-1,pass
17,s17-test-18-4,e205530705629a97f647a937999210c5,random,2,2,True,1,1.826061526126676,next-2,fail
17,s17-test-18-4,e205530705629a97f647a937999210c5,random,3,3,True,1,1.718495252329163,next-9,pass
17,s17-test-18-4,e205530705629a97f647a937999210c5,random,4,4,True,1,1.6256215393255036,next-3,pass
17,s17-test-18-5,e205530705629a97f647a937999210c5,information_gain,0,0,False,3,3.7562459074062637,,
17,s17-test-18-5,e205530705629a97f647a937999210c5,information_gain,1,1,False,5,1.9908311497168802,next-1,fail
17,s17-test-18-5,e205530705629a97f647a937999210c5,information_gain,2,2,False,5,2.001565187158759,next-11,pass
17,s17-test-18-5,e205530705629a97f647a937999210c5,information_gain,3,3,False,5,1.885899273281507,next-3,pass
17,s17-test-18-5,e205530705629a97f647a937999210c5,information_gain,4,4,False,4,1.765750218787749,next-6,pass
17,s17-test-18-5,e205530705629a97f647a937999210c5,random,0,0,False,3,3.7562459074062637,,
17,s17-test-18-5,e205530705629a97f647a937999210c5,random,1,1,False,2,3.6540247865539532,next-2,pass
17,s17-test-18-5,e205530705629a97f647a937999210c5,random,2,2,False,2,3.5440063819847927,next-7,pass
17,s17-test-18-5,e205530705629a97f647a937999210c5,random,3,3,False,2,3.463832269970374,next-10,pass
17,s17-test-18-5,e205530705629a97f647a937999210c5,random,4,4,False,4,1.7881806067694483,next-1,fail
17,s17-test-18-6,e205530705629a97f647a937999210c5,information_gain,0,0,True,1,2.322402085293868,,
17,s17-test-18-6,e205530705629a97f647a937999210c5,information_gain,1,1,False,2,3.766197853202721,next-6,pass
17,s17-test-18-6,e205530705629a97f647a937999210c5,information_gain,2,2,False,15,3.9155956202955466,next-11,pass
17,s17-test-18-6,e205530705629a97f647a937999210c5,information_gain,3,3,False,3,2.5054359394407992,next-2,fail
17,s17-test-18-6,e205530705629a97f647a937999210c5,information_gain,4,4,False,2,2.7241538125826485,next-0,pass
17,s17-test-18-6,e205530705629a97f647a937999210c5,random,0,0,True,1,2.322402085293868,,
17,s17-test-18-6,e205530705629a97f647a937999210c5,random,1,1,True,1,2.1743817841373887,next-7,pass
17,s17-test-18-6,e205530705629a97f647a937999210c5,random,2,2,True,1,2.0813581013279974,next-3,pass
17,s17-test-18-6,e205530705629a97f647a937999210c5,random,3,3,True,1,2.0015651871587594,next-10,pass
17,s17-test-18-6,e205530705629a97f647a937999210c5,random,4,4,True,1,1.834759065859502,next-0,pass
17,s17-test-18-7,e205530705629a97f647a937999210c5,information_gain,0,0,False,9,3.885939789118656,,
17,s17-test-18-7,e205530705629a97f647a937999210c5,information_gain,1,1,False,17,3.7249346755066606,next-4,pass
17,s17-test-18-7,e205530705629a97f647a937999210c5,information_gain,2,2,False,17,3.579843642090909,next-1,pass
17,s17-test-18-7,e205530705629a97f647a937999210c5,information_gain,3,3,False,15,3.4207613788738,next-2,pass
17,s17-test-18-7,e205530705629a97f647a937999210c5,information_gain,4,4,False,15,3.2461788410266483,next-3,pass
17,s17-test-18-7,e205530705629a97f647a937999210c5,random,0,0,False,9,3.885939789118656,,
17,s17-test-18-7,e205530705629a97f647a937999210c5,random,1,1,False,9,3.7562459074062637,next-9,pass
17,s17-test-18-7,e205530705629a97f647a937999210c5,random,2,2,False,8,3.6203781647451647,next-7,pass
17,s17-test-18-7,e205530705629a97f647a937999210c5,random,3,3,False,8,3.50764791193145,next-3,pass
17,s17-test-18-7,e205530705629a97f647a937999210c5,random,4,4,False,8,3.3376832667104006,next-2,pass
17,s17-test-18-8,e205530705629a97f647a937999210c5,information_gain,0,0,False,5,3.857830785892854,,
17,s17-test-18-8,e205530705629a97f647a937999210c5,information_gain,1,1,False,3,3.6540247865539532,next-10,pass
17,s17-test-18-8,e205530705629a97f647a937999210c5,information_gain,2,2,False,2,2.172219719222737,next-9,fail
17,s17-test-18-8,e205530705629a97f647a937999210c5,information_gain,3,3,False,2,1.985451142003294,next-2,pass
17,s17-test-18-8,e205530705629a97f647a937999210c5,information_gain,4,4,True,1,0.36412412313908826,next-11,fail
17,s17-test-18-8,e205530705629a97f647a937999210c5,random,0,0,False,5,3.857830785892854,,
17,s17-test-18-8,e205530705629a97f647a937999210c5,random,1,1,False,4,3.7628218269148612,next-7,pass
17,s17-test-18-8,e205530705629a97f647a937999210c5,random,2,2,False,4,3.6932280873886922,next-1,pass
17,s17-test-18-8,e205530705629a97f647a937999210c5,random,3,3,True,1,1.8260615261266768,next-0,fail
17,s17-test-18-8,e205530705629a97f647a937999210c5,random,4,4,True,1,1.7907316729316654,next-8,pass
17,s17-test-18-9,e205530705629a97f647a937999210c5,information_gain,0,0,False,5,3.7562459074062637,,
17,s17-test-18-9,e205530705629a97f647a937999210c5,information_gain,1,1,False,3,3.579843642090909,next-5,pass
17,s17-test-18-9,e205530705629a97f647a937999210c5,information_gain,2,2,False,3,3.379571324020687,next-8,pass
17,s17-test-18-9,e205530705629a97f647a937999210c5,information_gain,3,3,False,3,3.19779174159498,next-3,pass
17,s17-test-18-9,e205530705629a97f647a937999210c5,information_gain,4,4,False,2,3.045846750183366,next-2,pass
17,s17-test-18-9,e205530705629a97f647a937999210c5,random,0,0,False,5,3.7562459074062637,,
17,s17-test-18-9,e205530705629a97f647a937999210c5,random,1,1,False,3,3.579843642090909,next-5,pass
17,s17-test-18-9,e205530705629a97f647a937999210c5,random,2,2,False,2,3.463832269970374,next-4,pass
17,s17-test-18-9,e205530705629a97f647a937999210c5,random,3,3,False,2,3.3376832667104006,next-0,pass
17,s17-test-18-9,e205530705629a97f647a937999210c5,random,4,4,False,2,3.1484226414969743,next-3,pass
17,s17-test-18-10,e205530705629a97f647a937999210c5,information_gain,0,0,False,12,3.7628218269148612,,
17,s17-test-18-10,e205530705629a97f647a937999210c5,information_gain,1,1,False,9,3.5440063819847927,next-3,pass
17,s17-test-18-10,e205530705629a97f647a937999210c5,information_gain,2,2,False,7,3.3376832667104006,next-5,pass
17,s17-test-18-10,e205530705629a97f647a937999210c5,information_gain,3,3,False,6,3.0980372602528896,next-7,pass
17,s17-test-18-10,e205530705629a97f647a937999210c5,information_gain,4,4,False,5,2.9337067358609037,next-10,pass
17,s17-test-18-10,e205530705629a97f647a937999210c5,random,0,0,False,12,3.7628218269148612,,
17,s17-test-18-10,e205530705629a97f647a937999210c5,random,1,1,False,11,3.6932280873886922,next-9,pass
17,s17-test-18-10,e205530705629a97f647a937999210c5,random,2,2,False,10,3.6203781647451647,next-4,pass
17,s17-test-18-10,e205530705629a97f647a937999210c5,random,3,3,False,9,3.536352809060266,next-8,pass
17,s17-test-18-10,e205530705629a97f647a937999210c5,random,4,4,False,8,3.4165810215791463,next-10,pass
17,s17-test-18-11,e205530705629a97f647a937999210c5,information_gain,0,0,True,1,3.857830785892854,,
17,s17-test-18-11,e205530705629a97f647a937999210c5,information_gain,1,1,True,1,3.6540247865539532,next-3,pass
17,s17-test-18-11,e205530705629a97f647a937999210c5,information_gain,2,2,True,1,3.463832269970374,next-10,pass
17,s17-test-18-11,e205530705629a97f647a937999210c5,information_gain,3,3,True,1,3.3376832667104006,next-0,pass
17,s17-test-18-11,e205530705629a97f647a937999210c5,information_gain,4,4,True,1,3.1994571055489667,next-2,pass
17,s17-test-18-11,e205530705629a97f647a937999210c5,random,0,0,True,1,3.857830785892854,,
17,s17-test-18-11,e205530705629a97f647a937999210c5,random,1,1,True,1,3.792798613193286,next-9,pass
17,s17-test-18-11,e205530705629a97f647a937999210c5,random,2,2,True,1,3.7865085225397936,next-6,pass
17,s17-test-18-11,e205530705629a97f647a937999210c5,random,3,3,True,1,3.7564691433287094,next-8,pass
17,s17-test-18-11,e205530705629a97f647a937999210c5,random,4,4,True,1,3.6132135137176795,next-0,pass
17,s17-test-19-0,e54b8dcb91b6aed7beb4fd8cea5a719b,information_gain,0,0,False,7,3.7966392733037853,,
17,s17-test-19-0,e54b8dcb91b6aed7beb4fd8cea5a719b,information_gain,1,1,False,6,3.6250213576433437,next-6,pass
17,s17-test-19-0,e54b8dcb91b6aed7beb4fd8cea5a719b,information_gain,2,2,False,6,3.43071445582359,next-3,pass
17,s17-test-19-0,e54b8dcb91b6aed7beb4fd8cea5a719b,information_gain,3,3,False,5,3.301506039927567,next-10,pass
17,s17-test-19-0,e54b8dcb91b6aed7beb4fd8cea5a719b,information_gain,4,4,False,5,3.1595988804258166,next-11,pass
17,s17-test-19-0,e54b8dcb91b6aed7beb4fd8cea5a719b,random,0,0,False,7,3.7966392733037853,,
17,s17-test-19-0,e54b8dcb91b6aed7beb4fd8cea5a719b,random,1,1,False,7,3.729244582529725,next-9,pass
17,s17-test-19-0,e54b8dcb91b6aed7beb4fd8cea5a719b,random,2,2,False,7,3.5854057354680324,next-5,pass
17,s17-test-19-0,e54b8dcb91b6aed7beb4fd8cea5a719b,random,3,3,False,6,3.508574026699632,next-1,pass
17,s17-test-19-0,e54b8dcb91b6aed7beb4fd8cea5a719b,random,4,4,False,6,3.390849330499222,next-6,pass
17,s17-test-19-1,e54b8dcb91b6aed7beb4fd8cea5a719b,information_gain,0,0,False,2,3.832683563012824,,
17,s17-test-19-1,e54b8dcb91b6aed7beb4fd8cea5a719b,information_gain,1,1,False,2,3.6250213576433437,next-10,pass
17,s17-test-19-1,e54b8dcb91b6aed7beb4fd8cea5a719b,information_gain,2,2,False,2,3.43071445582359,next-3,pass
17,s17-test-19-1,e54b8dcb91b6aed7beb4fd8cea5a719b,information_gain,3,3,True,1,1.8111146718298936,next-9,fail
17,s17-test-19-1,e54b8dcb91b6aed7beb4fd8cea5a719b,information_gain,4,4,True,1,0.43837409201244276,next-2,fail
17,s17-test-19-1,e54b8dcb91b6aed7beb4fd8cea5a719b,random,0,0,False,2,3.832683563012824,,
17,s17-test-19-1,e54b8dcb91b6aed7beb4fd8cea5a719b,random,1,1,False,2,3.7664762280374138,next-4,pass
17,s17-test-19-1,e54b8dcb91b6aed7beb4fd8cea5a719b,random,2,2,False,2,3.6973310289214294,next-11,pass
17,s17-test-19-1,e54b8dcb91b6aed7beb4fd8cea5a719b,random,3,3,False,2,3.6250213576433437,next-8,pass
17,s17-test-19-1,e54b8dcb91b6aed7beb4fd8cea5a719b,random,4,4,False,2,3.512680229389358,next-7,pass
17,s17-test-19-2,e54b8dcb91b6aed7beb4fd8cea5a719b,information_gain,0,0,True,1,2.084720288612557,,
17,s17-test-19-2,e54b8dcb91b6aed7beb4fd8cea5a719b,information_gain,1,1,True,1,0.3189938649580428,next-10,fail
17,s17-test-19-2,e54b8dcb91b6aed7beb4fd8cea5a719b,information_gain,2,2,True,1,0.025036062779602138,next-2,fail
17,s17-test-19-2,e54b8dcb91b6aed7beb4fd8cea5a719b,information_gain,3,3,True,1,0.001474139442481802,next-1,fail
17,s17-test-19-2,e54b8dcb91b6aed7beb4fd8cea5a719b,information_gain,4,4,True,1,8.505701254903971e-05,next-11,fail
17,s17-test-19-2,e54b8dcb91b6aed7beb4fd8cea5a719b,random,0,0,True,1,2.084720288612557,,
17,s17-test-19-2,e54b8dcb91b6aed7beb4fd8cea5a719b,random,1,1,True,1,0.3491633061391719,next-1,fail
17,s17-test-19-2,e54b8dcb91b6aed7beb4fd8cea5a719b,random,2,2,True,1,0.026478636253148585,next-10,fail
17,s17-test-19-2,e54b8dcb91b6aed7beb4fd8cea5a719b,random,3,3,True,1,0.026428237688591642,next-8,pass
17,s17-test-19-2,e54b8dcb91b6aed7beb4fd8cea5a719b,random,4,4,True,1,0.017471920637422995,next-9,pass
17,s17-test-19-3,e54b8dcb91b6aed7beb4fd8cea5a719b,information_gain,0,0,False,6,3.6973310289214294,,
17,s17-test-19-3,e54b8dcb91b6aed7beb4fd8cea5a719b,information_gain,1,1,False,7,2.201753824414348,next-1,fail
17,s17-test-19-3,e54b8dcb91b6aed7beb4fd8cea5a719b,information_gain,2,2,False,7,2.121457870028694,next-11,pass
17,s17-test-19-3,e54b8dcb91b6aed7beb4fd8cea5a719b,information_gain,3,3,False,2,0.3393745839860652,next-4,fail
17,s17-test-19-3,e54b8dcb91b6aed7beb4fd8cea5a719b,information_gain,4,4,True,1,1.0809920386210474,next-2,fail
17,s17-test-19-3,e54b8dcb91b6aed7beb4fd8cea5a719b,random,0,0,False,6,3.6973310289214294,,
17,s17-test-19-3,e54b8dcb91b6aed7beb4fd8cea5a719b,random,1,1,False,4,3.5493086641720626,next-11,pass
17,s17-test-19-3,e54b8dcb91b6aed7beb4fd8cea5a719b,random,2,2,False,4,3.43071445582359,next-6,pass
17,s17-test-19-3,e54b8dcb91b6aed7beb4fd8cea5a719b,random,3,3,False,7,2.0287984139533974,next-1,fail
17,s17-test-19-3,e54b8dcb91b6aed7beb4fd8cea5a719b,random,4,4,False,7,1.8674208267518921,next-7,pass
17,s17-test-19-4,e54b8dcb91b6aed7beb4fd8cea5a719b,information_gain,0,0,False,3,2.7532150503423587,,
17,s17-test-19-4,e54b8dcb91b6aed7beb4fd8cea5a719b,information_gain,1,1,False,2,2.5777771585807776,next-4,pass
17,s17-test-19-4,e54b8dcb91b6aed7beb4fd8cea5a719b,information_gain,2,2,True,1,2.390065473765708,next-6,pass
17,s17-test-19-4,e54b8dcb91b6aed7beb4fd8cea5a719b,information_gain,3,3,True,1,0.6832871609754014,next-9,fail
17,s17-test-19-4,e54b8dcb91b6aed7beb4fd8cea5a719b,information_gain,4,4,True,1,0.5266618525866132,next-11,pass
17,s17-test-19-4,e54b8dcb91b6aed7beb4fd8cea5a719b,random,0,0,False,3,2.7532150503423587,,
17,s17-test-19-4,e54b8dcb91b6aed7beb4fd8cea5a719b,random,1,1,False,3,2.725577512730603,next-2,pass
17,s17-test-19-4,e54b8dcb91b6aed7beb4fd8cea5a719b,random,2,2,True,1,1.0608824817452296,next-9,fail
17,s17-test-19-4,e54b8dcb91b6aed7beb4fd8cea5a719b,random,3,3,True,1,0.9433468043562929,next-10,pass
17,s17-test-19-4,e54b8dcb91b6aed7beb4fd8cea5a719b,random,4,4,True,1,0.9366436911821476,next-1,pass
17,s17-test-19-5,e54b8dcb91b6aed7beb4fd8cea5a719b,information_gain,0,0,False,10,2.298705057520854,,
17,s17-test-19-5,e54b8dcb91b6aed7beb4fd8cea5a719b,information_gain,1,1,False,10,3.6720512420874574,next-11,pass
17,s17-test-19-5,e54b8dcb91b6aed7beb4fd8cea5a719b,information_gain,2,2,False,7,3.5850605283631563,next-4,pass
17,s17-test-19-5,e54b8dcb91b6aed7beb4fd8cea5a719b,information_gain,3,3,False,6,3.731711489866971,next-9,pass
17,s17-test-19-5,e54b8dcb91b6aed7beb4fd8cea5a719b,information_gain,4,4,False,6,3.5891017414006297,next-10,pass
17,s17-test-19-5,e54b8dcb91b6aed7beb4fd8cea5a719b,random,0,0,False,10,2.298705057520854,,
17,s17-test-19-5,e54b8dcb91b6aed7beb4fd8cea5a719b,random,1,1,False,9,2.0457089266097257,next-9,pass
17,s17-test-19-5,e54b8dcb91b6aed7beb4fd8cea5a719b,random,2,2,False,7,1.8775677043795351,next-8,pass
17,s17-test-19-5,e54b8dcb91b6aed7beb4fd8cea5a719b,random,3,3,False,6,1.771642812856863,next-7,pass
17,s17-test-19-5,e54b8dcb91b6aed7beb4fd8cea5a719b,random,4,4,False,5,1.6771546113055675,next-3,pass
17,s17-test-19-6,e54b8dcb91b6aed7beb4fd8cea5a719b,information_gain,0,0,False,12,3.729244582529725,,
17,s17-test-19-6,e54b8dcb91b6aed7beb4fd8cea5a719b,information_gain,1,1,False,10,3.5493086641720626,next-11,pass
17,s17-test-19-6,e54b8dcb91b6aed7beb4fd8cea5a719b,information_gain,2,2,False,8,3.3867168978145425,next-0,pass
17,s17-test-19-6,e54b8dcb91b6aed7beb4fd8cea5a719b,information_gain,3,3,False,6,3.207991779506027,next-1,pass
17,s17-test-19-6,e54b8dcb91b6aed7beb4fd8cea5a719b,information_gain,4,4,False,5,3.0578454212703265,next-3,pass
17,s17-test-19-6,e54b8dcb91b6aed7beb4fd8cea5a719b,random,0,0,False,12,3.729244582529725,,
17,s17-test-19-6,e54b8dcb91b6aed7beb4fd8cea5a719b,random,1,1,False,11,3.6250213576433437,next-4,pass
17,s17-test-19-6,e54b8dcb91b6aed7beb4fd8cea5a719b,random,2,2,False,9,3.4699504842038937,next-1,pass
17,s17-test-19-6,e54b8dcb91b6aed7beb4fd8cea5a719b,random,3,3,False,7,3.2994229264584956,next-0,pass
17,s17-test-19-6,e54b8dcb91b6aed7beb4fd8cea5a719b,random,4,4,False,6,3.158154306073193,next-2,pass
17,s17-test-19-7,e54b8dcb91b6aed7beb4fd8cea5a719b,information_gain,0,0,False,13,3.760071167228919,,
17,s17-test-19-7,e54b8dcb91b6aed7beb4fd8cea5a719b,information_gain,1,1,False,13,2.2435651472365707,next-1,fail
17,s17-test-19-7,e54b8dcb91b6aed7beb4fd8cea5a719b,information_gain,2,2,False,13,2.1937677285975505,next-3,pass
17,s17-test-19-7,e54b8dcb91b6aed7beb4fd8cea5a719b,information_gain,3,3,False,13,3.4571994316614623,next-10,pass
17,s17-test-19-7,e54b8dcb91b6aed7beb4fd8cea5a719b,information_gain,4,4,False,12,3.460082020653018,next-8,pass
17,s17-test-19-7,e54b8dcb91b6aed7beb4fd8cea5a719b,random,0,0,False,13,3.760071167228919,,
17,s17-test-19-7,e54b8dcb91b6aed7beb4fd8cea5a719b,random,1,1,False,13,3.729477859117145,next-11,pass
17,s17-test-19-7,e54b8dcb91b6aed7beb4fd8cea5a719b,random,2,2,False,12,3.6581403738744065,next-4,pass
17,s17-test-19-7,e54b8dcb91b6aed7beb4fd8cea5a719b,random,3,3,False,12,2.192259154930452,next-1,fail
17,s17-test-19-7,e54b8dcb91b6aed7beb4fd8cea5a719b,random,4,4,False,11,2.1484304343382044,next-5,pass
17,s17-test-19-8,e54b8dcb91b6aed7beb4fd8cea5a719b,information_gain,0,0,True,1,3.6250213576433437,,
17,s17-test-19-8,e54b8dcb91b6aed7beb4fd8cea5a719b,information_gain,1,1,True,1,3.3867168978145425,next-1,pass
17,s17-test-19-8,e54b8dcb91b6aed7beb4fd8cea5a719b,information_gain,2,2,True,1,3.207991779506027,next-6,pass
17,s17-test-19-8,e54b8dcb91b6aed7beb4fd8cea5a719b,information_gain,3,3,True,1,3.0553112413628964,next-0,pass
17,s17-test-19-8,e54b8dcb91b6aed7beb4fd8cea5a719b,information_gain,4,4,True,1,2.892533037899917,next-3,pass
17,s17-test-19-8,e54b8dcb91b6aed7beb4fd8cea5a719b,random,0,0,True,1,3.6250213576433437,,
17,s17-test-19-8,e54b8dcb91b6aed7beb4fd8cea5a719b,random,1,1,True,1,3.4699504842038937,next-6,pass
17,s17-test-19-8,e54b8dcb91b6aed7beb4fd8cea5a719b,random,2,2,True,1,3.2536933033610063,next-3,pass
17,s17-test-19-8,e54b8dcb91b6aed7beb4fd8cea5a719b,random,3,3,True,1,3.1595988804258166,next-10,pass
17,s17-test-19-8,e54b8dcb91b6aed7beb4fd8cea5a719b,random,4,4,True,1,3.149386211820907,next-9,pass
17,s17-test-19-9,e54b8dcb91b6aed7beb4fd8cea5a719b,information_gain,0,0,False,2,3.6973310289214294,,
17,s17-test-19-9,e54b8dcb91b6aed7beb4fd8cea5a719b,information_gain,1,1,False,2,3.512680229389358,next-8,pass
17,s17-test-19-9,e54b8dcb91b6aed7beb4fd8cea5a719b,information_gain,2,2,True,1,1.8720227569221055,next-5,fail
17,s17-test-19-9,e54b8dcb91b6aed7beb4fd8cea5a719b,information_gain,3,3,True,1,0.4459096133602644,next-10,fail
17,s17-test-19-9,e54b8dcb91b6aed7beb4fd8cea5a719b,information_gain,4,4,True,1,0.30073135717321514,next-6,pass
17,s17-test-19-9,e54b8dcb91b6aed7beb4fd8cea5a719b,random,0,0,False,2,3.6973310289214294,,
17,s17-test-19-9,e54b8dcb91b6aed7beb4fd8cea5a719b,random,1,1,False,2,3.512680229389358,next-8,pass
17,s17-test-19-9,e54b8dcb91b6aed7beb4fd8cea5a719b,random,2,2,False,2,3.4675852186777694,next-0,pass
17,s17-test-19-9,e54b8dcb91b6aed7beb4fd8cea5a719b,random,3,3,False,2,3.4217162616191343,next-7,pass
17,s17-test-19-9,e54b8dcb91b6aed7beb4fd8cea5a719b,random,4,4,False,2,3.331535671583037,next-6,pass
17,s17-test-19-10,e54b8dcb91b6aed7beb4fd8cea5a719b,information_gain,0,0,False,2,2.0078450475362732,,
17,s17-test-19-10,e54b8dcb91b6aed7beb4fd8cea5a719b,information_gain,1,1,True,1,0.3613489132437017,next-3,fail
17,s17-test-19-10,e54b8dcb91b6aed7beb4fd8cea5a719b,information_gain,2,2,True,1,1.3699881111247416,next-1,pass
17,s17-test-19-10,e54b8dcb91b6aed7beb4fd8cea5a719b,information_gain,3,3,True,1,0.9979350261272757,next-9,pass
17,s17-test-19-10,e54b8dcb91b6aed7beb4fd8cea5a719b,information_gain,4,4,True,1,0.8773597619731796,next-7,pass
17,s17-test-19-10,e54b8dcb91b6aed7beb4fd8cea5a719b,random,0,0,False,2,2.0078450475362732,,
17,s17-test-19-10,e54b8dcb91b6aed7beb4fd8cea5a719b,random,1,1,False,2,1.9496061220577012,next-4,pass
17,s17-test-19-10,e54b8dcb91b6aed7beb4fd8cea5a719b,random,2,2,False,2,1.9420589748167711,next-1,pass
17,s17-test-19-10,e54b8dcb91b6aed7beb4fd8cea5a719b,random,3,3,False,2,3.361664735461931,next-9,pass
17,s17-test-19-10,e54b8dcb91b6aed7beb4fd8cea5a719b,random,4,4,False,2,3.356408140790387,next-5,pass
17,s17-test-19-11,e54b8dcb91b6aed7beb4fd8cea5a719b,information_gain,0,0,False,5,3.832683563012824,,
17,s17-test-19-11,e54b8dcb91b6aed7beb4fd8cea5a719b,information_gain,1,1,False,3,3.6250213576433437,next-4,pass
17,s17-test-19-11,e54b8dcb91b6aed7beb4fd8cea5a719b,information_gain,2,2,False,2,3.43071445582359,next-7,pass
17,s17-test-19-11,e54b8dcb91b6aed7beb4fd8cea5a719b,information_gain,3,3,False,2,3.2536933033610063,next-1,pass
17,s17-test-19-11,e54b8dcb91b6aed7beb4fd8cea5a719b,information_gain,4,4,False,2,3.1072733285054226,next-2,pass
17,s17-test-19-11,e54b8dcb91b6aed7beb4fd8cea5a719b,random,0,0,False,5,3.832683563012824,,
17,s17-test-19-11,e54b8dcb91b6aed7beb4fd8cea5a719b,random,1,1,True,1,2.2098345679414364,next-5,fail
17,s17-test-19-11,e54b8dcb91b6aed7beb4fd8cea5a719b,random,2,2,True,1,2.1337742112565787,next-6,pass
17,s17-test-19-11,e54b8dcb91b6aed7beb4fd8cea5a719b,random,3,3,True,1,2.1311070122088287,next-10,pass
17,s17-test-19-11,e54b8dcb91b6aed7beb4fd8cea5a719b,random,4,4,True,1,1.768608375655551,next-7,pass
17,s17-test-20-0,f0fc85eb261e7d7ba5d692d4bd80b458,information_gain,0,0,True,1,1.6803873731141987,,
17,s17-test-20-0,f0fc85eb261e7d7ba5d692d4bd80b458,information_gain,1,1,True,1,0.549312733615755,next-6,fail
17,s17-test-20-0,f0fc85eb261e7d7ba5d692d4bd80b458,information_gain,2,2,True,1,1.712968479404391,next-7,pass
17,s17-test-20-0,f0fc85eb261e7d7ba5d692d4bd80b458,information_gain,3,3,True,1,1.0828679111013808,next-5,pass
17,s17-test-20-0,f0fc85eb261e7d7ba5d692d4bd80b458,information_gain,4,4,True,1,0.6514311719754068,next-10,pass
17,s17-test-20-0,f0fc85eb261e7d7ba5d692d4bd80b458,random,0,0,True,1,1.6803873731141987,,
17,s17-test-20-0,f0fc85eb261e7d7ba5d692d4bd80b458,random,1,1,True,1,1.6749655803624313,next-11,pass
17,s17-test-20-0,f0fc85eb261e7d7ba5d692d4bd80b458,random,2,2,True,1,1.379418129664278,next-3,pass
17,s17-test-20-0,f0fc85eb261e7d7ba5d692d4bd80b458,random,3,3,False,2,1.1004928443657547,next-7,pass
17,s17-test-20-0,f0fc85eb261e7d7ba5d692d4bd80b458,random,4,4,True,1,1.4229849093953868,next-9,fail
17,s17-test-20-1,f0fc85eb261e7d7ba5d692d4bd80b458,information_gain,0,0,False,13,2.4490006767057886,,
17,s17-test-20-1,f0fc85eb261e7d7ba5d692d4bd80b458,information_gain,1,1,False,13,2.2212235730915024,next-3,pass
17,s17-test-20-1,f0fc85eb261e7d7ba5d692d4bd80b458,information_gain,2,2,False,11,1.9396015194878728,next-5,pass
17,s17-test-20-1,f0fc85eb261e7d7ba5d692d4bd80b458,information_gain,3,3,False,11,3.344214373652624,next-10,pass
17,s17-test-20-1,f0fc85eb261e7d7ba5d692d4bd80b458,information_gain,4,4,False,8,3.4488472329618967,next-0,pass
17,s17-test-20-1,f0fc85eb261e7d7ba5d692d4bd80b458,random,0,0,False,13,2.4490006767057886,,
17,s17-test-20-1,f0fc85eb261e7d7ba5d692d4bd80b458,random,1,1,False,11,2.2240445569135505,next-1,pass
17,s17-test-20-1,f0fc85eb261e7d7ba5d692d4bd80b458,random,2,2,False,11,2.0915451883683267,next-10,pass
17,s17-test-20-1,f0fc85eb261e7d7ba5d692d4bd80b458,random,3,3,False,12,2.0430726534117696,next-8,fail
17,s17-test-20-1,f0fc85eb261e7d7ba5d692d4bd80b458,random,4,4,False,10,1.9492562451862767,next-7,pass
17,s17-test-20-2,f0fc85eb261e7d7ba5d692d4bd80b458,information_gain,0,0,False,3,1.9333768645787088,,
17,s17-test-20-2,f0fc85eb261e7d7ba5d692d4bd80b458,information_gain,1,1,False,3,1.676708259409641,next-5,pass
17,s17-test-20-2,f0fc85eb261e7d7ba5d692d4bd80b458,information_gain,2,2,False,2,1.190851644991524,next-7,pass
17,s17-test-20-2,f0fc85eb261e7d7ba5d692d4bd80b458,information_gain,3,3,False,2,1.0355229806929267,next-2,pass
17,s17-test-20-2,f0fc85eb261e7d7ba5d692d4bd80b458,information_gain,4,4,False,2,0.8955984092685835,next-9,pass
17,s17-test-20-2,f0fc85eb261e7d7ba5d692d4bd80b458,random,0,0,False,3,1.9333768645787088,,
17,s17-test-20-2,f0fc85eb261e7d7ba5d692d4bd80b458,random,1,1,False,3,1.7310552746618113,next-7,pass
17,s17-test-20-2,f0fc85eb261e7d7ba5d692d4bd80b458,random,2,2,False,2,1.1908516449915238,next-5,pass
17,s17-test-20-2,f0fc85eb261e7d7ba5d692d4bd80b458,random,3,3,False,2,1.0574838404880698,next-9,pass
17,s17-test-20-2,f0fc85eb261e7d7ba5d692d4bd80b458,random,4,4,False,2,1.031860547769222,next-0,pass
17,s17-test-20-3,f0fc85eb261e7d7ba5d692d4bd80b458,information_gain,0,0,False,2,1.9397565608652951,,
17,s17-test-20-3,f0fc85eb261e7d7ba5d692d4bd80b458,information_gain,1,1,True,1,0.5184193837595097,next-0,fail
17,s17-test-20-3,f0fc85eb261e7d7ba5d692d4bd80b458,information_gain,2,2,True,1,0.028498575405606668,next-10,fail
17,s17-test-20-3,f0fc85eb261e7d7ba5d692d4bd80b458,information_gain,3,3,True,1,0.0015562107404893926,next-7,fail
17,s17-test-20-3,f0fc85eb261e7d7ba5d692d4bd80b458,information_gain,4,4,True,1,0.0005227402822297739,next-1,fail
17,s17-test-20-3,f0fc85eb261e7d7ba5d692d4bd80b458,random,0,0,False,2,1.9397565608652951,,
17,s17-test-20-3,f0fc85eb261e7d7ba5d692d4bd80b458,random,1,1,False,2,1.820953324431964,next-11,pass
17,s17-test-20-3,f0fc85eb261e7d7ba5d692d4bd80b458,random,2,2,False,2,2.4749324528311485,next-2,fail
17,s17-test-20-3,f0fc85eb261e7d7ba5d692d4bd80b458,random,3,3,True,1,0.561019542996315,next-7,fail
17,s17-test-20-3,f0fc85eb261e7d7ba5d692d4bd80b458,random,4,4,True,1,0.4244110055095719,next-4,pass
17,s17-test-20-4,f0fc85eb261e7d7ba5d692d4bd80b458,information_gain,0,0,True,1,1.936954217713223,,
17,s17-test-20-4,f0fc85eb261e7d7ba5d692d4bd80b458,information_gain,1,1,True,1,0.1745699402454864,next-11,fail
17,s17-test-20-4,f0fc85eb261e7d7ba5d692d4bd80b458,information_gain,2,2,True,1,0.9138202260398021,next-7,pass
17,s17-test-20-4,f0fc85eb261e7d7ba5d692d4bd80b458,information_gain,3,3,True,1,0.7489125818414979,next-1,pass
17,s17-test-20-4,f0fc85eb261e7d7ba5d692d4bd80b458,information_gain,4,4,True,1,0.6148613281752373,next-4,pass
17,s17-test-20-4,f0fc85eb261e7d7ba5d692d4bd80b458,random,0,0,True,1,1.936954217713223,,
17,s17-test-20-4,f0fc85eb261e7d7ba5d692d4bd80b458,random,1,1,True,1,0.1745699402454864,next-11,fail
17,s17-test-20-4,f0fc85eb261e7d7ba5d692d4bd80b458,random,2,2,True,1,0.15038995354363913,next-10,pass
17,s17-test-20-4,f0fc85eb261e7d7ba5d692d4bd80b458,random,3,3,True,1,0.11452645505328708,next-1,pass
17,s17-test-20-4,f0fc85eb261e7d7ba5d692d4bd80b458,random,4,4,True,1,0.10947446369078713,next-4,pass
17,s17-test-20-5,f0fc85eb261e7d7ba5d692d4bd80b458,information_gain,0,0,False,2,1.9333768645787088,,
17,s17-test-20-5,f0fc85eb261e7d7ba5d692d4bd80b458,information_gain,1,1,False,2,1.7310552746618113,next-8,pass
17,s17-test-20-5,f0fc85eb261e7d7ba5d692d4bd80b458,information_gain,2,2,False,2,3.031284112961678,next-10,pass
17,s17-test-20-5,f0fc85eb261e7d7ba5d692d4bd80b458,information_gain,3,3,False,2,1.32970452790647,next-11,fail
17,s17-test-20-5,f0fc85eb261e7d7ba5d692d4bd80b458,information_gain,4,4,True,1,0.2254840737965172,next-1,fail
17,s17-test-20-5,f0fc85eb261e7d7ba5d692d4bd80b458,random,0,0,False,2,1.9333768645787088,,
17,s17-test-20-5,f0fc85eb261e7d7ba5d692d4bd80b458,random,1,1,False,2,1.8622152508544856,next-7,pass
17,s17-test-20-5,f0fc85eb261e7d7ba5d692d4bd80b458,random,2,2,True,1,0.44507916104989564,next-1,fail
17,s17-test-20-5,f0fc85eb261e7d7ba5d692d4bd80b458,random,3,3,True,1,0.4373678463782322,next-2,pass
17,s17-test-20-5,f0fc85eb261e7d7ba5d692d4bd80b458,random,4,4,True,1,0.2068301523465998,next-5,fail
17,s17-test-20-6,f0fc85eb261e7d7ba5d692d4bd80b458,information_gain,0,0,False,2,3.5204994010690474,,
17,s17-test-20-6,f0fc85eb261e7d7ba5d692d4bd80b458,information_gain,1,1,False,2,3.267536691373461,next-1,pass
17,s17-test-20-6,f0fc85eb261e7d7ba5d692d4bd80b458,information_gain,2,2,True,1,1.6229358893592505,next-2,fail
17,s17-test-20-6,f0fc85eb261e7d7ba5d692d4bd80b458,information_gain,3,3,True,1,0.28203063532845124,next-3,fail
17,s17-test-20-6,f0fc85eb261e7d7ba5d692d4bd80b458,information_gain,4,4,True,1,0.25400360942891664,next-0,pass
17,s17-test-20-6,f0fc85eb261e7d7ba5d692d4bd80b458,random,0,0,False,2,3.5204994010690474,,
17,s17-test-20-6,f0fc85eb261e7d7ba5d692d4bd80b458,random,1,1,False,2,3.267536691373461,next-1,pass
17,s17-test-20-6,f0fc85eb261e7d7ba5d692d4bd80b458,random,2,2,True,1,1.6229358893592505,next-2,fail
17,s17-test-20-6,f0fc85eb261e7d7ba5d692d4bd80b458,random,3,3,True,1,1.5737405443977326,next-10,pass
17,s17-test-20-6,f0fc85eb261e7d7ba5d692d4bd80b458,random,4,4,True,1,1.5572830156773703,next-6,pass
17,s17-test-20-7,f0fc85eb261e7d7ba5d692d4bd80b458,information_gain,0,0,True,1,0.4537798829542854,,
17,s17-test-20-7,f0fc85eb261e7d7ba5d692d4bd80b458,information_gain,1,1,True,1,0.16652088733119397,next-2,pass
17,s17-test-20-7,f0fc85eb261e7d7ba5d692d4bd80b458,information_gain,2,2,True,1,0.03950191961055354,next-7,fail
17,s17-test-20-7,f0fc85eb261e7d7ba5d692d4bd80b458,information_gain,3,3,True,1,0.010476877972903266,next-0,pass
17,s17-test-20-7,f0fc85eb261e7d7ba5d692d4bd80b458,information_gain,4,4,True,1,0.00580735126968006,next-5,pass
17,s17-test-20-7,f0fc85eb261e7d7ba5d692d4bd80b458,random,0,0,True,1,0.4537798829542854,,
17,s17-test-20-7,f0fc85eb261e7d7ba5d692d4bd80b458,random,1,1,True,1,0.44507916104989553,next-11,pass
17,s17-test-20-7,f0fc85eb261e7d7ba5d692d4bd80b458,random,2,2,True,1,0.750206262984859,next-6,fail
17,s17-test-20-7,f0fc85eb261e7d7ba5d692d4bd80b458,random,3,3,True,1,0.3992633418285081,next-3,fail
17,s17-test-20-7,f0fc85eb261e7d7ba5d692d4bd80b458,random,4,4,True,1,0.39921647343338434,next-8,pass
17,s17-test-20-8,f0fc85eb261e7d7ba5d692d4bd80b458,information_gain,0,0,True,1,2.2744446009911248,,
17,s17-test-20-8,f0fc85eb261e7d7ba5d692d4bd80b458,information_gain,1,1,True,1,2.22336697848965,next-7,pass
17,s17-test-20-8,f0fc85eb261e7d7ba5d692d4bd80b458,information_gain,2,2,True,1,0.1898227662519788,next-11,fail
17,s17-test-20-8,f0fc85eb261e7d7ba5d692d4bd80b458,information_gain,3,3,True,1,0.017702586447190204,next-1,fail
17,s17-test-20-8,f0fc85eb261e7d7ba5d692d4bd80b458,information_gain,4,4,True,1,0.10587979756021976,next-2,pass
17,s17-test-20-8,f0fc85eb261e7d7ba5d692d4bd80b458,random,0,0,True,1,2.2744446009911248,,
17,s17-test-20-8,f0fc85eb261e7d7ba5d692d4bd80b458,random,1,1,True,1,2.22336697848965,next-7,pass
17,s17-test-20-8,f0fc85eb261e7d7ba5d692d4bd80b458,random,2,2,True,1,0.5471597234438798,next-9,fail
17,s17-test-20-8,f0fc85eb261e7d7ba5d692d4bd80b458,random,3,3,True,1,0.4100259451840597,next-6,pass
17,s17-test-20-8,f0fc85eb261e7d7ba5d692d4bd80b458,random,4,4,True,1,0.37623128040060794,next-8,pass
17,s17-test-20-9,f0fc85eb261e7d7ba5d692d4bd80b458,information_gain,0,0,True,1,3.5544033202686456,,
17,s17-test-20-9,f0fc85eb261e7d7ba5d692d4bd80b458,information_gain,1,1,True,1,3.2097121607876837,next-1,pass
17,s17-test-20-9,f0fc85eb261e7d7ba5d692d4bd80b458,information_gain,2,2,True,1,3.010029029720296,next-6,pass
17,s17-test-20-9,f0fc85eb261e7d7ba5d692d4bd80b458,information_gain,3,3,True,1,2.838342069810294,next-10,pass
17,s17-test-20-9,f0fc85eb261e7d7ba5d692d4bd80b458,information_gain,4,4,True,1,2.645389874288245,next-11,pass
17,s17-test-20-9,f0fc85eb261e7d7ba5d692d4bd80b458,random,0,0,True,1,3.5544033202686456,,
17,s17-test-20-9,f0fc85eb261e7d7ba5d692d4bd80b458,random,1,1,True,1,3.474638324919861,next-0,pass
17,s17-test-20-9,f0fc85eb261e7d7ba5d692d4bd80b458,random,2,2,True,1,3.1121431528608534,next-1,pass
17,s17-test-20-9,f0fc85eb261e7d7ba5d692d4bd80b458,random,3,3,True,1,3.0043640897941155,next-3,pass
17,s17-test-20-9,f0fc85eb261e7d7ba5d692d4bd80b458,random,4,4,True,1,2.8287282541300955,next-9,pass
17,s17-test-20-10,f0fc85eb261e7d7ba5d692d4bd80b458,information_gain,0,0,True,1,0.7652886618276017,,
17,s17-test-20-10,f0fc85eb261e7d7ba5d692d4bd80b458,information_gain,1,1,True,1,0.21686095232668276,next-6,fail
17,s17-test-20-10,f0fc85eb261e7d7ba5d692d4bd80b458,information_gain,2,2,True,1,0.06631872229353478,next-4,pass
17,s17-test-20-10,f0fc85eb261e7d7ba5d692d4bd80b458,information_gain,3,3,True,1,0.01301993937884832,next-2,fail
17,s17-test-20-10,f0fc85eb261e7d7ba5d692d4bd80b458,information_gain,4,4,True,1,0.004394073377259705,next-11,pass
17,s17-test-20-10,f0fc85eb261e7d7ba5d692d4bd80b458,random,0,0,True,1,0.7652886618276017,,
17,s17-test-20-10,f0fc85eb261e7d7ba5d692d4bd80b458,random,1,1,True,1,0.22581630243774292,next-3,fail
17,s17-test-20-10,f0fc85eb261e7d7ba5d692d4bd80b458,random,2,2,True,1,0.030702302592429776,next-10,fail
17,s17-test-20-10,f0fc85eb261e7d7ba5d692d4bd80b458,random,3,3,True,1,0.010654718014400459,next-6,fail
17,s17-test-20-10,f0fc85eb261e7d7ba5d692d4bd80b458,random,4,4,True,1,0.010641443593281263,next-8,pass
17,s17-test-20-11,f0fc85eb261e7d7ba5d692d4bd80b458,information_gain,0,0,False,5,3.312007671441669,,
17,s17-test-20-11,f0fc85eb261e7d7ba5d692d4bd80b458,information_gain,1,1,False,4,3.0161526862772963,next-11,pass
17,s17-test-20-11,f0fc85eb261e7d7ba5d692d4bd80b458,information_gain,2,2,False,3,2.785516528791433,next-9,pass
17,s17-test-20-11,f0fc85eb261e7d7ba5d692d4bd80b458,information_gain,3,3,True,1,1.5933259823606891,next-4,fail
17,s17-test-20-11,f0fc85eb261e7d7ba5d692d4bd80b458,information_gain,4,4,True,1,0.5706569085279312,next-10,fail
17,s17-test-20-11,f0fc85eb261e7d7ba5d692d4bd80b458,random,0,0,False,5,3.312007671441669,,
17,s17-test-20-11,f0fc85eb261e7d7ba5d692d4bd80b458,random,1,1,False,5,3.171582996581387,next-1,pass
17,s17-test-20-11,f0fc85eb261e7d7ba5d692d4bd80b458,random,2,2,False,4,2.8421791044942317,next-11,pass
17,s17-test-20-11,f0fc85eb261e7d7ba5d692d4bd80b458,random,3,3,False,4,2.8287282541300955,next-7,pass
17,s17-test-20-11,f0fc85eb261e7d7ba5d692d4bd80b458,random,4,4,True,1,1.662859231562323,next-4,fail
17,s17-test-21-0,9ea6312292088bd88c84dee6d4bc5c41,information_gain,0,0,True,1,2.3685411841294024,,
17,s17-test-21-0,9ea6312292088bd88c84dee6d4bc5c41,information_gain,1,1,True,1,0.2502436795369578,next-10,fail
17,s17-test-21-0,9ea6312292088bd88c84dee6d4bc5c41,information_gain,2,2,True,1,0.020337132341990194,next-8,fail
17,s17-test-21-0,9ea6312292088bd88c84dee6d4bc5c41,information_gain,3,3,True,1,0.0187072495905808,next-3,pass
17,s17-test-21-0,9ea6312292088bd88c84dee6d4bc5c41,information_gain,4,4,True,1,0.017077022043381095,next-6,pass
17,s17-test-21-0,9ea6312292088bd88c84dee6d4bc5c41,random,0,0,True,1,2.3685411841294024,,
17,s17-test-21-0,9ea6312292088bd88c84dee6d4bc5c41,random,1,1,True,1,2.2818778526294254,next-3,pass
17,s17-test-21-0,9ea6312292088bd88c84dee6d4bc5c41,random,2,2,True,1,2.1924827246622804,next-4,pass
17,s17-test-21-0,9ea6312292088bd88c84dee6d4bc5c41,random,3,3,True,1,2.0372124159632876,next-0,pass
17,s17-test-21-0,9ea6312292088bd88c84dee6d4bc5c41,random,4,4,True,1,1.9561607154504337,next-1,pass
17,s17-test-21-1,9ea6312292088bd88c84dee6d4bc5c41,information_gain,0,0,True,1,3.9388923524866306,,
17,s17-test-21-1,9ea6312292088bd88c84dee6d4bc5c41,information_gain,1,1,True,1,3.8066100225772552,next-10,pass
17,s17-test-21-1,9ea6312292088bd88c84dee6d4bc5c41,information_gain,2,2,True,1,3.6684425655005994,next-4,pass
17,s17-test-21-1,9ea6312292088bd88c84dee6d4bc5c41,information_gain,3,3,True,1,3.5169539393730336,next-7,pass
17,s17-test-21-1,9ea6312292088bd88c84dee6d4bc5c41,information_gain,4,4,True,1,3.394038684464254,next-2,pass
17,s17-test-21-1,9ea6312292088bd88c84dee6d4bc5c41,random,0,0,True,1,3.9388923524866306,,
17,s17-test-21-1,9ea6312292088bd88c84dee6d4bc5c41,random,1,1,True,1,3.877120868930111,next-8,pass
17,s17-test-21-1,9ea6312292088bd88c84dee6d4bc5c41,random,2,2,True,1,3.7455525121298914,next-7,pass
17,s17-test-21-1,9ea6312292088bd88c84dee6d4bc5c41,random,3,3,True,1,3.739065175102589,next-6,pass
17,s17-test-21-1,9ea6312292088bd88c84dee6d4bc5c41,random,4,4,True,1,3.6684425655005994,next-9,pass
17,s17-test-21-2,9ea6312292088bd88c84dee6d4bc5c41,information_gain,0,0,False,8,3.931821009144112,,
17,s17-test-21-2,9ea6312292088bd88c84dee6d4bc5c41,information_gain,1,1,False,6,3.776110160270498,next-5,pass
17,s17-test-21-2,9ea6312292088bd88c84dee6d4bc5c41,information_gain,2,2,False,6,3.6362068596726695,next-1,pass
17,s17-test-21-2,9ea6312292088bd88c84dee6d4bc5c41,information_gain,3,3,False,5,3.5537145069583653,next-4,pass
17,s17-test-21-2,9ea6312292088bd88c84dee6d4bc5c41,information_gain,4,4,False,5,3.4749350400103265,next-7,pass
17,s17-test-21-2,9ea6312292088bd88c84dee6d4bc5c41,random,0,0,False,8,3.931821009144112,,
17,s17-test-21-2,9ea6312292088bd88c84dee6d4bc5c41,random,1,1,False,7,3.8416901005075332,next-4,pass
17,s17-test-21-2,9ea6312292088bd88c84dee6d4bc5c41,random,2,2,False,6,3.776110160270498,next-11,pass
17,s17-test-21-2,9ea6312292088bd88c84dee6d4bc5c41,random,3,3,False,5,3.7008721023942357,next-6,pass
17,s17-test-21-2,9ea6312292088bd88c84dee6d4bc5c41,random,4,4,False,5,3.6684425655005994,next-2,pass
17,s17-test-21-3,9ea6312292088bd88c84dee6d4bc5c41,information_gain,0,0,False,16,4.102929862784416,,
17,s17-test-21-3,9ea6312292088bd88c84dee6d4bc5c41,information_gain,1,1,False,13,3.931821009144112,next-7,pass
17,s17-test-21-3,9ea6312292088bd88c84dee6d4bc5c41,information_gain,2,2,False,11,3.8063006040804006,next-3,pass
17,s17-test-21-3,9ea6312292088bd88c84dee6d4bc5c41,information_gain,3,3,False,9,3.670115901232844,next-4,pass
17,s17-test-21-3,9ea6312292088bd88c84dee6d4bc5c41,information_gain,4,4,False,7,3.521921753280888,next-5,pass
17,s17-test-21-3,9ea6312292088bd88c84dee6d4bc5c41,random,0,0,False,16,4.102929862784416,,
17,s17-test-21-3,9ea6312292088bd88c84dee6d4bc5c41,random,1,1,False,14,3.990996516580612,next-8,pass
17,s17-test-21-3,9ea6312292088bd88c84dee6d4bc5c41,random,2,2,False,13,3.931821009144112,next-0,pass
17,s17-test-21-3,9ea6312292088bd88c84dee6d4bc5c41,random,3,3,False,12,3.870309146635556,next-11,pass
17,s17-test-21-3,9ea6312292088bd88c84dee6d4bc5c41,random,4,4,False,11,3.7455525121298914,next-7,pass
17,s17-test-21-4,9ea6312292088bd88c84dee6d4bc5c41,information_gain,0,0,True,1,2.354165870894237,,
17,s17-test-21-4,9ea6312292088bd88c84dee6d4bc5c41,information_gain,1,1,True,1,0.6641143124935829,next-6,fail
17,s17-test-21-4,9ea6312292088bd88c84dee6d4bc5c41,information_gain,2,2,True,1,0.03574607087098793,next-4,fail
17,s17-test-21-4,9ea6312292088bd88c84dee6d4bc5c41,information_gain,3,3,True,1,0.0019191009206225656,next-8,fail
17,s17-test-21-4,9ea6312292088bd88c84dee6d4bc5c41,information_gain,4,4,True,1,0.00046485752279703347,next-11,fail
17,s17-test-21-4,9ea6312292088bd88c84dee6d4bc5c41,random,0,0,True,1,2.354165870894237,,
17,s17-test-21-4,9ea6312292088bd88c84dee6d4bc5c41,random,1,1,True,1,2.2389017593515264,next-9,pass
17,s17-test-21-4,9ea6312292088bd88c84dee6d4bc5c41,random,2,2,True,1,2.17259602751239,next-0,pass
17,s17-test-21-4,9ea6312292088bd88c84dee6d4bc5c41,random,3,3,True,1,2.160009986632829,next-3,pass
17,s17-test-21-4,9ea6312292088bd88c84dee6d4bc5c41,random,4,4,True,1,2.1493893824320844,next-5,pass
17,s17-test-21-5,9ea6312292088bd88c84dee6d4bc5c41,information_gain,0,0,False,15,2.161775305686253,,
17,s17-test-21-5,9ea6312292088bd88c84dee6d4bc5c41,information_gain,1,1,False,2,0.32629834747716613,next-10,fail
17,s17-test-21-5,9ea6312292088bd88c84dee6d4bc5c41,information_gain,2,2,False,2,0.30295509548111865,next-1,pass
17,s17-test-21-5,9ea6312292088bd88c84dee6d4bc5c41,information_gain,3,3,False,2,0.28612392458777675,next-11,pass
17,s17-test-21-5,9ea6312292088bd88c84dee6d4bc5c41,information_gain,4,4,False,3,0.5075363178569188,next-3,fail
17,s17-test-21-5,9ea6312292088bd88c84dee6d4bc5c41,random,0,0,False,15,2.161775305686253,,
17,s17-test-21-5,9ea6312292088bd88c84dee6d4bc5c41,random,1,1,False,13,1.9840834288090723,next-4,pass
17,s17-test-21-5,9ea6312292088bd88c84dee6d4bc5c41,random,2,2,False,11,1.7945198233349409,next-1,pass
17,s17-test-21-5,9ea6312292088bd88c84dee6d4bc5c41,random,3,3,False,10,1.7040001350218157,next-0,pass
17,s17-test-21-5,9ea6312292088bd88c84dee6d4bc5c41,random,4,4,False,2,0.2849063601652077,next-10,fail
17,s17-test-21-6,9ea6312292088bd88c84dee6d4bc5c41,information_gain,0,0,False,13,3.931821009144112,,
17,s17-test-21-6,9ea6312292088bd88c84dee6d4bc5c41,information_gain,1,1,False,10,3.7396270218733276,next-1,pass
17,s17-test-21-6,9ea6312292088bd88c84dee6d4bc5c41,information_gain,2,2,False,8,3.597598113664237,next-11,pass
17,s17-test-21-6,9ea6312292088bd88c84dee6d4bc5c41,information_gain,3,3,False,7,3.443989281057938,next-3,pass
17,s17-test-21-6,9ea6312292088bd88c84dee6d4bc5c41,information_gain,4,4,False,6,3.3161214356484567,next-2,pass
17,s17-test-21-6,9ea6312292088bd88c84dee6d4bc5c41,random,0,0,False,13,3.931821009144112,,
17,s17-test-21-6,9ea6312292088bd88c84dee6d4bc5c41,random,1,1,False,12,3.8127424531462877,next-0,pass
17,s17-test-21-6,9ea6312292088bd88c84dee6d4bc5c41,random,2,2,False,11,3.7455525121298914,next-10,pass
17,s17-test-21-6,9ea6312292088bd88c84dee6d4bc5c41,random,3,3,False,10,3.675328317488499,next-4,pass
17,s17-test-21-6,9ea6312292088bd88c84dee6d4bc5c41,random,4,4,False,9,3.559552287208008,next-3,pass
17,s17-test-21-7,9ea6312292088bd88c84dee6d4bc5c41,information_gain,0,0,True,1,2.6803307504733636,,
17,s17-test-21-7,9ea6312292088bd88c84dee6d4bc5c41,information_gain,1,1,True,1,0.6717493768724787,next-8,fail
17,s17-test-21-7,9ea6312292088bd88c84dee6d4bc5c41,information_gain,2,2,True,1,0.2737872864398631,next-11,pass
17,s17-test-21-7,9ea6312292088bd88c84dee6d4bc5c41,information_gain,3,3,True,1,0.027099823091581852,next-3,fail
17,s17-test-21-7,9ea6312292088bd88c84dee6d4bc5c41,information_gain,4,4,True,1,0.014227768327826702,next-0,pass
17,s17-test-21-7,9ea6312292088bd88c84dee6d4bc5c41,random,0,0,True,1,2.6803307504733636,,
17,s17-test-21-7,9ea6312292088bd88c84dee6d4bc5c41,random,1,1,True,1,0.6717493768724787,next-8,fail
17,s17-test-21-7,9ea6312292088bd88c84dee6d4bc5c41,random,2,2,True,1,0.6578233699033531,next-7,pass
17,s17-test-21-7,9ea6312292088bd88c84dee6d4bc5c41,random,3,3,True,1,0.6318693144506675,next-6,pass
17,s17-test-21-7,9ea6312292088bd88c84dee6d4bc5c41,random,4,4,True,1,0.6209318913100357,next-0,pass
17,s17-test-21-8,9ea6312292088bd88c84dee6d4bc5c41,information_gain,0,0,True,1,4.102929862784416,,
17,s17-test-21-8,9ea6312292088bd88c84dee6d4bc5c41,information_gain,1,1,True,1,3.9650782424897897,next-3,pass
17,s17-test-21-8,9ea6312292088bd88c84dee6d4bc5c41,information_gain,2,2,True,1,3.8416901005075332,next-4,pass
17,s17-test-21-8,9ea6312292088bd88c84dee6d4bc5c41,information_gain,3,3,True,1,3.7076841751325014,next-7,pass
17,s17-test-21-8,9ea6312292088bd88c84dee6d4bc5c41,information_gain,4,4,True,1,3.561468018542913,next-9,pass
17,s17-test-21-8,9ea6312292088bd88c84dee6d4bc5c41,random,0,0,True,1,4.102929862784416,,
17,s17-test-21-8,9ea6312292088bd88c84dee6d4bc5c41,random,1,1,True,1,3.990996516580612,next-4,pass
17,s17-test-21-8,9ea6312292088bd88c84dee6d4bc5c41,random,2,2,True,1,3.904618823871977,next-0,pass
17,s17-test-21-8,9ea6312292088bd88c84dee6d4bc5c41,random,3,3,True,1,3.8127424531462877,next-7,pass
17,s17-test-21-8,9ea6312292088bd88c84dee6d4bc5c41,random,4,4,True,1,3.714620058355599,next-11,pass
17,s17-test-21-9,9ea6312292088bd88c84dee6d4bc5c41,information_gain,0,0,False,10,4.047986139206549,,
17,s17-test-21-9,9ea6312292088bd88c84dee6d4bc5c41,information_gain,1,1,False,8,3.870309146635556,next-0,pass
17,s17-test-21-9,9ea6312292088bd88c84dee6d4bc5c41,information_gain,2,2,False,7,3.7396270218733276,next-10,pass
17,s17-test-21-9,9ea6312292088bd88c84dee6d4bc5c41,information_gain,3,3,False,6,3.601829893881687,next-1,pass
17,s17-test-21-9,9ea6312292088bd88c84dee6d4bc5c41,information_gain,4,4,False,5,3.47964312061742,next-11,pass
17,s17-test-21-9,9ea6312292088bd88c84dee6d4bc5c41,random,0,0,False,10,4.047986139206549,,
17,s17-test-21-9,9ea6312292088bd88c84dee6d4bc5c41,random,1,1,False,9,3.9388923524866306,next-1,pass
17,s17-test-21-9,9ea6312292088bd88c84dee6d4bc5c41,random,2,2,False,7,3.8066100225772552,next-11,pass
17,s17-test-21-9,9ea6312292088bd88c84dee6d4bc5c41,random,3,3,False,6,3.635589431085668,next-0,pass
17,s17-test-21-9,9ea6312292088bd88c84dee6d4bc5c41,random,4,4,False,5,3.47964312061742,next-6,pass
17,s17-test-21-10,9ea6312292088bd88c84dee6d4bc5c41,information_gain,0,0,False,13,4.047986139206549,,
17,s17-test-21-10,9ea6312292088bd88c84dee6d4bc5c41,information_gain,1,1,False,11,3.870309146635556,next-11,pass
17,s17-test-21-10,9ea6312292088bd88c84dee6d4bc5c41,information_gain,2,2,False,10,3.7455525121298914,next-0,pass
17,s17-test-21-10,9ea6312292088bd88c84dee6d4bc5c41,information_gain,3,3,False,9,3.6425503502407155,next-6,pass
17,s17-test-21-10,9ea6312292088bd88c84dee6d4bc5c41,information_gain,4,4,False,8,3.5669739878661053,next-10,pass
17,s17-test-21-10,9ea6312292088bd88c84dee6d4bc5c41,random,0,0,False,13,4.047986139206549,,
17,s17-test-21-10,9ea6312292088bd88c84dee6d4bc5c41,random,1,1,False,11,3.931821009144112,next-4,pass
17,s17-test-21-10,9ea6312292088bd88c84dee6d4bc5c41,random,2,2,False,11,3.870309146635556,next-7,pass
17,s17-test-21-10,9ea6312292088bd88c84dee6d4bc5c41,random,3,3,False,10,3.7455525121298914,next-0,pass
17,s17-test-21-10,9ea6312292088bd88c84dee6d4bc5c41,random,4,4,False,9,3.6425503502407155,next-6,pass
17,s17-test-21-11,9ea6312292088bd88c84dee6d4bc5c41,information_gain,0,0,False,12,4.102929862784416,,
17,s17-test-21-11,9ea6312292088bd88c84dee6d4bc5c41,information_gain,1,1,False,10,3.931821009144112,next-4,pass
17,s17-test-21-11,9ea6312292088bd88c84dee6d4bc5c41,information_gain,2,2,False,8,3.8063006040804006,next-11,pass
17,s17-test-21-11,9ea6312292088bd88c84dee6d4bc5c41,information_gain,3,3,False,8,3.670115901232844,next-6,pass
17,s17-test-21-11,9ea6312292088bd88c84dee6d4bc5c41,information_gain,4,4,False,6,3.521921753280888,next-9,pass
17,s17-test-21-11,9ea6312292088bd88c84dee6d4bc5c41,random,0,0,False,12,4.102929862784416,,
17,s17-test-21-11,9ea6312292088bd88c84dee6d4bc5c41,random,1,1,False,11,4.047986139206549,next-7,pass
17,s17-test-21-11,9ea6312292088bd88c84dee6d4bc5c41,random,2,2,False,9,3.931821009144112,next-9,pass
17,s17-test-21-11,9ea6312292088bd88c84dee6d4bc5c41,random,3,3,False,9,3.870309146635556,next-2,pass
17,s17-test-21-11,9ea6312292088bd88c84dee6d4bc5c41,random,4,4,True,1,2.000850817282418,next-5,fail
17,s17-test-22-0,bd580b1b77ee194fb277614af5f36968,information_gain,0,0,False,7,1.6331679921099986,,
17,s17-test-22-0,bd580b1b77ee194fb277614af5f36968,information_gain,1,1,False,6,1.4056104751701224,next-3,pass
17,s17-test-22-0,bd580b1b77ee194fb277614af5f36968,information_gain,2,2,False,6,2.6579117092784723,next-6,pass
17,s17-test-22-0,bd580b1b77ee194fb277614af5f36968,information_gain,3,3,False,4,2.4795605197327695,next-5,pass
17,s17-test-22-0,bd580b1b77ee194fb277614af5f36968,information_gain,4,4,True,1,1.7612305209534207,next-9,fail
17,s17-test-22-0,bd580b1b77ee194fb277614af5f36968,random,0,0,False,7,1.6331679921099986,,
17,s17-test-22-0,bd580b1b77ee194fb277614af5f36968,random,1,1,False,6,1.5675504108491143,next-7,pass
17,s17-test-22-0,bd580b1b77ee194fb277614af5f36968,random,2,2,False,11,1.432222410791772,next-11,pass
17,s17-test-22-0,bd580b1b77ee194fb277614af5f36968,random,3,3,False,3,0.2600131023077135,next-8,fail
17,s17-test-22-0,bd580b1b77ee194fb277614af5f36968,random,4,4,False,4,0.29049868628544745,next-0,fail
17,s17-test-22-1,bd580b1b77ee194fb277614af5f36968,information_gain,0,0,True,1,2.91077518408985,,
17,s17-test-22-1,bd580b1b77ee194fb277614af5f36968,information_gain,1,1,True,1,2.5491938563629515,next-9,pass
17,s17-test-22-1,bd580b1b77ee194fb277614af5f36968,information_gain,2,2,True,1,2.4400493233199136,next-0,pass
17,s17-test-22-1,bd580b1b77ee194fb277614af5f36968,information_gain,3,3,True,1,1.9710706836968455,next-3,pass
17,s17-test-22-1,bd580b1b77ee194fb277614af5f36968,information_gain,4,4,True,1,1.744310129449845,next-11,pass
17,s17-test-22-1,bd580b1b77ee194fb277614af5f36968,random,0,0,True,1,2.91077518408985,,
17,s17-test-22-1,bd580b1b77ee194fb277614af5f36968,random,1,1,True,1,2.8493154717569156,next-1,pass
17,s17-test-22-1,bd580b1b77ee194fb277614af5f36968,random,2,2,True,1,2.592409090989931,next-8,pass
17,s17-test-22-1,bd580b1b77ee194fb277614af5f36968,random,3,3,True,1,2.2633244857619754,next-9,pass
17,s17-test-22-1,bd580b1b77ee194fb277614af5f36968,random,4,4,True,1,2.2409827356518943,next-4,pass
17,s17-test-22-2,bd580b1b77ee194fb277614af5f36968,information_gain,0,0,True,1,1.0243606089931239,,
17,s17-test-22-2,bd580b1b77ee194fb277614af5f36968,information_gain,1,1,True,1,0.09203411732940166,next-0,fail
17,s17-test-22-2,bd580b1b77ee194fb277614af5f36968,information_gain,2,2,True,1,0.054497199746440995,next-11,pass
17,s17-test-22-2,bd580b1b77ee194fb277614af5f36968,information_gain,3,3,True,1,0.009151095173620722,next-4,fail
17,s17-test-22-2,bd580b1b77ee194fb277614af5f36968,information_gain,4,4,True,1,0.0042906658705640565,next-10,pass
17,s17-test-22-2,bd580b1b77ee194fb277614af5f36968,random,0,0,True,1,1.0243606089931239,,
17,s17-test-22-2,bd580b1b77ee194fb277614af5f36968,random,1,1,True,1,0.8607332756557151,next-11,pass
17,s17-test-22-2,bd580b1b77ee194fb277614af5f36968,random,2,2,True,1,0.8299335242375184,next-10,pass
17,s17-test-22-2,bd580b1b77ee194fb277614af5f36968,random,3,3,True,1,0.8066634434456079,next-7,pass
17,s17-test-22-2,bd580b1b77ee194fb277614af5f36968,random,4,4,True,1,0.6769981057963703,next-3,pass
17,s17-test-22-3,bd580b1b77ee194fb277614af5f36968,information_gain,0,0,True,1,1.6530633664791359,,
17,s17-test-22-3,bd580b1b77ee194fb277614af5f36968,information_gain,1,1,True,1,0.4202694762321224,next-11,fail
17,s17-test-22-3,bd580b1b77ee194fb277614af5f36968,information_gain,2,2,True,1,0.03158311230606348,next-3,fail
17,s17-test-22-3,bd580b1b77ee194fb277614af5f36968,information_gain,3,3,True,1,0.02258468000879381,next-6,pass
17,s17-test-22-3,bd580b1b77ee194fb277614af5f36968,information_gain,4,4,True,1,0.20640996646851312,next-9,fail
17,s17-test-22-3,bd580b1b77ee194fb277614af5f36968,random,0,0,True,1,1.6530633664791359,,
17,s17-test-22-3,bd580b1b77ee194fb277614af5f36968,random,1,1,True,1,1.440815419662349,next-6,pass
17,s17-test-22-3,bd580b1b77ee194fb277614af5f36968,random,2,2,True,1,0.2616804046442332,next-3,fail
17,s17-test-22-3,bd580b1b77ee194fb277614af5f36968,random,3,3,True,1,0.2333668810962404,next-1,pass
17,s17-test-22-3,bd580b1b77ee194fb277614af5f36968,random,4,4,True,1,0.556303840243259,next-9,fail
17,s17-test-22-4,bd580b1b77ee194fb277614af5f36968,information_gain,0,0,False,3,2.970708806358714,,
17,s17-test-22-4,bd580b1b77ee194fb277614af5f36968,information_gain,1,1,True,1,1.8437998517469016,next-10,fail
17,s17-test-22-4,bd580b1b77ee194fb277614af5f36968,information_gain,2,2,True,1,1.52185416840893,next-7,pass
17,s17-test-22-4,bd580b1b77ee194fb277614af5f36968,information_gain,3,3,False,2,1.2804212385780172,next-4,pass
17,s17-test-22-4,bd580b1b77ee194fb277614af5f36968,information_gain,4,4,True,1,1.4538748089589544,next-0,fail
17,s17-test-22-4,bd580b1b77ee194fb277614af5f36968,random,0,0,False,3,2.970708806358714,,
17,s17-test-22-4,bd580b1b77ee194fb277614af5f36968,random,1,1,False,3,2.91077518408985,next-1,pass
17,s17-test-22-4,bd580b1b77ee194fb277614af5f36968,random,2,2,False,2,1.4535960776117178,next-11,fail
17,s17-test-22-4,bd580b1b77ee194fb277614af5f36968,random,3,3,True,1,1.1240440475614113,next-3,pass
17,s17-test-22-4,bd580b1b77ee194fb277614af5f36968,random,4,4,True,1,0.10628270154834371,next-0,fail
17,s17-test-22-5,bd580b1b77ee194fb277614af5f36968,information_gain,0,0,False,2,0.429006412358366,,
17,s17-test-22-5,bd580b1b77ee194fb277614af5f36968,information_gain,1,1,False,2,0.2719613029038817,next-8,pass
17,s17-test-22-5,bd580b1b77ee194fb277614af5f36968,information_gain,2,2,False,2,0.9848038682530532,next-6,pass
17,s17-test-22-5,bd580b1b77ee194fb277614af5f36968,information_gain,3,3,False,2,0.7621668467425087,next-1,fail
17,s17-test-22-5,bd580b1b77ee194fb277614af5f36968,information_gain,4,4,False,2,0.7585076394095656,next-4,pass
17,s17-test-22-5,bd580b1b77ee194fb277614af5f36968,random,0,0,False,2,0.429006412358366,,
17,s17-test-22-5,bd580b1b77ee194fb277614af5f36968,random,1,1,False,2,0.41388257363473413,next-2,pass
17,s17-test-22-5,bd580b1b77ee194fb277614af5f36968,random,2,2,False,2,0.26290161236936593,next-8,pass
17,s17-test-22-5,bd580b1b77ee194fb277614af5f36968,random,3,3,False,2,0.25364692365670133,next-10,pass
17,s17-test-22-5,bd580b1b77ee194fb277614af5f36968,random,4,4,False,2,0.25117483978227345,next-4,pass
17,s17-test-22-6,bd580b1b77ee194fb277614af5f36968,information_gain,0,0,False,2,1.6651642448829296,,
17,s17-test-22-6,bd580b1b77ee194fb277614af5f36968,information_gain,1,1,True,1,1.4538727642971758,next-4,pass
17,s17-test-22-6,bd580b1b77ee194fb277614af5f36968,information_gain,2,2,True,1,0.13189958255414028,next-10,fail
17,s17-test-22-6,bd580b1b77ee194fb277614af5f36968,information_gain,3,3,True,1,0.03945913005368415,next-3,fail
17,s17-test-22-6,bd580b1b77ee194fb277614af5f36968,information_gain,4,4,True,1,0.03440929062104183,next-0,fail
17,s17-test-22-6,bd580b1b77ee194fb277614af5f36968,random,0,0,False,2,1.6651642448829296,,
17,s17-test-22-6,bd580b1b77ee194fb277614af5f36968,random,1,1,False,2,1.5879212818518789,next-11,pass
17,s17-test-22-6,bd580b1b77ee194fb277614af5f36968,random,2,2,False,2,1.121130211338932,next-3,fail
17,s17-test-22-6,bd580b1b77ee194fb277614af5f36968,random,3,3,True,1,0.19814696194994014,next-10,fail
17,s17-test-22-6,bd580b1b77ee194fb277614af5f36968,random,4,4,True,1,0.1898703556290097,next-6,pass
17,s17-test-22-7,bd580b1b77ee194fb277614af5f36968,information_gain,0,0,False,7,2.8493154717569156,,
17,s17-test-22-7,bd580b1b77ee194fb277614af5f36968,information_gain,1,1,False,8,1.6517581566759199,next-3,fail
17,s17-test-22-7,bd580b1b77ee194fb277614af5f36968,information_gain,2,2,False,8,1.264329875725222,next-9,pass
17,s17-test-22-7,bd580b1b77ee194fb277614af5f36968,information_gain,3,3,False,8,2.5403358816658677,next-10,pass
17,s17-test-22-7,bd580b1b77ee194fb277614af5f36968,information_gain,4,4,False,6,2.213266053296553,next-6,pass
17,s17-test-22-7,bd580b1b77ee194fb277614af5f36968,random,0,0,False,7,2.8493154717569156,,
17,s17-test-22-7,bd580b1b77ee194fb277614af5f36968,random,1,1,False,7,2.6529913337983158,next-9,pass
17,s17-test-22-7,bd580b1b77ee194fb277614af5f36968,random,2,2,False,6,2.510918766901065,next-4,pass
17,s17-test-22-7,bd580b1b77ee194fb277614af5f36968,random,3,3,False,8,2.4265340519499214,next-0,pass
17,s17-test-22-7,bd580b1b77ee194fb277614af5f36968,random,4,4,False,8,2.2633244857619754,next-10,pass
17,s17-test-22-8,bd580b1b77ee194fb277614af5f36968,information_gain,0,0,False,4,2.7931948797283472,,
17,s17-test-22-8,bd580b1b77ee194fb277614af5f36968,information_gain,1,1,True,1,1.4322224107917723,next-0,fail
17,s17-test-22-8,bd580b1b77ee194fb277614af5f36968,information_gain,2,2,True,1,1.1790287719917836,next-4,pass
17,s17-test-22-8,bd580b1b77ee194fb277614af5f36968,information_gain,3,3,True,1,0.18169279621948428,next-6,fail
17,s17-test-22-8,bd580b1b77ee194fb277614af5f36968,information_gain,4,4,True,1,0.08366951411960724,next-5,pass
17,s17-test-22-8,bd580b1b77ee194fb277614af5f36968,random,0,0,False,4,2.7931948797283472,,
17,s17-test-22-8,bd580b1b77ee194fb277614af5f36968,random,1,1,False,4,2.592409090989931,next-4,pass
17,s17-test-22-8,bd580b1b77ee194fb277614af5f36968,random,2,2,False,3,2.436967424115443,next-5,pass
17,s17-test-22-8,bd580b1b77ee194fb277614af5f36968,random,3,3,False,3,2.3410417814494737,next-8,pass
17,s17-test-22-8,bd580b1b77ee194fb277614af5f36968,random,4,4,True,1,0.595241424471494,next-6,fail
17,s17-test-22-9,bd580b1b77ee194fb277614af5f36968,information_gain,0,0,False,4,2.860321615644838,,
17,s17-test-22-9,bd580b1b77ee194fb277614af5f36968,information_gain,1,1,False,3,1.9495765937785745,next-0,fail
17,s17-test-22-9,bd580b1b77ee194fb277614af5f36968,information_gain,2,2,False,2,1.5012348557535693,next-7,pass
17,s17-test-22-9,bd580b1b77ee194fb277614af5f36968,information_gain,3,3,True,1,0.30404330031462345,next-5,fail
17,s17-test-22-9,bd580b1b77ee194fb277614af5f36968,information_gain,4,4,True,1,0.0152816096650688,next-4,fail
17,s17-test-22-9,bd580b1b77ee194fb277614af5f36968,random,0,0,False,4,2.860321615644838,,
17,s17-test-22-9,bd580b1b77ee194fb277614af5f36968,random,1,1,False,3,2.592409090989931,next-6,pass
17,s17-test-22-9,bd580b1b77ee194fb277614af5f36968,random,2,2,False,3,2.457801866220626,next-8,pass
17,s17-test-22-9,bd580b1b77ee194fb277614af5f36968,random,3,3,False,3,2.362605255166556,next-11,pass
17,s17-test-22-9,bd580b1b77ee194fb277614af5f36968,random,4,4,False,3,2.240982735651894,next-2,pass
17,s17-test-22-10,bd580b1b77ee194fb277614af5f36968,information_gain,0,0,False,2,2.8976478769855136,,
17,s17-test-22-10,bd580b1b77ee194fb277614af5f36968,information_gain,1,1,False,2,2.574813499233338,next-5,pass
17,s17-test-22-10,bd580b1b77ee194fb277614af5f36968,information_gain,2,2,True,1,1.0995943948785505,next-7,fail
17,s17-test-22-10,bd580b1b77ee194fb277614af5f36968,information_gain,3,3,True,1,0.7721331569202885,next-0,pass
17,s17-test-22-10,bd580b1b77ee194fb277614af5f36968,information_gain,4,4,True,1,0.6447521803610674,next-11,pass
17,s17-test-22-10,bd580b1b77ee194fb277614af5f36968,random,0,0,False,2,2.8976478769855136,,
17,s17-test-22-10,bd580b1b77ee194fb277614af5f36968,random,1,1,False,2,2.706222789897536,next-0,pass
17,s17-test-22-10,bd580b1b77ee194fb277614af5f36968,random,2,2,False,2,2.6346564500171628,next-1,pass
17,s17-test-22-10,bd580b1b77ee194fb277614af5f36968,random,3,3,False,2,2.560470380623315,next-2,pass
17,s17-test-22-10,bd580b1b77ee194fb277614af5f36968,random,4,4,False,2,2.404088482136711,next-9,pass
17,s17-test-22-11,bd580b1b77ee194fb277614af5f36968,information_gain,0,0,True,1,3.272651522934946,,
17,s17-test-22-11,bd580b1b77ee194fb277614af5f36968,information_gain,1,1,True,1,2.970708806358714,next-1,pass
17,s17-test-22-11,bd580b1b77ee194fb277614af5f36968,information_gain,2,2,True,1,2.6711702602021177,next-2,pass
17,s17-test-22-11,bd580b1b77ee194fb277614af5f36968,information_gain,3,3,True,1,2.331798316071008,next-8,pass
17,s17-test-22-11,bd580b1b77ee194fb277614af5f36968,information_gain,4,4,True,1,2.078227990270956,next-9,pass
17,s17-test-22-11,bd580b1b77ee194fb277614af5f36968,random,0,0,True,1,3.272651522934946,,
17,s17-test-22-11,bd580b1b77ee194fb277614af5f36968,random,1,1,True,1,3.1772030710643673,next-3,pass
17,s17-test-22-11,bd580b1b77ee194fb277614af5f36968,random,2,2,True,1,3.076543261906183,next-0,pass
17,s17-test-22-11,bd580b1b77ee194fb277614af5f36968,random,3,3,True,1,2.8493154717569156,next-9,pass
17,s17-test-22-11,bd580b1b77ee194fb277614af5f36968,random,4,4,True,1,2.637391704232074,next-2,pass
17,s17-test-23-0,6d8311c78ea56d9c8aa5468b0afd24a9,information_gain,0,0,True,1,1.9750100243089193,,
17,s17-test-23-0,6d8311c78ea56d9c8aa5468b0afd24a9,information_gain,1,1,True,1,0.31731366787387305,next-10,fail
17,s17-test-23-0,6d8311c78ea56d9c8aa5468b0afd24a9,information_gain,2,2,True,1,0.025056037350888526,next-8,fail
17,s17-test-23-0,6d8311c78ea56d9c8aa5468b0afd24a9,information_gain,3,3,True,1,0.10246801814365804,next-1,pass
17,s17-test-23-0,6d8311c78ea56d9c8aa5468b0afd24a9,information_gain,4,4,True,1,0.0633691634445367,next-11,fail
17,s17-test-23-0,6d8311c78ea56d9c8aa5468b0afd24a9,random,0,0,True,1,1.9750100243089193,,
17,s17-test-23-0,6d8311c78ea56d9c8aa5468b0afd24a9,random,1,1,True,1,3.225629421364861,next-1,pass
17,s17-test-23-0,6d8311c78ea56d9c8aa5468b0afd24a9,random,2,2,True,1,3.023120545195493,next-9,pass
17,s17-test-23-0,6d8311c78ea56d9c8aa5468b0afd24a9,random,3,3,True,1,2.9904326532126944,next-4,pass
17,s17-test-23-0,6d8311c78ea56d9c8aa5468b0afd24a9,random,4,4,True,1,2.86975434178015,next-6,pass
17,s17-test-23-1,6d8311c78ea56d9c8aa5468b0afd24a9,information_gain,0,0,True,1,3.3608196549349794,,
17,s17-test-23-1,6d8311c78ea56d9c8aa5468b0afd24a9,information_gain,1,1,True,1,3.0647553331282427,next-1,pass
17,s17-test-23-1,6d8311c78ea56d9c8aa5468b0afd24a9,information_gain,2,2,True,1,2.849878690725495,next-2,pass
17,s17-test-23-1,6d8311c78ea56d9c8aa5468b0afd24a9,information_gain,3,3,True,1,2.658066700558853,next-11,pass
17,s17-test-23-1,6d8311c78ea56d9c8aa5468b0afd24a9,information_gain,4,4,True,1,2.4461125780036657,next-6,pass
17,s17-test-23-1,6d8311c78ea56d9c8aa5468b0afd24a9,random,0,0,True,1,3.3608196549349794,,
17,s17-test-23-1,6d8311c78ea56d9c8aa5468b0afd24a9,random,1,1,True,1,3.318505272931167,next-3,pass
17,s17-test-23-1,6d8311c78ea56d9c8aa5468b0afd24a9,random,2,2,True,1,3.215130313274381,next-0,pass
17,s17-test-23-1,6d8311c78ea56d9c8aa5468b0afd24a9,random,3,3,False,3,1.6399596577017073,next-7,fail
17,s17-test-23-1,6d8311c78ea56d9c8aa5468b0afd24a9,random,4,4,False,3,1.490409039538671,next-10,pass
17,s17-test-23-2,6d8311c78ea56d9c8aa5468b0afd24a9,information_gain,0,0,False,5,3.4024227629461943,,
17,s17-test-23-2,6d8311c78ea56d9c8aa5468b0afd24a9,information_gain,1,1,False,4,3.1760853299446525,next-1,pass
17,s17-test-23-2,6d8311c78ea56d9c8aa5468b0afd24a9,information_gain,2,2,False,4,2.9723685256630255,next-0,pass
17,s17-test-23-2,6d8311c78ea56d9c8aa5468b0afd24a9,information_gain,3,3,False,3,2.7811998336507084,next-8,pass
17,s17-test-23-2,6d8311c78ea56d9c8aa5468b0afd24a9,information_gain,4,4,False,3,2.5803065139216312,next-10,pass
17,s17-test-23-2,6d8311c78ea56d9c8aa5468b0afd24a9,random,0,0,False,5,3.4024227629461943,,
17,s17-test-23-2,6d8311c78ea56d9c8aa5468b0afd24a9,random,1,1,False,5,3.2250471676038655,next-10,pass
17,s17-test-23-2,6d8311c78ea56d9c8aa5468b0afd24a9,random,2,2,False,5,3.1261192013013397,next-6,pass
17,s17-test-23-2,6d8311c78ea56d9c8aa5468b0afd24a9,random,3,3,False,4,2.9654177836128484,next-7,pass
17,s17-test-23-2,6d8311c78ea56d9c8aa5468b0afd24a9,random,4,4,False,4,2.8352715057378677,next-5,pass
17,s17-test-23-3,6d8311c78ea56d9c8aa5468b0afd24a9,information_gain,0,0,True,1,1.892157864251547,,
17,s17-test-23-3,6d8311c78ea56d9c8aa5468b0afd24a9,information_gain,1,1,True,1,0.13926742383819093,next-11,fail
17,s17-test-23-3,6d8311c78ea56d9c8aa5468b0afd24a9,information_gain,2,2,True,1,0.10312775409731124,next-4,pass
17,s17-test-23-3,6d8311c78ea56d9c8aa5468b0afd24a9,information_gain,3,3,True,1,0.08680839273948059,next-5,pass
17,s17-test-23-3,6d8311c78ea56d9c8aa5468b0afd24a9,information_gain,4,4,True,1,0.07044427368151694,next-9,pass
17,s17-test-23-3,6d8311c78ea56d9c8aa5468b0afd24a9,random,0,0,True,1,1.892157864251547,,
17,s17-test-23-3,6d8311c78ea56d9c8aa5468b0afd24a9,random,1,1,True,1,1.7187659033117146,next-10,pass
17,s17-test-23-3,6d8311c78ea56d9c8aa5468b0afd24a9,random,2,2,True,1,1.627956976341391,next-7,pass
17,s17-test-23-3,6d8311c78ea56d9c8aa5468b0afd24a9,random,3,3,True,1,1.3645211346678723,next-4,pass
17,s17-test-23-3,6d8311c78ea56d9c8aa5468b0afd24a9,random,4,4,True,1,1.2594338604743087,next-3,pass
17,s17-test-23-4,6d8311c78ea56d9c8aa5468b0afd24a9,information_gain,0,0,False,10,3.4069919641821373,,
17,s17-test-23-4,6d8311c78ea56d9c8aa5468b0afd24a9,information_gain,1,1,False,10,2.061051976179879,next-6,fail
17,s17-test-23-4,6d8311c78ea56d9c8aa5468b0afd24a9,information_gain,2,2,False,9,1.834647605051207,next-4,pass
17,s17-test-23-4,6d8311c78ea56d9c8aa5468b0afd24a9,information_gain,3,3,False,9,1.7777076460246393,next-3,pass
17,s17-test-23-4,6d8311c78ea56d9c8aa5468b0afd24a9,information_gain,4,4,False,9,2.9674327116606936,next-5,pass
17,s17-test-23-4,6d8311c78ea56d9c8aa5468b0afd24a9,random,0,0,False,10,3.4069919641821373,,
17,s17-test-23-4,6d8311c78ea56d9c8aa5468b0afd24a9,random,1,1,False,10,2.061051976179879,next-6,fail
17,s17-test-23-4,6d8311c78ea56d9c8aa5468b0afd24a9,random,2,2,False,10,2.051215328314488,next-7,pass
17,s17-test-23-4,6d8311c78ea56d9c8aa5468b0afd24a9,random,3,3,False,10,2.0427496182980165,next-1,pass
17,s17-test-23-4,6d8311c78ea56d9c8aa5468b0afd24a9,random,4,4,False,9,1.811530632909194,next-4,pass
17,s17-test-23-5,6d8311c78ea56d9c8aa5468b0afd24a9,information_gain,0,0,False,2,1.8535715782153388,,
17,s17-test-23-5,6d8311c78ea56d9c8aa5468b0afd24a9,information_gain,1,1,True,1,0.3409486836774467,next-1,fail
17,s17-test-23-5,6d8311c78ea56d9c8aa5468b0afd24a9,information_gain,2,2,True,1,0.1952821195206154,next-3,pass
17,s17-test-23-5,6d8311c78ea56d9c8aa5468b0afd24a9,information_gain,3,3,True,1,0.1597288601077089,next-10,pass
17,s17-test-23-5,6d8311c78ea56d9c8aa5468b0afd24a9,information_gain,4,4,True,1,0.12392613398192479,next-6,pass
17,s17-test-23-5,6d8311c78ea56d9c8aa5468b0afd24a9,random,0,0,False,2,1.8535715782153388,,
17,s17-test-23-5,6d8311c78ea56d9c8aa5468b0afd24a9,random,1,1,False,2,1.780626088012549,next-10,pass
17,s17-test-23-5,6d8311c78ea56d9c8aa5468b0afd24a9,random,2,2,False,2,1.7179893310368075,next-8,pass
17,s17-test-23-5,6d8311c78ea56d9c8aa5468b0afd24a9,random,3,3,False,2,2.0239683588112354,next-11,fail
17,s17-test-23-5,6d8311c78ea56d9c8aa5468b0afd24a9,random,4,4,True,1,1.849775141130886,next-3,pass
17,s17-test-23-6,6d8311c78ea56d9c8aa5468b0afd24a9,information_gain,0,0,True,1,0.45889804088373104,,
17,s17-test-23-6,6d8311c78ea56d9c8aa5468b0afd24a9,information_gain,1,1,True,1,0.3029600389371654,next-11,pass
17,s17-test-23-6,6d8311c78ea56d9c8aa5468b0afd24a9,information_gain,2,2,True,1,0.1901924028505974,next-6,fail
17,s17-test-23-6,6d8311c78ea56d9c8aa5468b0afd24a9,information_gain,3,3,True,1,0.1886206510183189,next-10,pass
17,s17-test-23-6,6d8311c78ea56d9c8aa5468b0afd24a9,information_gain,4,4,True,1,0.18789897285926102,next-1,pass
17,s17-test-23-6,6d8311c78ea56d9c8aa5468b0afd24a9,random,0,0,True,1,0.45889804088373104,,
17,s17-test-23-6,6d8311c78ea56d9c8aa5468b0afd24a9,random,1,1,True,1,0.443851148662975,next-0,pass
17,s17-test-23-6,6d8311c78ea56d9c8aa5468b0afd24a9,random,2,2,True,1,0.42876531630537046,next-5,pass
17,s17-test-23-6,6d8311c78ea56d9c8aa5468b0afd24a9,random,3,3,True,1,0.4212077481444,next-8,pass
17,s17-test-23-6,6d8311c78ea56d9c8aa5468b0afd24a9,random,4,4,True,1,0.4112774558280784,next-1,pass
17,s17-test-23-7,6d8311c78ea56d9c8aa5468b0afd24a9,information_gain,0,0,False,3,3.3158180477437127,,
17,s17-test-23-7,6d8311c78ea56d9c8aa5468b0afd24a9,information_gain,1,1,False,2,3.130193245116505,next-4,pass
17,s17-test-23-7,6d8311c78ea56d9c8aa5468b0afd24a9,information_gain,2,2,True,1,1.7312195205570955,next-8,fail
17,s17-test-23-7,6d8311c78ea56d9c8aa5468b0afd24a9,information_gain,3,3,True,1,0.16314864769302845,next-9,fail
17,s17-test-23-7,6d8311c78ea56d9c8aa5468b0afd24a9,information_gain,4,4,True,1,0.03944213377771529,next-1,fail
17,s17-test-23-7,6d8311c78ea56d9c8aa5468b0afd24a9,random,0,0,False,3,3.3158180477437127,,
17,s17-test-23-7,6d8311c78ea56d9c8aa5468b0afd24a9,random,1,1,False,3,3.1760853299446525,next-7,pass
17,s17-test-23-7,6d8311c78ea56d9c8aa5468b0afd24a9,random,2,2,False,2,1.5889263550968702,next-9,fail
17,s17-test-23-7,6d8311c78ea56d9c8aa5468b0afd24a9,random,3,3,False,2,1.509849068675687,next-6,pass
17,s17-test-23-7,6d8311c78ea56d9c8aa5468b0afd24a9,random,4,4,True,1,0.26926737999782185,next-1,fail
17,s17-test-23-8,6d8311c78ea56d9c8aa5468b0afd24a9,information_gain,0,0,False,3,3.4024227629461943,,
17,s17-test-23-8,6d8311c78ea56d9c8aa5468b0afd24a9,information_gain,1,1,False,2,3.130193245116505,next-0,pass
17,s17-test-23-8,6d8311c78ea56d9c8aa5468b0afd24a9,information_gain,2,2,False,2,2.8647244222997306,next-6,pass
17,s17-test-23-8,6d8311c78ea56d9c8aa5468b0afd24a9,information_gain,3,3,False,2,2.5983936054393153,next-9,pass
17,s17-test-23-8,6d8311c78ea56d9c8aa5468b0afd24a9,information_gain,4,4,True,1,0.7151276691507436,next-5,fail
17,s17-test-23-8,6d8311c78ea56d9c8aa5468b0afd24a9,random,0,0,False,3,3.4024227629461943,,
17,s17-test-23-8,6d8311c78ea56d9c8aa5468b0afd24a9,random,1,1,False,3,3.3608196549349794,next-1,pass
17,s17-test-23-8,6d8311c78ea56d9c8aa5468b0afd24a9,random,2,2,False,3,3.0765073433319277,next-6,pass
17,s17-test-23-8,6d8311c78ea56d9c8aa5468b0afd24a9,random,3,3,True,1,1.1188338369303485,next-5,fail
17,s17-test-23-8,6d8311c78ea56d9c8aa5468b0afd24a9,random,4,4,True,1,0.982349325055056,next-11,pass
17,s17-test-23-9,6d8311c78ea56d9c8aa5468b0afd24a9,information_gain,0,0,False,3,2.3024578674685743,,
17,s17-test-23-9,6d8311c78ea56d9c8aa5468b0afd24a9,information_gain,1,1,False,2,2.007488990062818,next-7,pass
17,s17-test-23-9,6d8311c78ea56d9c8aa5468b0afd24a9,information_gain,2,2,False,3,1.8602928028542003,next-8,pass
17,s17-test-23-9,6d8311c78ea56d9c8aa5468b0afd24a9,information_gain,3,3,False,3,3.094511299429654,next-10,pass
17,s17-test-23-9,6d8311c78ea56d9c8aa5468b0afd24a9,information_gain,4,4,False,2,1.8270949366856988,next-9,fail
17,s17-test-23-9,6d8311c78ea56d9c8aa5468b0afd24a9,random,0,0,False,3,2.3024578674685743,,
17,s17-test-23-9,6d8311c78ea56d9c8aa5468b0afd24a9,random,1,1,False,2,2.203633210753959,next-10,pass
17,s17-test-23-9,6d8311c78ea56d9c8aa5468b0afd24a9,random,2,2,False,2,2.085508353033426,next-6,pass
17,s17-test-23-9,6d8311c78ea56d9c8aa5468b0afd24a9,random,3,3,True,1,1.843684796222544,next-7,pass
17,s17-test-23-9,6d8311c78ea56d9c8aa5468b0afd24a9,random,4,4,True,1,0.7052147609178798,next-9,fail
17,s17-test-23-10,6d8311c78ea56d9c8aa5468b0afd24a9,information_gain,0,0,False,8,3.6387698882862485,,
17,s17-test-23-10,6d8311c78ea56d9c8aa5468b0afd24a9,information_gain,1,1,False,5,3.315818047743713,next-2,pass
17,s17-test-23-10,6d8311c78ea56d9c8aa5468b0afd24a9,information_gain,2,2,True,1,1.6662122249909392,next-5,fail
17,s17-test-23-10,6d8311c78ea56d9c8aa5468b0afd24a9,information_gain,3,3,True,1,1.515510289114997,next-9,pass
17,s17-test-23-10,6d8311c78ea56d9c8aa5468b0afd24a9,information_gain,4,4,True,1,1.3955868193280203,next-0,pass
17,s17-test-23-10,6d8311c78ea56d9c8aa5468b0afd24a9,random,0,0,False,8,3.6387698882862485,,
17,s17-test-23-10,6d8311c78ea56d9c8aa5468b0afd24a9,random,1,1,False,6,3.4462887615782543,next-0,pass
17,s17-test-23-10,6d8311c78ea56d9c8aa5468b0afd24a9,random,2,2,False,5,3.318505272931167,next-10,pass
17,s17-test-23-10,6d8311c78ea56d9c8aa5468b0afd24a9,random,3,3,False,5,3.225002244758986,next-1,pass
17,s17-test-23-10,6d8311c78ea56d9c8aa5468b0afd24a9,random,4,4,False,5,3.178308976679505,next-4,pass
17,s17-test-23-11,6d8311c78ea56d9c8aa5468b0afd24a9,information_gain,0,0,True,1,3.27082965483829,,
17,s17-test-23-11,6d8311c78ea56d9c8aa5468b0afd24a9,information_gain,1,1,True,1,3.0647553331282427,next-11,pass
17,s17-test-23-11,6d8311c78ea56d9c8aa5468b0afd24a9,information_gain,2,2,True,1,2.832869569762011,next-10,pass
17,s17-test-23-11,6d8311c78ea56d9c8aa5468b0afd24a9,information_gain,3,3,True,1,2.6186864929927203,next-9,pass
17,s17-test-23-11,6d8311c78ea56d9c8aa5468b0afd24a9,information_gain,4,4,True,1,2.3869500940468136,next-5,pass
17,s17-test-23-11,6d8311c78ea56d9c8aa5468b0afd24a9,random,0,0,True,1,3.27082965483829,,
17,s17-test-23-11,6d8311c78ea56d9c8aa5468b0afd24a9,random,1,1,True,1,3.178308976679505,next-7,pass
17,s17-test-23-11,6d8311c78ea56d9c8aa5468b0afd24a9,random,2,2,True,1,3.023030597691412,next-1,pass
17,s17-test-23-11,6d8311c78ea56d9c8aa5468b0afd24a9,random,3,3,True,1,2.915476228942704,next-4,pass
17,s17-test-23-11,6d8311c78ea56d9c8aa5468b0afd24a9,random,4,4,True,1,2.880526303526475,next-6,pass
29,s29-test-0-0,c835fa1e3e69cb531a622e34cffeb2bc,information_gain,0,0,True,1,0.6189104081496795,,
29,s29-test-0-0,c835fa1e3e69cb531a622e34cffeb2bc,information_gain,1,1,True,1,0.1470416299970762,next-1,pass
29,s29-test-0-0,c835fa1e3e69cb531a622e34cffeb2bc,information_gain,2,2,True,1,0.007142408509086619,next-0,fail
29,s29-test-0-0,c835fa1e3e69cb531a622e34cffeb2bc,information_gain,3,3,True,1,0.002311260855200586,next-11,fail
29,s29-test-0-0,c835fa1e3e69cb531a622e34cffeb2bc,information_gain,4,4,True,1,0.00047499939477751426,next-2,pass
29,s29-test-0-0,c835fa1e3e69cb531a622e34cffeb2bc,random,0,0,True,1,0.6189104081496795,,
29,s29-test-0-0,c835fa1e3e69cb531a622e34cffeb2bc,random,1,1,True,1,0.46948089179977515,next-5,pass
29,s29-test-0-0,c835fa1e3e69cb531a622e34cffeb2bc,random,2,2,True,1,0.2872045317299649,next-9,pass
29,s29-test-0-0,c835fa1e3e69cb531a622e34cffeb2bc,random,3,3,True,1,0.24814978040074553,next-6,pass
29,s29-test-0-0,c835fa1e3e69cb531a622e34cffeb2bc,random,4,4,True,1,0.014108848100295201,next-0,fail
29,s29-test-0-1,c835fa1e3e69cb531a622e34cffeb2bc,information_gain,0,0,False,4,2.3295145443405083,,
29,s29-test-0-1,c835fa1e3e69cb531a622e34cffeb2bc,information_gain,1,1,False,3,2.0313671884653672,next-8,pass
29,s29-test-0-1,c835fa1e3e69cb531a622e34cffeb2bc,information_gain,2,2,False,2,1.7621513212101416,next-1,pass
29,s29-test-0-1,c835fa1e3e69cb531a622e34cffeb2bc,information_gain,3,3,False,2,1.603499510915903,next-5,pass
29,s29-test-0-1,c835fa1e3e69cb531a622e34cffeb2bc,information_gain,4,4,False,2,1.4577999894495515,next-9,pass
29,s29-test-0-1,c835fa1e3e69cb531a622e34cffeb2bc,random,0,0,False,4,2.3295145443405083,,
29,s29-test-0-1,c835fa1e3e69cb531a622e34cffeb2bc,random,1,1,False,3,2.1287517240273917,next-11,pass
29,s29-test-0-1,c835fa1e3e69cb531a622e34cffeb2bc,random,2,2,False,3,2.0099909025111216,next-5,pass
29,s29-test-0-1,c835fa1e3e69cb531a622e34cffeb2bc,random,3,3,False,3,1.8861485461219125,next-10,pass
29,s29-test-0-1,c835fa1e3e69cb531a622e34cffeb2bc,random,4,4,False,2,1.5785267532327825,next-8,pass
29,s29-test-0-2,c835fa1e3e69cb531a622e34cffeb2bc,information_gain,0,0,False,4,2.798667696726225,,
29,s29-test-0-2,c835fa1e3e69cb531a622e34cffeb2bc,information_gain,1,1,False,2,2.3440948291153405,next-9,pass
29,s29-test-0-2,c835fa1e3e69cb531a622e34cffeb2bc,information_gain,2,2,True,1,1.1071719912128002,next-0,fail
29,s29-test-0-2,c835fa1e3e69cb531a622e34cffeb2bc,information_gain,3,3,True,1,0.15963013957049568,next-4,fail
29,s29-test-0-2,c835fa1e3e69cb531a622e34cffeb2bc,information_gain,4,4,True,1,0.08803393326612657,next-8,pass
29,s29-test-0-2,c835fa1e3e69cb531a622e34cffeb2bc,random,0,0,False,4,2.798667696726225,,
29,s29-test-0-2,c835fa1e3e69cb531a622e34cffeb2bc,random,1,1,False,2,2.424070560248568,next-8,pass
29,s29-test-0-2,c835fa1e3e69cb531a622e34cffeb2bc,random,2,2,False,2,2.3295145443405083,next-6,pass
29,s29-test-0-2,c835fa1e3e69cb531a622e34cffeb2bc,random,3,3,False,2,2.1313378816389617,next-1,pass
29,s29-test-0-2,c835fa1e3e69cb531a622e34cffeb2bc,random,4,4,False,2,1.9147503218237973,next-3,pass
29,s29-test-0-3,c835fa1e3e69cb531a622e34cffeb2bc,information_gain,0,0,False,5,2.589061962833068,,
29,s29-test-0-3,c835fa1e3e69cb531a622e34cffeb2bc,information_gain,1,1,False,3,2.2446647675728872,next-1,pass
29,s29-test-0-3,c835fa1e3e69cb531a622e34cffeb2bc,information_gain,2,2,False,2,1.9372163448049866,next-0,pass
29,s29-test-0-3,c835fa1e3e69cb531a622e34cffeb2bc,information_gain,3,3,False,2,1.6569342256201922,next-11,pass
29,s29-test-0-3,c835fa1e3e69cb531a622e34cffeb2bc,information_gain,4,4,False,2,1.370029186714739,next-10,pass
29,s29-test-0-3,c835fa1e3e69cb531a622e34cffeb2bc,random,0,0,False,5,2.589061962833068,,
29,s29-test-0-3,c835fa1e3e69cb531a622e34cffeb2bc,random,1,1,False,4,2.3440948291153405,next-0,pass
29,s29-test-0-3,c835fa1e3e69cb531a622e34cffeb2bc,random,2,2,False,4,2.2315711721571643,next-8,pass
29,s29-test-0-3,c835fa1e3e69cb531a622e34cffeb2bc,random,3,3,False,2,1.7656063091279504,next-1,pass
29,s29-test-0-3,c835fa1e3e69cb531a622e34cffeb2bc,random,4,4,False,2,1.7586942616939174,next-9,pass
29,s29-test-0-4,c835fa1e3e69cb531a622e34cffeb2bc,information_gain,0,0,False,5,2.7398745000841687,,
29,s29-test-0-4,c835fa1e3e69cb531a622e34cffeb2bc,information_gain,1,1,False,3,2.3440948291153405,next-0,pass
29,s29-test-0-4,c835fa1e3e69cb531a622e34cffeb2bc,information_gain,2,2,False,2,2.049636213791067,next-1,pass
29,s29-test-0-4,c835fa1e3e69cb531a622e34cffeb2bc,information_gain,3,3,False,2,1.8125819214617174,next-3,pass
29,s29-test-0-4,c835fa1e3e69cb531a622e34cffeb2bc,information_gain,4,4,False,2,1.5174553887499571,next-4,pass
29,s29-test-0-4,c835fa1e3e69cb531a622e34cffeb2bc,random,0,0,False,5,2.7398745000841687,,
29,s29-test-0-4,c835fa1e3e69cb531a622e34cffeb2bc,random,1,1,False,5,2.729293555334142,next-9,pass
29,s29-test-0-4,c835fa1e3e69cb531a622e34cffeb2bc,random,2,2,False,4,2.5079938794397876,next-7,pass
29,s29-test-0-4,c835fa1e3e69cb531a622e34cffeb2bc,random,3,3,False,4,2.3295145443405083,next-3,pass
29,s29-test-0-4,c835fa1e3e69cb531a622e34cffeb2bc,random,4,4,False,4,2.214307861758347,next-2,pass
29,s29-test-0-5,c835fa1e3e69cb531a622e34cffeb2bc,information_gain,0,0,True,1,1.3267977192150693,,
29,s29-test-0-5,c835fa1e3e69cb531a622e34cffeb2bc,information_gain,1,1,False,2,0.9744202197354316,next-11,pass
29,s29-test-0-5,c835fa1e3e69cb531a622e34cffeb2bc,information_gain,2,2,False,2,2.191852201964175,next-5,pass
29,s29-test-0-5,c835fa1e3e69cb531a622e34cffeb2bc,information_gain,3,3,True,1,1.0735236728577655,next-6,fail
29,s29-test-0-5,c835fa1e3e69cb531a622e34cffeb2bc,information_gain,4,4,True,1,0.1038347999947747,next-1,fail
29,s29-test-0-5,c835fa1e3e69cb531a622e34cffeb2bc,random,0,0,True,1,1.3267977192150693,,
29,s29-test-0-5,c835fa1e3e69cb531a622e34cffeb2bc,random,1,1,False,2,0.9744202197354316,next-11,pass
29,s29-test-0-5,c835fa1e3e69cb531a622e34cffeb2bc,random,2,2,True,1,1.454563045634185,next-8,fail
29,s29-test-0-5,c835fa1e3e69cb531a622e34cffeb2bc,random,3,3,True,1,1.0175517378034902,next-0,pass
29,s29-test-0-5,c835fa1e3e69cb531a622e34cffeb2bc,random,4,4,True,1,0.8105523938386757,next-6,fail
29,s29-test-0-6,c835fa1e3e69cb531a622e34cffeb2bc,information_gain,0,0,False,3,2.941711507096633,,
29,s29-test-0-6,c835fa1e3e69cb531a622e34cffeb2bc,information_gain,1,1,False,2,1.2993773387588337,next-11,fail
29,s29-test-0-6,c835fa1e3e69cb531a622e34cffeb2bc,information_gain,2,2,True,1,1.161443405665148,next-5,fail
29,s29-test-0-6,c835fa1e3e69cb531a622e34cffeb2bc,information_gain,3,3,True,1,0.09032810317053576,next-0,fail
29,s29-test-0-6,c835fa1e3e69cb531a622e34cffeb2bc,information_gain,4,4,True,1,0.04245843987306049,next-3,pass
29,s29-test-0-6,c835fa1e3e69cb531a622e34cffeb2bc,random,0,0,False,3,2.941711507096633,,
29,s29-test-0-6,c835fa1e3e69cb531a622e34cffeb2bc,random,1,1,False,3,2.4324154568843124,next-3,pass
29,s29-test-0-6,c835fa1e3e69cb531a622e34cffeb2bc,random,2,2,False,3,2.1717811087671626,next-2,pass
29,s29-test-0-6,c835fa1e3e69cb531a622e34cffeb2bc,random,3,3,False,2,0.9936379060227735,next-11,fail
29,s29-test-0-6,c835fa1e3e69cb531a622e34cffeb2bc,random,4,4,False,2,0.9672854012315416,next-8,pass
29,s29-test-0-7,c835fa1e3e69cb531a622e34cffeb2bc,information_gain,0,0,True,1,1.733942275616374,,
29,s29-test-0-7,c835fa1e3e69cb531a622e34cffeb2bc,information_gain,1,1,True,1,1.3813664660365028,next-3,pass
29,s29-test-0-7,c835fa1e3e69cb531a622e34cffeb2bc,information_gain,2,2,True,1,0.10217599398030379,next-0,fail
29,s29-test-0-7,c835fa1e3e69cb531a622e34cffeb2bc,information_gain,3,3,True,1,0.6428585344126888,next-2,pass
29,s29-test-0-7,c835fa1e3e69cb531a622e34cffeb2bc,information_gain,4,4,True,1,0.11591344573786512,next-1,fail
29,s29-test-0-7,c835fa1e3e69cb531a622e34cffeb2bc,random,0,0,True,1,1.733942275616374,,
29,s29-test-0-7,c835fa1e3e69cb531a622e34cffeb2bc,random,1,1,True,1,1.6520341646365497,next-11,pass
29,s29-test-0-7,c835fa1e3e69cb531a622e34cffeb2bc,random,2,2,True,1,1.6288960109650057,next-8,pass
29,s29-test-0-7,c835fa1e3e69cb531a622e34cffeb2bc,random,3,3,False,3,1.444880228799333,next-2,pass
29,s29-test-0-7,c835fa1e3e69cb531a622e34cffeb2bc,random,4,4,False,3,1.4445463536076444,next-9,pass
29,s29-test-0-8,c835fa1e3e69cb531a622e34cffeb2bc,information_gain,0,0,False,3,2.4371940891734156,,
29,s29-test-0-8,c835fa1e3e69cb531a622e34cffeb2bc,information_gain,1,1,False,2,1.350445416552426,next-6,fail
29,s29-test-0-8,c835fa1e3e69cb531a622e34cffeb2bc,information_gain,2,2,True,1,1.002419713141687,next-3,pass
29,s29-test-0-8,c835fa1e3e69cb531a622e34cffeb2bc,information_gain,3,3,False,2,2.170826123577241,next-4,pass
29,s29-test-0-8,c835fa1e3e69cb531a622e34cffeb2bc,information_gain,4,4,True,1,0.497198016806005,next-2,fail
29,s29-test-0-8,c835fa1e3e69cb531a622e34cffeb2bc,random,0,0,False,3,2.4371940891734156,,
29,s29-test-0-8,c835fa1e3e69cb531a622e34cffeb2bc,random,1,1,False,3,2.4244792016742385,next-11,pass
29,s29-test-0-8,c835fa1e3e69cb531a622e34cffeb2bc,random,2,2,True,1,0.9117339446162767,next-2,fail
29,s29-test-0-8,c835fa1e3e69cb531a622e34cffeb2bc,random,3,3,True,1,2.4323739586508357,next-4,pass
29,s29-test-0-8,c835fa1e3e69cb531a622e34cffeb2bc,random,4,4,True,1,2.302615726153353,next-10,pass
29,s29-test-0-9,c835fa1e3e69cb531a622e34cffeb2bc,information_gain,0,0,False,6,2.7398745000841687,,
29,s29-test-0-9,c835fa1e3e69cb531a622e34cffeb2bc,information_gain,1,1,False,3,2.2275223645240594,next-4,pass
29,s29-test-0-9,c835fa1e3e69cb531a622e34cffeb2bc,information_gain,2,2,False,2,1.9114415960659399,next-6,pass
29,s29-test-0-9,c835fa1e3e69cb531a622e34cffeb2bc,information_gain,3,3,False,2,1.628740113090791,next-9,pass
29,s29-test-0-9,c835fa1e3e69cb531a622e34cffeb2bc,information_gain,4,4,False,2,1.4615702532190855,next-0,pass
29,s29-test-0-9,c835fa1e3e69cb531a622e34cffeb2bc,random,0,0,False,6,2.7398745000841687,,
29,s29-test-0-9,c835fa1e3e69cb531a622e34cffeb2bc,random,1,1,False,5,2.564765737958898,next-7,pass
29,s29-test-0-9,c835fa1e3e69cb531a622e34cffeb2bc,random,2,2,False,5,2.493755537245966,next-8,pass
29,s29-test-0-9,c835fa1e3e69cb531a622e34cffeb2bc,random,3,3,False,4,2.3124741288992725,next-10,pass
29,s29-test-0-9,c835fa1e3e69cb531a622e34cffeb2bc,random,4,4,False,3,2.0927395082243296,next-6,pass
29,s29-test-0-10,c835fa1e3e69cb531a622e34cffeb2bc,information_gain,0,0,True,1,1.9013661419701429,,
29,s29-test-0-10,c835fa1e3e69cb531a622e34cffeb2bc,information_gain,1,1,True,1,1.025517590132632,next-6,fail
29,s29-test-0-10,c835fa1e3e69cb531a622e34cffeb2bc,information_gain,2,2,True,1,0.40586585054265584,next-4,pass
29,s29-test-0-10,c835fa1e3e69cb531a622e34cffeb2bc,information_gain,3,3,True,1,0.024442162227313713,next-10,fail
29,s29-test-0-10,c835fa1e3e69cb531a622e34cffeb2bc,information_gain,4,4,True,1,0.002648528369608329,next-7,fail
29,s29-test-0-10,c835fa1e3e69cb531a622e34cffeb2bc,random,0,0,True,1,1.9013661419701429,,
29,s29-test-0-10,c835fa1e3e69cb531a622e34cffeb2bc,random,1,1,True,1,1.8365833402132914,next-8,pass
29,s29-test-0-10,c835fa1e3e69cb531a622e34cffeb2bc,random,2,2,True,1,1.6365109354956782,next-11,pass
29,s29-test-0-10,c835fa1e3e69cb531a622e34cffeb2bc,random,3,3,True,1,0.31541927223336086,next-10,fail
29,s29-test-0-10,c835fa1e3e69cb531a622e34cffeb2bc,random,4,4,True,1,0.304513768165603,next-0,pass
29,s29-test-0-11,c835fa1e3e69cb531a622e34cffeb2bc,information_gain,0,0,True,1,1.4587542026460094,,
29,s29-test-0-11,c835fa1e3e69cb531a622e34cffeb2bc,information_gain,1,1,True,1,0.29426815024139036,next-6,fail
29,s29-test-0-11,c835fa1e3e69cb531a622e34cffeb2bc,information_gain,2,2,True,1,0.11894061291148236,next-8,pass
29,s29-test-0-11,c835fa1e3e69cb531a622e34cffeb2bc,information_gain,3,3,True,1,0.5198928077204403,next-1,pass
29,s29-test-0-11,c835fa1e3e69cb531a622e34cffeb2bc,information_gain,4,4,True,1,0.29785263191596556,next-0,pass
29,s29-test-0-11,c835fa1e3e69cb531a622e34cffeb2bc,random,0,0,True,1,1.4587542026460094,,
29,s29-test-0-11,c835fa1e3e69cb531a622e34cffeb2bc,random,1,1,True,1,1.3282724992595552,next-2,pass
29,s29-test-0-11,c835fa1e3e69cb531a622e34cffeb2bc,random,2,2,True,1,2.376654914435359,next-1,pass
29,s29-test-0-11,c835fa1e3e69cb531a622e34cffeb2bc,random,3,3,True,1,2.375556348105568,next-11,pass
29,s29-test-0-11,c835fa1e3e69cb531a622e34cffeb2bc,random,4,4,True,1,2.3106848988921325,next-3,pass
29,s29-test-1-0,40e09120f0157ca91709257cdc7df22e,information_gain,0,0,False,8,3.2169821883958587,,
29,s29-test-1-0,40e09120f0157ca91709257cdc7df22e,information_gain,1,1,False,4,2.270264555212881,next-10,fail
29,s29-test-1-0,40e09120f0157ca91709257cdc7df22e,information_gain,2,2,False,2,1.231501249822078,next-4,fail
29,s29-test-1-0,40e09120f0157ca91709257cdc7df22e,information_gain,3,3,True,1,0.8340232242495157,next-5,pass
29,s29-test-1-0,40e09120f0157ca91709257cdc7df22e,information_gain,4,4,True,1,0.5109858660893402,next-9,pass
29,s29-test-1-0,40e09120f0157ca91709257cdc7df22e,random,0,0,False,8,3.2169821883958587,,
29,s29-test-1-0,40e09120f0157ca91709257cdc7df22e,random,1,1,False,7,3.062636333183197,next-3,pass
29,s29-test-1-0,40e09120f0157ca91709257cdc7df22e,random,2,2,False,6,2.8897992322695663,next-6,pass
29,s29-test-1-0,40e09120f0157ca91709257cdc7df22e,random,3,3,False,2,1.524877740564051,next-4,fail
29,s29-test-1-0,40e09120f0157ca91709257cdc7df22e,random,4,4,True,1,1.281976393197598,next-5,pass
29,s29-test-1-1,40e09120f0157ca91709257cdc7df22e,information_gain,0,0,False,2,3.339635590500264,,
29,s29-test-1-1,40e09120f0157ca91709257cdc7df22e,information_gain,1,1,False,2,3.015070873916263,next-6,pass
29,s29-test-1-1,40e09120f0157ca91709257cdc7df22e,information_gain,2,2,True,1,1.5989100005201378,next-3,fail
29,s29-test-1-1,40e09120f0157ca91709257cdc7df22e,information_gain,3,3,True,1,1.301275846031914,next-5,pass
29,s29-test-1-1,40e09120f0157ca91709257cdc7df22e,information_gain,4,4,True,1,0.09586430083000577,next-7,fail
29,s29-test-1-1,40e09120f0157ca91709257cdc7df22e,random,0,0,False,2,3.339635590500264,,
29,s29-test-1-1,40e09120f0157ca91709257cdc7df22e,random,1,1,False,2,3.015070873916263,next-6,pass
29,s29-test-1-1,40e09120f0157ca91709257cdc7df22e,random,2,2,True,1,1.2522056262996224,next-7,fail
29,s29-test-1-1,40e09120f0157ca91709257cdc7df22e,random,3,3,True,1,1.2065923565086554,next-10,pass
29,s29-test-1-1,40e09120f0157ca91709257cdc7df22e,random,4,4,True,1,1.082856577461225,next-2,pass
29,s29-test-1-2,40e09120f0157ca91709257cdc7df22e,information_gain,0,0,True,1,1.9007589766590487,,
29,s29-test-1-2,40e09120f0157ca91709257cdc7df22e,information_gain,1,1,True,1,0.6536880446274276,next-5,fail
29,s29-test-1-2,40e09120f0157ca91709257cdc7df22e,information_gain,2,2,True,1,0.0397983514755114,next-9,fail
29,s29-test-1-2,40e09120f0157ca91709257cdc7df22e,information_gain,3,3,True,1,0.0018967435360533506,next-3,fail
29,s29-test-1-2,40e09120f0157ca91709257cdc7df22e,information_gain,4,4,True,1,0.0009132328722138469,next-2,pass
29,s29-test-1-2,40e09120f0157ca91709257cdc7df22e,random,0,0,True,1,1.9007589766590487,,
29,s29-test-1-2,40e09120f0157ca91709257cdc7df22e,random,1,1,False,4,2.598841528656532,next-11,fail
29,s29-test-1-2,40e09120f0157ca91709257cdc7df22e,random,2,2,True,1,0.8114996837879189,next-9,fail
29,s29-test-1-2,40e09120f0157ca91709257cdc7df22e,random,3,3,True,1,0.8103598325846132,next-8,pass
29,s29-test-1-2,40e09120f0157ca91709257cdc7df22e,random,4,4,True,1,0.6517388272512197,next-2,pass
29,s29-test-1-3,40e09120f0157ca91709257cdc7df22e,information_gain,0,0,False,2,3.123367051761526,,
29,s29-test-1-3,40e09120f0157ca91709257cdc7df22e,information_gain,1,1,True,1,1.984861039310374,next-9,fail
29,s29-test-1-3,40e09120f0157ca91709257cdc7df22e,information_gain,2,2,True,1,1.704686072912495,next-5,pass
29,s29-test-1-3,40e09120f0157ca91709257cdc7df22e,information_gain,3,3,False,2,1.543453418733214,next-0,pass
29,s29-test-1-3,40e09120f0157ca91709257cdc7df22e,information_gain,4,4,True,1,1.3489852073869666,next-7,fail
29,s29-test-1-3,40e09120f0157ca91709257cdc7df22e,random,0,0,False,2,3.123367051761526,,
29,s29-test-1-3,40e09120f0157ca91709257cdc7df22e,random,1,1,True,1,1.984861039310374,next-9,fail
29,s29-test-1-3,40e09120f0157ca91709257cdc7df22e,random,2,2,True,1,1.9325073475250298,next-2,pass
29,s29-test-1-3,40e09120f0157ca91709257cdc7df22e,random,3,3,True,1,1.9241101547955148,next-11,pass
29,s29-test-1-3,40e09120f0157ca91709257cdc7df22e,random,4,4,True,1,1.8709473498449392,next-4,pass
29,s29-test-1-4,40e09120f0157ca91709257cdc7df22e,information_gain,0,0,False,4,3.131072953915875,,
29,s29-test-1-4,40e09120f0157ca91709257cdc7df22e,information_gain,1,1,False,4,2.8359676336382207,next-10,pass
29,s29-test-1-4,40e09120f0157ca91709257cdc7df22e,information_gain,2,2,True,1,1.4475125163011322,next-11,fail
29,s29-test-1-4,40e09120f0157ca91709257cdc7df22e,information_gain,3,3,True,1,0.1845939135336022,next-0,fail
29,s29-test-1-4,40e09120f0157ca91709257cdc7df22e,information_gain,4,4,True,1,0.10461116419992532,next-5,pass
29,s29-test-1-4,40e09120f0157ca91709257cdc7df22e,random,0,0,False,4,3.131072953915875,,
29,s29-test-1-4,40e09120f0157ca91709257cdc7df22e,random,1,1,False,4,2.958007611643345,next-2,pass
29,s29-test-1-4,40e09120f0157ca91709257cdc7df22e,random,2,2,False,4,2.940701551085842,next-7,pass
29,s29-test-1-4,40e09120f0157ca91709257cdc7df22e,random,3,3,True,1,1.4971736971328016,next-0,fail
29,s29-test-1-4,40e09120f0157ca91709257cdc7df22e,random,4,4,True,1,1.7598006662483077,next-1,fail
29,s29-test-1-5,40e09120f0157ca91709257cdc7df22e,information_gain,0,0,False,7,3.5018155250899534,,
29,s29-test-1-5,40e09120f0157ca91709257cdc7df22e,information_gain,1,1,True,1,2.274046085446411,next-8,fail
29,s29-test-1-5,40e09120f0157ca91709257cdc7df22e,information_gain,2,2,True,1,2.097011719405422,next-7,pass
29,s29-test-1-5,40e09120f0157ca91709257cdc7df22e,information_gain,3,3,True,1,0.18737397076639845,next-2,fail
29,s29-test-1-5,40e09120f0157ca91709257cdc7df22e,information_gain,4,4,True,1,0.06898852840074161,next-1,fail
29,s29-test-1-5,40e09120f0157ca91709257cdc7df22e,random,0,0,False,7,3.5018155250899534,,
29,s29-test-1-5,40e09120f0157ca91709257cdc7df22e,random,1,1,False,7,3.3178278506369554,next-9,pass
29,s29-test-1-5,40e09120f0157ca91709257cdc7df22e,random,2,2,False,6,3.2169821883958587,next-6,pass
29,s29-test-1-5,40e09120f0157ca91709257cdc7df22e,random,3,3,True,1,1.4071511960504637,next-2,fail
29,s29-test-1-5,40e09120f0157ca91709257cdc7df22e,random,4,4,True,1,0.3126748700132125,next-1,fail
29,s29-test-1-6,40e09120f0157ca91709257cdc7df22e,information_gain,0,0,True,1,3.2169821883958587,,
29,s29-test-1-6,40e09120f0157ca91709257cdc7df22e,information_gain,1,1,True,1,2.8710623711993053,next-5,pass
29,s29-test-1-6,40e09120f0157ca91709257cdc7df22e,information_gain,2,2,True,1,2.5245671626974815,next-3,pass
29,s29-test-1-6,40e09120f0157ca91709257cdc7df22e,information_gain,3,3,True,1,2.3511279232793116,next-0,pass
29,s29-test-1-6,40e09120f0157ca91709257cdc7df22e,information_gain,4,4,True,1,2.19433500294543,next-11,pass
29,s29-test-1-6,40e09120f0157ca91709257cdc7df22e,random,0,0,True,1,3.2169821883958587,,
29,s29-test-1-6,40e09120f0157ca91709257cdc7df22e,random,1,1,True,1,2.9425499348324426,next-7,pass
29,s29-test-1-6,40e09120f0157ca91709257cdc7df22e,random,2,2,True,1,2.693437742501238,next-6,pass
29,s29-test-1-6,40e09120f0157ca91709257cdc7df22e,random,3,3,True,1,2.631438611210856,next-4,pass
29,s29-test-1-6,40e09120f0157ca91709257cdc7df22e,random,4,4,True,1,2.393052773144668,next-1,pass
29,s29-test-1-7,40e09120f0157ca91709257cdc7df22e,information_gain,0,0,True,1,1.9207640142811848,,
29,s29-test-1-7,40e09120f0157ca91709257cdc7df22e,information_gain,1,1,True,1,0.6976439701847648,next-3,fail
29,s29-test-1-7,40e09120f0157ca91709257cdc7df22e,information_gain,2,2,True,1,0.04779500951330121,next-0,fail
29,s29-test-1-7,40e09120f0157ca91709257cdc7df22e,information_gain,3,3,True,1,0.020067137412030495,next-1,pass
29,s29-test-1-7,40e09120f0157ca91709257cdc7df22e,information_gain,4,4,True,1,0.008848700286174377,next-10,pass
29,s29-test-1-7,40e09120f0157ca91709257cdc7df22e,random,0,0,True,1,1.9207640142811848,,
29,s29-test-1-7,40e09120f0157ca91709257cdc7df22e,random,1,1,True,1,1.7611072019332084,next-2,pass
29,s29-test-1-7,40e09120f0157ca91709257cdc7df22e,random,2,2,True,1,1.690767101608279,next-6,pass
29,s29-test-1-7,40e09120f0157ca91709257cdc7df22e,random,3,3,True,1,1.4448903271555877,next-9,pass
29,s29-test-1-7,40e09120f0157ca91709257cdc7df22e,random,4,4,True,1,0.10851374631424698,next-0,fail
29,s29-test-1-8,40e09120f0157ca91709257cdc7df22e,information_gain,0,0,False,5,3.1667738268545595,,
29,s29-test-1-8,40e09120f0157ca91709257cdc7df22e,information_gain,1,1,False,4,2.8803296516449515,next-2,pass
29,s29-test-1-8,40e09120f0157ca91709257cdc7df22e,information_gain,2,2,False,4,2.6825382949524745,next-3,pass
29,s29-test-1-8,40e09120f0157ca91709257cdc7df22e,information_gain,3,3,True,1,1.0396697220804272,next-7,fail
29,s29-test-1-8,40e09120f0157ca91709257cdc7df22e,information_gain,4,4,True,1,0.8531386316425459,next-8,pass
29,s29-test-1-8,40e09120f0157ca91709257cdc7df22e,random,0,0,False,5,3.1667738268545595,,
29,s29-test-1-8,40e09120f0157ca91709257cdc7df22e,random,1,1,False,5,2.9332369997858776,next-3,pass
29,s29-test-1-8,40e09120f0157ca91709257cdc7df22e,random,2,2,False,5,2.824942512539567,next-11,pass
29,s29-test-1-8,40e09120f0157ca91709257cdc7df22e,random,3,3,False,5,2.618715509255634,next-9,pass
29,s29-test-1-8,40e09120f0157ca91709257cdc7df22e,random,4,4,False,4,2.438558735947497,next-4,pass
29,s29-test-1-9,40e09120f0157ca91709257cdc7df22e,information_gain,0,0,False,7,3.1743762018089967,,
29,s29-test-1-9,40e09120f0157ca91709257cdc7df22e,information_gain,1,1,False,5,2.9332369997858776,next-0,pass
29,s29-test-1-9,40e09120f0157ca91709257cdc7df22e,information_gain,2,2,True,1,1.5402109716720667,next-2,fail
29,s29-test-1-9,40e09120f0157ca91709257cdc7df22e,information_gain,3,3,True,1,1.2992813925672897,next-5,pass
29,s29-test-1-9,40e09120f0157ca91709257cdc7df22e,information_gain,4,4,True,1,1.1417626847845204,next-8,pass
29,s29-test-1-9,40e09120f0157ca91709257cdc7df22e,random,0,0,False,7,3.1743762018089967,,
29,s29-test-1-9,40e09120f0157ca91709257cdc7df22e,random,1,1,False,5,2.942549934832442,next-1,pass
29,s29-test-1-9,40e09120f0157ca91709257cdc7df22e,random,2,2,True,1,1.570800913862671,next-2,fail
29,s29-test-1-9,40e09120f0157ca91709257cdc7df22e,random,3,3,True,1,1.3066098689345325,next-5,pass
29,s29-test-1-9,40e09120f0157ca91709257cdc7df22e,random,4,4,True,1,1.1693957795902825,next-6,pass
29,s29-test-1-10,40e09120f0157ca91709257cdc7df22e,information_gain,0,0,False,8,3.5018155250899534,,
29,s29-test-1-10,40e09120f0157ca91709257cdc7df22e,information_gain,1,1,False,6,3.1743762018089967,next-10,pass
29,s29-test-1-10,40e09120f0157ca91709257cdc7df22e,information_gain,2,2,False,4,2.8131964238890363,next-0,pass
29,s29-test-1-10,40e09120f0157ca91709257cdc7df22e,information_gain,3,3,False,3,2.6064520355151872,next-4,pass
29,s29-test-1-10,40e09120f0157ca91709257cdc7df22e,information_gain,4,4,False,3,2.4463876444369976,next-2,pass
29,s29-test-1-10,40e09120f0157ca91709257cdc7df22e,random,0,0,False,8,3.5018155250899534,,
29,s29-test-1-10,40e09120f0157ca91709257cdc7df22e,random,1,1,False,6,3.1743762018089967,next-10,pass
29,s29-test-1-10,40e09120f0157ca91709257cdc7df22e,random,2,2,False,5,3.062636333183197,next-9,pass
29,s29-test-1-10,40e09120f0157ca91709257cdc7df22e,random,3,3,False,4,2.942549934832442,next-8,pass
29,s29-test-1-10,40e09120f0157ca91709257cdc7df22e,random,4,4,False,3,2.6064520355151872,next-7,pass
29,s29-test-1-11,40e09120f0157ca91709257cdc7df22e,information_gain,0,0,False,3,3.062636333183197,,
29,s29-test-1-11,40e09120f0157ca91709257cdc7df22e,information_gain,1,1,False,2,1.9421969455405301,next-7,fail
29,s29-test-1-11,40e09120f0157ca91709257cdc7df22e,information_gain,2,2,True,1,1.5813906588434223,next-9,pass
29,s29-test-1-11,40e09120f0157ca91709257cdc7df22e,information_gain,3,3,True,1,0.12675150929136972,next-6,fail
29,s29-test-1-11,40e09120f0157ca91709257cdc7df22e,information_gain,4,4,True,1,0.07159561261981542,next-0,pass
29,s29-test-1-11,40e09120f0157ca91709257cdc7df22e,random,0,0,False,3,3.062636333183197,,
29,s29-test-1-11,40e09120f0157ca91709257cdc7df22e,random,1,1,False,3,2.9666345000865864,next-3,pass
29,s29-test-1-11,40e09120f0157ca91709257cdc7df22e,random,2,2,False,3,2.8263364725078186,next-10,pass
29,s29-test-1-11,40e09120f0157ca91709257cdc7df22e,random,3,3,False,3,2.7698035013819626,next-4,pass
29,s29-test-1-11,40e09120f0157ca91709257cdc7df22e,random,4,4,False,3,2.5549751789202912,next-2,pass
29,s29-test-2-0,03e50083ea851ab2baae7d1cfef75238,information_gain,0,0,False,2,2.589061962833068,,
29,s29-test-2-0,03e50083ea851ab2baae7d1cfef75238,information_gain,1,1,True,1,1.568063676019672,next-5,fail
29,s29-test-2-0,03e50083ea851ab2baae7d1cfef75238,information_gain,2,2,False,2,1.1071719912128004,next-1,pass
29,s29-test-2-0,03e50083ea851ab2baae7d1cfef75238,information_gain,3,3,True,1,2.252645865307683,next-3,pass
29,s29-test-2-0,03e50083ea851ab2baae7d1cfef75238,information_gain,4,4,True,1,0.6694270010407188,next-11,fail
29,s29-test-2-0,03e50083ea851ab2baae7d1cfef75238,random,0,0,False,2,2.589061962833068,,
29,s29-test-2-0,03e50083ea851ab2baae7d1cfef75238,random,1,1,False,2,2.520392159645651,next-0,pass
29,s29-test-2-0,03e50083ea851ab2baae7d1cfef75238,random,2,2,False,2,2.449871158576921,next-10,pass
29,s29-test-2-0,03e50083ea851ab2baae7d1cfef75238,random,3,3,False,2,2.3514390531058806,next-8,pass
29,s29-test-2-0,03e50083ea851ab2baae7d1cfef75238,random,4,4,False,2,2.3365078228240685,next-7,pass
29,s29-test-2-1,03e50083ea851ab2baae7d1cfef75238,information_gain,0,0,False,2,2.798667696726225,,
29,s29-test-2-1,03e50083ea851ab2baae7d1cfef75238,information_gain,1,1,False,2,2.50162048049217,next-11,pass
29,s29-test-2-1,03e50083ea851ab2baae7d1cfef75238,information_gain,2,2,False,2,2.2275223645240594,next-10,pass
29,s29-test-2-1,03e50083ea851ab2baae7d1cfef75238,information_gain,3,3,True,1,0.940357336574746,next-3,fail
29,s29-test-2-1,03e50083ea851ab2baae7d1cfef75238,information_gain,4,4,True,1,0.06621446203479998,next-4,fail
29,s29-test-2-1,03e50083ea851ab2baae7d1cfef75238,random,0,0,False,2,2.798667696726225,,
29,s29-test-2-1,03e50083ea851ab2baae7d1cfef75238,random,1,1,False,2,2.7398745000841687,next-9,pass
29,s29-test-2-1,03e50083ea851ab2baae7d1cfef75238,random,2,2,False,2,2.424070560248568,next-11,pass
29,s29-test-2-1,03e50083ea851ab2baae7d1cfef75238,random,3,3,False,2,2.2103084051857222,next-10,pass
29,s29-test-2-1,03e50083ea851ab2baae7d1cfef75238,random,4,4,True,1,0.9373795764250915,next-7,fail
29,s29-test-2-2,03e50083ea851ab2baae7d1cfef75238,information_gain,0,0,False,7,2.9303871129655557,,
29,s29-test-2-2,03e50083ea851ab2baae7d1cfef75238,information_gain,1,1,False,5,2.5890619628330676,next-8,pass
29,s29-test-2-2,03e50083ea851ab2baae7d1cfef75238,information_gain,2,2,False,3,2.2275223645240594,next-7,pass
29,s29-test-2-2,03e50083ea851ab2baae7d1cfef75238,information_gain,3,3,False,3,2.0313671884653672,next-0,pass
29,s29-test-2-2,03e50083ea851ab2baae7d1cfef75238,information_gain,4,4,False,3,1.9056251745938657,next-1,pass
29,s29-test-2-2,03e50083ea851ab2baae7d1cfef75238,random,0,0,False,7,2.9303871129655557,,
29,s29-test-2-2,03e50083ea851ab2baae7d1cfef75238,random,1,1,False,5,2.5890619628330676,next-8,pass
29,s29-test-2-2,03e50083ea851ab2baae7d1cfef75238,random,2,2,False,5,2.5079938794397876,next-3,pass
29,s29-test-2-2,03e50083ea851ab2baae7d1cfef75238,random,3,3,False,4,2.3295145443405088,next-9,pass
29,s29-test-2-2,03e50083ea851ab2baae7d1cfef75238,random,4,4,False,4,2.3002014849335493,next-6,pass
29,s29-test-2-3,03e50083ea851ab2baae7d1cfef75238,information_gain,0,0,True,1,1.1344572977893466,,
29,s29-test-2-3,03e50083ea851ab2baae7d1cfef75238,information_gain,1,1,True,1,0.21642365832493587,next-7,fail
29,s29-test-2-3,03e50083ea851ab2baae7d1cfef75238,information_gain,2,2,True,1,0.20569863428272667,next-2,pass
29,s29-test-2-3,03e50083ea851ab2baae7d1cfef75238,information_gain,3,3,True,1,0.20236800390434295,next-10,fail
29,s29-test-2-3,03e50083ea851ab2baae7d1cfef75238,information_gain,4,4,True,1,0.2010652387007789,next-0,pass
29,s29-test-2-3,03e50083ea851ab2baae7d1cfef75238,random,0,0,True,1,1.1344572977893466,,
29,s29-test-2-3,03e50083ea851ab2baae7d1cfef75238,random,1,1,True,1,1.0389744579710543,next-2,pass
29,s29-test-2-3,03e50083ea851ab2baae7d1cfef75238,random,2,2,True,1,1.038301023504476,next-4,pass
29,s29-test-2-3,03e50083ea851ab2baae7d1cfef75238,random,3,3,True,1,1.0375434737771534,next-9,pass
29,s29-test-2-3,03e50083ea851ab2baae7d1cfef75238,random,4,4,True,1,1.036859792448308,next-11,pass
29,s29-test-2-4,03e50083ea851ab2baae7d1cfef75238,information_gain,0,0,True,1,1.1801618208064943,,
29,s29-test-2-4,03e50083ea851ab2baae7d1cfef75238,information_gain,1,1,False,3,2.0330476294350097,next-10,fail
29,s29-test-2-4,03e50083ea851ab2baae7d1cfef75238,information_gain,2,2,False,2,1.6845448410351214,next-7,pass
29,s29-test-2-4,03e50083ea851ab2baae7d1cfef75238,information_gain,3,3,True,1,1.5155659870006866,next-3,pass
29,s29-test-2-4,03e50083ea851ab2baae7d1cfef75238,information_gain,4,4,True,1,1.143738209123095,next-4,pass
29,s29-test-2-4,03e50083ea851ab2baae7d1cfef75238,random,0,0,True,1,1.1801618208064943,,
29,s29-test-2-4,03e50083ea851ab2baae7d1cfef75238,random,1,1,True,1,1.0555435041058434,next-6,pass
29,s29-test-2-4,03e50083ea851ab2baae7d1cfef75238,random,2,2,True,1,0.9255761967158888,next-2,pass
29,s29-test-2-4,03e50083ea851ab2baae7d1cfef75238,random,3,3,True,1,0.7671878368621541,next-7,pass
29,s29-test-2-4,03e50083ea851ab2baae7d1cfef75238,random,4,4,True,1,0.5769701392782253,next-5,pass
29,s29-test-2-5,03e50083ea851ab2baae7d1cfef75238,information_gain,0,0,False,2,1.4587542026460094,,
29,s29-test-2-5,03e50083ea851ab2baae7d1cfef75238,information_gain,1,1,True,1,2.747420737335974,next-10,pass
29,s29-test-2-5,03e50083ea851ab2baae7d1cfef75238,information_gain,2,2,True,1,1.324343943709416,next-1,fail
29,s29-test-2-5,03e50083ea851ab2baae7d1cfef75238,information_gain,3,3,True,1,0.9365902891024235,next-2,pass
29,s29-test-2-5,03e50083ea851ab2baae7d1cfef75238,information_gain,4,4,True,1,0.1406619447703144,next-9,fail
29,s29-test-2-5,03e50083ea851ab2baae7d1cfef75238,random,0,0,False,2,1.4587542026460094,,
29,s29-test-2-5,03e50083ea851ab2baae7d1cfef75238,random,1,1,True,1,1.7063154747126197,next-4,fail
29,s29-test-2-5,03e50083ea851ab2baae7d1cfef75238,random,2,2,True,1,1.0153192077104984,next-1,fail
29,s29-test-2-5,03e50083ea851ab2baae7d1cfef75238,random,3,3,True,1,0.9615001704972722,next-3,pass
29,s29-test-2-5,03e50083ea851ab2baae7d1cfef75238,random,4,4,True,1,0.9581420625459777,next-5,pass
29,s29-test-2-6,03e50083ea851ab2baae7d1cfef75238,information_gain,0,0,False,5,2.655960741656927,,
29,s29-test-2-6,03e50083ea851ab2baae7d1cfef75238,information_gain,1,1,False,3,2.2446647675728872,next-7,pass
29,s29-test-2-6,03e50083ea851ab2baae7d1cfef75238,information_gain,2,2,False,2,1.9372163448049866,next-1,pass
29,s29-test-2-6,03e50083ea851ab2baae7d1cfef75238,information_gain,3,3,False,2,1.5430301735415866,next-8,pass
29,s29-test-2-6,03e50083ea851ab2baae7d1cfef75238,information_gain,4,4,False,2,1.370029186714739,next-2,pass
29,s29-test-2-6,03e50083ea851ab2baae7d1cfef75238,random,0,0,False,5,2.655960741656927,,
29,s29-test-2-6,03e50083ea851ab2baae7d1cfef75238,random,1,1,False,5,2.5769313530159343,next-4,pass
29,s29-test-2-6,03e50083ea851ab2baae7d1cfef75238,random,2,2,False,4,2.3273924090738105,next-6,pass
29,s29-test-2-6,03e50083ea851ab2baae7d1cfef75238,random,3,3,False,3,2.128409633539754,next-9,pass
29,s29-test-2-6,03e50083ea851ab2baae7d1cfef75238,random,4,4,False,4,2.248789794021449,next-11,fail
29,s29-test-2-7,03e50083ea851ab2baae7d1cfef75238,information_gain,0,0,False,3,2.9303871129655557,,
29,s29-test-2-7,03e50083ea851ab2baae7d1cfef75238,information_gain,1,1,False,2,2.589061962833068,next-5,pass
29,s29-test-2-7,03e50083ea851ab2baae7d1cfef75238,information_gain,2,2,False,4,2.149026968187204,next-8,pass
29,s29-test-2-7,03e50083ea851ab2baae7d1cfef75238,information_gain,3,3,False,3,1.8125819214617174,next-6,pass
29,s29-test-2-7,03e50083ea851ab2baae7d1cfef75238,information_gain,4,4,True,1,2.1662413469309882,next-9,fail
29,s29-test-2-7,03e50083ea851ab2baae7d1cfef75238,random,0,0,False,3,2.9303871129655557,,
29,s29-test-2-7,03e50083ea851ab2baae7d1cfef75238,random,1,1,False,2,2.7398745000841687,next-4,pass
29,s29-test-2-7,03e50083ea851ab2baae7d1cfef75238,random,2,2,False,2,2.4498711585769213,next-5,pass
29,s29-test-2-7,03e50083ea851ab2baae7d1cfef75238,random,3,3,False,5,2.0313671884653672,next-8,pass
29,s29-test-2-7,03e50083ea851ab2baae7d1cfef75238,random,4,4,False,4,1.6569342256201922,next-6,pass
29,s29-test-2-8,03e50083ea851ab2baae7d1cfef75238,information_gain,0,0,False,6,2.798667696726225,,
29,s29-test-2-8,03e50083ea851ab2baae7d1cfef75238,information_gain,1,1,False,3,2.3367827152799916,next-6,pass
29,s29-test-2-8,03e50083ea851ab2baae7d1cfef75238,information_gain,2,2,False,2,2.0558277697170686,next-0,pass
29,s29-test-2-8,03e50083ea851ab2baae7d1cfef75238,information_gain,3,3,False,8,1.8853495887944882,next-10,pass
29,s29-test-2-8,03e50083ea851ab2baae7d1cfef75238,information_gain,4,4,False,5,1.3865195901405734,next-1,pass
29,s29-test-2-8,03e50083ea851ab2baae7d1cfef75238,random,0,0,False,6,2.798667696726225,,
29,s29-test-2-8,03e50083ea851ab2baae7d1cfef75238,random,1,1,False,4,2.50162048049217,next-5,pass
29,s29-test-2-8,03e50083ea851ab2baae7d1cfef75238,random,2,2,False,3,2.3367827152799916,next-4,pass
29,s29-test-2-8,03e50083ea851ab2baae7d1cfef75238,random,3,3,False,3,2.149026968187204,next-0,pass
29,s29-test-2-8,03e50083ea851ab2baae7d1cfef75238,random,4,4,False,4,1.9372163448049868,next-10,pass
29,s29-test-2-9,03e50083ea851ab2baae7d1cfef75238,information_gain,0,0,True,1,0.2266690129286173,,
29,s29-test-2-9,03e50083ea851ab2baae7d1cfef75238,information_gain,1,1,True,1,0.013583899633183332,next-4,fail
29,s29-test-2-9,03e50083ea851ab2baae7d1cfef75238,information_gain,2,2,True,1,0.0011480377283385093,next-10,fail
29,s29-test-2-9,03e50083ea851ab2baae7d1cfef75238,information_gain,3,3,True,1,0.0006460633386439463,next-2,pass
29,s29-test-2-9,03e50083ea851ab2baae7d1cfef75238,information_gain,4,4,True,1,0.000586339963119266,next-5,pass
29,s29-test-2-9,03e50083ea851ab2baae7d1cfef75238,random,0,0,True,1,0.2266690129286173,,
29,s29-test-2-9,03e50083ea851ab2baae7d1cfef75238,random,1,1,True,1,0.21688468823287593,next-11,pass
29,s29-test-2-9,03e50083ea851ab2baae7d1cfef75238,random,2,2,True,1,0.21596260267835768,next-0,pass
29,s29-test-2-9,03e50083ea851ab2baae7d1cfef75238,random,3,3,True,1,0.20610380603743003,next-2,pass
29,s29-test-2-9,03e50083ea851ab2baae7d1cfef75238,random,4,4,True,1,0.20564205482806425,next-8,pass
29,s29-test-2-10,03e50083ea851ab2baae7d1cfef75238,information_gain,0,0,False,2,1.6994702052617783,,
29,s29-test-2-10,03e50083ea851ab2baae7d1cfef75238,information_gain,1,1,True,1,0.6278272764527624,next-3,fail
29,s29-test-2-10,03e50083ea851ab2baae7d1cfef75238,information_gain,2,2,True,1,0.03840834502627537,next-9,fail
29,s29-test-2-10,03e50083ea851ab2baae7d1cfef75238,information_gain,3,3,True,1,0.01794232992717568,next-4,pass
29,s29-test-2-10,03e50083ea851ab2baae7d1cfef75238,information_gain,4,4,True,1,0.007201274008136622,next-8,pass
29,s29-test-2-10,03e50083ea851ab2baae7d1cfef75238,random,0,0,False,2,1.6994702052617783,,
29,s29-test-2-10,03e50083ea851ab2baae7d1cfef75238,random,1,1,False,2,1.554282524646343,next-1,pass
29,s29-test-2-10,03e50083ea851ab2baae7d1cfef75238,random,2,2,True,1,0.26593261568368376,next-9,fail
29,s29-test-2-10,03e50083ea851ab2baae7d1cfef75238,random,3,3,True,1,0.08934552621579249,next-8,pass
29,s29-test-2-10,03e50083ea851ab2baae7d1cfef75238,random,4,4,True,1,0.01698133150016592,next-3,fail
29,s29-test-2-11,03e50083ea851ab2baae7d1cfef75238,information_gain,0,0,True,1,0.460953883813949,,
29,s29-test-2-11,03e50083ea851ab2baae7d1cfef75238,information_gain,1,1,True,1,0.027189820064559417,next-9,fail
29,s29-test-2-11,03e50083ea851ab2baae7d1cfef75238,information_gain,2,2,True,1,0.0017735636038504388,next-4,fail
29,s29-test-2-11,03e50083ea851ab2baae7d1cfef75238,information_gain,3,3,True,1,0.001269234417754082,next-6,pass
29,s29-test-2-11,03e50083ea851ab2baae7d1cfef75238,information_gain,4,4,True,1,0.0007672665673687423,next-11,pass
29,s29-test-2-11,03e50083ea851ab2baae7d1cfef75238,random,0,0,True,1,0.460953883813949,,
29,s29-test-2-11,03e50083ea851ab2baae7d1cfef75238,random,1,1,True,1,0.44112883351271365,next-1,pass
29,s29-test-2-11,03e50083ea851ab2baae7d1cfef75238,random,2,2,True,1,0.026171422416257764,next-9,fail
29,s29-test-2-11,03e50083ea851ab2baae7d1cfef75238,random,3,3,True,1,0.0017304128894941582,next-4,fail
29,s29-test-2-11,03e50083ea851ab2baae7d1cfef75238,random,4,4,True,1,0.0017280216187643758,next-0,pass
29,s29-test-3-0,2285c8c3b79d7ff02ba0dadb13c19c7a,information_gain,0,0,False,3,2.659047357955822,,
29,s29-test-3-0,2285c8c3b79d7ff02ba0dadb13c19c7a,information_gain,1,1,False,2,1.776119492494224,next-3,fail
29,s29-test-3-0,2285c8c3b79d7ff02ba0dadb13c19c7a,information_gain,2,2,True,1,0.6413502141557089,next-7,fail
29,s29-test-3-0,2285c8c3b79d7ff02ba0dadb13c19c7a,information_gain,3,3,True,1,2.00898351749949,next-10,pass
29,s29-test-3-0,2285c8c3b79d7ff02ba0dadb13c19c7a,information_gain,4,4,True,1,0.9370299279159731,next-0,fail
29,s29-test-3-0,2285c8c3b79d7ff02ba0dadb13c19c7a,random,0,0,False,3,2.659047357955822,,
29,s29-test-3-0,2285c8c3b79d7ff02ba0dadb13c19c7a,random,1,1,False,2,2.347338641683286,next-2,pass
29,s29-test-3-0,2285c8c3b79d7ff02ba0dadb13c19c7a,random,2,2,False,2,2.317248430978177,next-5,pass
29,s29-test-3-0,2285c8c3b79d7ff02ba0dadb13c19c7a,random,3,3,False,2,2.315050666333179,next-1,pass
29,s29-test-3-0,2285c8c3b79d7ff02ba0dadb13c19c7a,random,4,4,True,1,1.4664381458034355,next-3,fail
29,s29-test-3-1,2285c8c3b79d7ff02ba0dadb13c19c7a,information_gain,0,0,False,5,2.7996234288726343,,
29,s29-test-3-1,2285c8c3b79d7ff02ba0dadb13c19c7a,information_gain,1,1,False,3,2.4291909548433477,next-0,pass
29,s29-test-3-1,2285c8c3b79d7ff02ba0dadb13c19c7a,information_gain,2,2,False,2,2.0558837274228408,next-4,pass
29,s29-test-3-1,2285c8c3b79d7ff02ba0dadb13c19c7a,information_gain,3,3,False,6,1.831007811734821,next-3,pass
29,s29-test-3-1,2285c8c3b79d7ff02ba0dadb13c19c7a,information_gain,4,4,False,5,1.6206162367295518,next-6,pass
29,s29-test-3-1,2285c8c3b79d7ff02ba0dadb13c19c7a,random,0,0,False,5,2.7996234288726343,,
29,s29-test-3-1,2285c8c3b79d7ff02ba0dadb13c19c7a,random,1,1,False,4,2.5908283518309307,next-7,pass
29,s29-test-3-1,2285c8c3b79d7ff02ba0dadb13c19c7a,random,2,2,False,4,2.435717955113761,next-9,pass
29,s29-test-3-1,2285c8c3b79d7ff02ba0dadb13c19c7a,random,3,3,False,4,2.247344541772153,next-6,pass
29,s29-test-3-1,2285c8c3b79d7ff02ba0dadb13c19c7a,random,4,4,False,3,2.0369243817988307,next-10,pass
29,s29-test-3-2,2285c8c3b79d7ff02ba0dadb13c19c7a,information_gain,0,0,False,2,1.7116246694271844,,
29,s29-test-3-2,2285c8c3b79d7ff02ba0dadb13c19c7a,information_gain,1,1,True,1,0.6710992897478856,next-10,fail
29,s29-test-3-2,2285c8c3b79d7ff02ba0dadb13c19c7a,information_gain,2,2,True,1,0.16516883209631741,next-4,pass
29,s29-test-3-2,2285c8c3b79d7ff02ba0dadb13c19c7a,information_gain,3,3,True,1,0.05915705173452745,next-7,pass
29,s29-test-3-2,2285c8c3b79d7ff02ba0dadb13c19c7a,information_gain,4,4,True,1,0.4004786760412225,next-2,pass
29,s29-test-3-2,2285c8c3b79d7ff02ba0dadb13c19c7a,random,0,0,False,2,1.7116246694271844,,
29,s29-test-3-2,2285c8c3b79d7ff02ba0dadb13c19c7a,random,1,1,False,2,1.4772919715005206,next-1,pass
29,s29-test-3-2,2285c8c3b79d7ff02ba0dadb13c19c7a,random,2,2,False,2,1.162071551840628,next-5,fail
29,s29-test-3-2,2285c8c3b79d7ff02ba0dadb13c19c7a,random,3,3,True,1,0.5178331309535292,next-4,pass
29,s29-test-3-2,2285c8c3b79d7ff02ba0dadb13c19c7a,random,4,4,True,1,0.4579077581385592,next-0,fail
29,s29-test-3-3,2285c8c3b79d7ff02ba0dadb13c19c7a,information_gain,0,0,False,4,1.0316394018917285,,
29,s29-test-3-3,2285c8c3b79d7ff02ba0dadb13c19c7a,information_gain,1,1,False,4,0.06800994437921387,next-11,fail
29,s29-test-3-3,2285c8c3b79d7ff02ba0dadb13c19c7a,information_gain,2,2,False,3,0.36584326032485853,next-5,pass
29,s29-test-3-3,2285c8c3b79d7ff02ba0dadb13c19c7a,information_gain,3,3,False,3,1.3396218425067243,next-6,pass
29,s29-test-3-3,2285c8c3b79d7ff02ba0dadb13c19c7a,information_gain,4,4,False,2,0.528632241731758,next-7,fail
29,s29-test-3-3,2285c8c3b79d7ff02ba0dadb13c19c7a,random,0,0,False,4,1.0316394018917285,,
29,s29-test-3-3,2285c8c3b79d7ff02ba0dadb13c19c7a,random,1,1,False,3,0.7411320664425451,next-8,pass
29,s29-test-3-3,2285c8c3b79d7ff02ba0dadb13c19c7a,random,2,2,False,3,1.9708946949559412,next-5,pass
29,s29-test-3-3,2285c8c3b79d7ff02ba0dadb13c19c7a,random,3,3,False,3,1.8569927368707004,next-1,pass
29,s29-test-3-3,2285c8c3b79d7ff02ba0dadb13c19c7a,random,4,4,False,3,1.8506918315935332,next-2,pass
29,s29-test-3-4,2285c8c3b79d7ff02ba0dadb13c19c7a,information_gain,0,0,True,1,2.876817968790332,,
29,s29-test-3-4,2285c8c3b79d7ff02ba0dadb13c19c7a,information_gain,1,1,True,1,2.4291909548433477,next-6,pass
29,s29-test-3-4,2285c8c3b79d7ff02ba0dadb13c19c7a,information_gain,2,2,True,1,2.1398128788631605,next-3,pass
29,s29-test-3-4,2285c8c3b79d7ff02ba0dadb13c19c7a,information_gain,3,3,True,1,1.9092889951666259,next-4,pass
29,s29-test-3-4,2285c8c3b79d7ff02ba0dadb13c19c7a,information_gain,4,4,True,1,1.6395552073920756,next-2,pass
29,s29-test-3-4,2285c8c3b79d7ff02ba0dadb13c19c7a,random,0,0,True,1,2.876817968790332,,
29,s29-test-3-4,2285c8c3b79d7ff02ba0dadb13c19c7a,random,1,1,True,1,2.5783956843087514,next-3,pass
29,s29-test-3-4,2285c8c3b79d7ff02ba0dadb13c19c7a,random,2,2,True,1,2.435717955113761,next-2,pass
29,s29-test-3-4,2285c8c3b79d7ff02ba0dadb13c19c7a,random,3,3,True,1,2.245098088270482,next-8,pass
29,s29-test-3-4,2285c8c3b79d7ff02ba0dadb13c19c7a,random,4,4,False,3,1.0060444321658282,next-7,fail
29,s29-test-3-5,2285c8c3b79d7ff02ba0dadb13c19c7a,information_gain,0,0,False,6,2.6158646956186073,,
29,s29-test-3-5,2285c8c3b79d7ff02ba0dadb13c19c7a,information_gain,1,1,False,4,2.2318549602481097,next-7,pass
29,s29-test-3-5,2285c8c3b79d7ff02ba0dadb13c19c7a,information_gain,2,2,False,3,1.9099654913810327,next-8,pass
29,s29-test-3-5,2285c8c3b79d7ff02ba0dadb13c19c7a,information_gain,3,3,False,2,1.6395552073920756,next-9,pass
29,s29-test-3-5,2285c8c3b79d7ff02ba0dadb13c19c7a,information_gain,4,4,True,1,0.34325708179131026,next-11,fail
29,s29-test-3-5,2285c8c3b79d7ff02ba0dadb13c19c7a,random,0,0,False,6,2.6158646956186073,,
29,s29-test-3-5,2285c8c3b79d7ff02ba0dadb13c19c7a,random,1,1,False,5,2.435717955113761,next-6,pass
29,s29-test-3-5,2285c8c3b79d7ff02ba0dadb13c19c7a,random,2,2,False,4,2.22960134453834,next-1,pass
29,s29-test-3-5,2285c8c3b79d7ff02ba0dadb13c19c7a,random,3,3,False,4,2.229303971030045,next-4,pass
29,s29-test-3-5,2285c8c3b79d7ff02ba0dadb13c19c7a,random,4,4,False,4,2.047076677274523,next-7,pass
29,s29-test-3-6,2285c8c3b79d7ff02ba0dadb13c19c7a,information_gain,0,0,True,1,1.1407122779941032,,
29,s29-test-3-6,2285c8c3b79d7ff02ba0dadb13c19c7a,information_gain,1,1,True,1,0.2629412844920907,next-7,fail
29,s29-test-3-6,2285c8c3b79d7ff02ba0dadb13c19c7a,information_gain,2,2,True,1,0.07475161724125932,next-5,pass
29,s29-test-3-6,2285c8c3b79d7ff02ba0dadb13c19c7a,information_gain,3,3,True,1,0.03609048326555612,next-3,pass
29,s29-test-3-6,2285c8c3b79d7ff02ba0dadb13c19c7a,information_gain,4,4,True,1,0.022115224226607985,next-11,pass
29,s29-test-3-6,2285c8c3b79d7ff02ba0dadb13c19c7a,random,0,0,True,1,1.1407122779941032,,
29,s29-test-3-6,2285c8c3b79d7ff02ba0dadb13c19c7a,random,1,1,True,1,0.8827697629218643,next-11,pass
29,s29-test-3-6,2285c8c3b79d7ff02ba0dadb13c19c7a,random,2,2,True,1,0.7222567319191784,next-6,pass
29,s29-test-3-6,2285c8c3b79d7ff02ba0dadb13c19c7a,random,3,3,True,1,0.526097773314393,next-5,pass
29,s29-test-3-6,2285c8c3b79d7ff02ba0dadb13c19c7a,random,4,4,True,1,0.5014512220665124,next-1,pass
29,s29-test-3-7,2285c8c3b79d7ff02ba0dadb13c19c7a,information_gain,0,0,False,2,1.6044468570818062,,
29,s29-test-3-7,2285c8c3b79d7ff02ba0dadb13c19c7a,information_gain,1,1,True,1,1.19341130296303,next-0,pass
29,s29-test-3-7,2285c8c3b79d7ff02ba0dadb13c19c7a,information_gain,2,2,True,1,0.11584009922281586,next-8,fail
29,s29-test-3-7,2285c8c3b79d7ff02ba0dadb13c19c7a,information_gain,3,3,True,1,0.050386310212116724,next-4,pass
29,s29-test-3-7,2285c8c3b79d7ff02ba0dadb13c19c7a,information_gain,4,4,True,1,0.006624681293430602,next-6,fail
29,s29-test-3-7,2285c8c3b79d7ff02ba0dadb13c19c7a,random,0,0,False,2,1.6044468570818062,,
29,s29-test-3-7,2285c8c3b79d7ff02ba0dadb13c19c7a,random,1,1,True,1,1.0714314535204834,next-4,pass
29,s29-test-3-7,2285c8c3b79d7ff02ba0dadb13c19c7a,random,2,2,True,1,0.9230152155203463,next-11,pass
29,s29-test-3-7,2285c8c3b79d7ff02ba0dadb13c19c7a,random,3,3,True,1,0.7896922738977413,next-2,pass
29,s29-test-3-7,2285c8c3b79d7ff02ba0dadb13c19c7a,random,4,4,True,1,0.4431695170656001,next-0,pass
29,s29-test-3-8,2285c8c3b79d7ff02ba0dadb13c19c7a,information_gain,0,0,False,2,1.8803559378358912,,
29,s29-test-3-8,2285c8c3b79d7ff02ba0dadb13c19c7a,information_gain,1,1,True,1,1.499336159917678,next-11,pass
29,s29-test-3-8,2285c8c3b79d7ff02ba0dadb13c19c7a,information_gain,2,2,True,1,0.8114176627278514,next-10,pass
29,s29-test-3-8,2285c8c3b79d7ff02ba0dadb13c19c7a,information_gain,3,3,True,1,0.1678263068953261,next-9,fail
29,s29-test-3-8,2285c8c3b79d7ff02ba0dadb13c19c7a,information_gain,4,4,True,1,0.060545955287978646,next-1,pass
29,s29-test-3-8,2285c8c3b79d7ff02ba0dadb13c19c7a,random,0,0,False,2,1.8803559378358912,,
29,s29-test-3-8,2285c8c3b79d7ff02ba0dadb13c19c7a,random,1,1,False,2,1.6618744003140553,next-5,pass
29,s29-test-3-8,2285c8c3b79d7ff02ba0dadb13c19c7a,random,2,2,True,1,1.2303334761320917,next-1,pass
29,s29-test-3-8,2285c8c3b79d7ff02ba0dadb13c19c7a,random,3,3,True,1,0.6380877441421643,next-10,pass
29,s29-test-3-8,2285c8c3b79d7ff02ba0dadb13c19c7a,random,4,4,True,1,0.6348096204937888,next-4,pass
29,s29-test-3-9,2285c8c3b79d7ff02ba0dadb13c19c7a,information_gain,0,0,False,2,1.7116246694271844,,
29,s29-test-3-9,2285c8c3b79d7ff02ba0dadb13c19c7a,information_gain,1,1,True,1,1.3450064120466931,next-2,pass
29,s29-test-3-9,2285c8c3b79d7ff02ba0dadb13c19c7a,information_gain,2,2,False,2,2.625126244140702,next-9,pass
29,s29-test-3-9,2285c8c3b79d7ff02ba0dadb13c19c7a,information_gain,3,3,True,1,2.392594227589812,next-4,pass
29,s29-test-3-9,2285c8c3b79d7ff02ba0dadb13c19c7a,information_gain,4,4,True,1,1.0206764910912436,next-10,fail
29,s29-test-3-9,2285c8c3b79d7ff02ba0dadb13c19c7a,random,0,0,False,2,1.7116246694271844,,
29,s29-test-3-9,2285c8c3b79d7ff02ba0dadb13c19c7a,random,1,1,False,2,1.640757633631443,next-8,pass
29,s29-test-3-9,2285c8c3b79d7ff02ba0dadb13c19c7a,random,2,2,True,1,1.339117009746713,next-6,pass
29,s29-test-3-9,2285c8c3b79d7ff02ba0dadb13c19c7a,random,3,3,True,1,1.2222653818678668,next-5,pass
29,s29-test-3-9,2285c8c3b79d7ff02ba0dadb13c19c7a,random,4,4,True,1,1.2025341231170061,next-1,pass
29,s29-test-3-10,2285c8c3b79d7ff02ba0dadb13c19c7a,information_gain,0,0,True,1,2.2627772704902163,,
29,s29-test-3-10,2285c8c3b79d7ff02ba0dadb13c19c7a,information_gain,1,1,True,1,1.9099654913810327,next-3,pass
29,s29-test-3-10,2285c8c3b79d7ff02ba0dadb13c19c7a,information_gain,2,2,True,1,1.4889131953094352,next-7,pass
29,s29-test-3-10,2285c8c3b79d7ff02ba0dadb13c19c7a,information_gain,3,3,True,1,1.3043531542518485,next-2,pass
29,s29-test-3-10,2285c8c3b79d7ff02ba0dadb13c19c7a,information_gain,4,4,True,1,1.1359241190173441,next-1,pass
29,s29-test-3-10,2285c8c3b79d7ff02ba0dadb13c19c7a,random,0,0,True,1,2.2627772704902163,,
29,s29-test-3-10,2285c8c3b79d7ff02ba0dadb13c19c7a,random,1,1,True,1,2.0369243817988307,next-0,pass
29,s29-test-3-10,2285c8c3b79d7ff02ba0dadb13c19c7a,random,2,2,True,1,1.9296853546682564,next-6,pass
29,s29-test-3-10,2285c8c3b79d7ff02ba0dadb13c19c7a,random,3,3,True,1,1.9099654913810327,next-9,pass
29,s29-test-3-10,2285c8c3b79d7ff02ba0dadb13c19c7a,random,4,4,True,1,1.890152474746348,next-8,pass
29,s29-test-3-11,2285c8c3b79d7ff02ba0dadb13c19c7a,information_gain,0,0,False,5,2.659047357955822,,
29,s29-test-3-11,2285c8c3b79d7ff02ba0dadb13c19c7a,information_gain,1,1,False,2,2.082262949034611,next-10,pass
29,s29-test-3-11,2285c8c3b79d7ff02ba0dadb13c19c7a,information_gain,2,2,False,2,1.6692134683227537,next-11,pass
29,s29-test-3-11,2285c8c3b79d7ff02ba0dadb13c19c7a,information_gain,3,3,False,2,1.4655571388979811,next-2,pass
29,s29-test-3-11,2285c8c3b79d7ff02ba0dadb13c19c7a,information_gain,4,4,False,2,1.2790545048569077,next-6,pass
29,s29-test-3-11,2285c8c3b79d7ff02ba0dadb13c19c7a,random,0,0,False,5,2.659047357955822,,
29,s29-test-3-11,2285c8c3b79d7ff02ba0dadb13c19c7a,random,1,1,False,3,2.2563833072742736,next-9,pass
29,s29-test-3-11,2285c8c3b79d7ff02ba0dadb13c19c7a,random,2,2,False,3,2.0369243817988307,next-5,pass
29,s29-test-3-11,2285c8c3b79d7ff02ba0dadb13c19c7a,random,3,3,False,3,1.817776752422397,next-4,pass
29,s29-test-3-11,2285c8c3b79d7ff02ba0dadb13c19c7a,random,4,4,False,3,1.814818426011268,next-8,pass
29,s29-test-4-0,0d3d3177421168a24112e13f06be9c77,information_gain,0,0,True,1,3.62146761582395,,
29,s29-test-4-0,0d3d3177421168a24112e13f06be9c77,information_gain,1,1,True,1,3.4170229231002702,next-4,pass
29,s29-test-4-0,0d3d3177421168a24112e13f06be9c77,information_gain,2,2,True,1,3.178932370437802,next-7,pass
29,s29-test-4-0,0d3d3177421168a24112e13f06be9c77,information_gain,3,3,True,1,3.020206736471774,next-9,pass
29,s29-test-4-0,0d3d3177421168a24112e13f06be9c77,information_gain,4,4,True,1,2.8940257927385202,next-3,pass
29,s29-test-4-0,0d3d3177421168a24112e13f06be9c77,random,0,0,True,1,3.62146761582395,,
29,s29-test-4-0,0d3d3177421168a24112e13f06be9c77,random,1,1,True,1,3.4170229231002702,next-7,pass
29,s29-test-4-0,0d3d3177421168a24112e13f06be9c77,random,2,2,True,1,3.178932370437802,next-4,pass
29,s29-test-4-0,0d3d3177421168a24112e13f06be9c77,random,3,3,True,1,3.1292347857311764,next-0,pass
29,s29-test-4-0,0d3d3177421168a24112e13f06be9c77,random,4,4,True,1,3.0862404861600483,next-11,pass
29,s29-test-4-1,0d3d3177421168a24112e13f06be9c77,information_gain,0,0,False,8,3.81872524475282,,
29,s29-test-4-1,0d3d3177421168a24112e13f06be9c77,information_gain,1,1,False,2,2.174531550304362,next-11,fail
29,s29-test-4-1,0d3d3177421168a24112e13f06be9c77,information_gain,2,2,True,1,0.3550679306609965,next-3,fail
29,s29-test-4-1,0d3d3177421168a24112e13f06be9c77,information_gain,3,3,True,1,0.3359144890433479,next-4,pass
29,s29-test-4-1,0d3d3177421168a24112e13f06be9c77,information_gain,4,4,True,1,0.3166969088707843,next-5,pass
29,s29-test-4-1,0d3d3177421168a24112e13f06be9c77,random,0,0,False,8,3.81872524475282,,
29,s29-test-4-1,0d3d3177421168a24112e13f06be9c77,random,1,1,True,1,2.1305228018130244,next-3,fail
29,s29-test-4-1,0d3d3177421168a24112e13f06be9c77,random,2,2,True,1,2.099717173828677,next-6,pass
29,s29-test-4-1,0d3d3177421168a24112e13f06be9c77,random,3,3,True,1,1.9178751995619607,next-5,pass
29,s29-test-4-1,0d3d3177421168a24112e13f06be9c77,random,4,4,True,1,1.9014999483651172,next-2,pass
29,s29-test-4-2,0d3d3177421168a24112e13f06be9c77,information_gain,0,0,False,8,3.746616462282413,,
29,s29-test-4-2,0d3d3177421168a24112e13f06be9c77,information_gain,1,1,False,7,3.585524741227924,next-7,pass
29,s29-test-4-2,0d3d3177421168a24112e13f06be9c77,information_gain,2,2,False,5,3.4108283469764213,next-1,pass
29,s29-test-4-2,0d3d3177421168a24112e13f06be9c77,information_gain,3,3,False,4,3.213208449365618,next-6,pass
29,s29-test-4-2,0d3d3177421168a24112e13f06be9c77,information_gain,4,4,True,1,1.714603108505182,next-9,fail
29,s29-test-4-2,0d3d3177421168a24112e13f06be9c77,random,0,0,False,8,3.746616462282413,,
29,s29-test-4-2,0d3d3177421168a24112e13f06be9c77,random,1,1,False,6,3.5909120929782614,next-1,pass
29,s29-test-4-2,0d3d3177421168a24112e13f06be9c77,random,2,2,False,7,1.8557108595082865,next-0,fail
29,s29-test-4-2,0d3d3177421168a24112e13f06be9c77,random,3,3,False,6,1.7576047648662845,next-8,pass
29,s29-test-4-2,0d3d3177421168a24112e13f06be9c77,random,4,4,False,5,1.6381628937099568,next-11,pass
29,s29-test-4-3,0d3d3177421168a24112e13f06be9c77,information_gain,0,0,True,1,3.844396637666783,,
29,s29-test-4-3,0d3d3177421168a24112e13f06be9c77,information_gain,1,1,True,1,3.539111533492628,next-0,pass
29,s29-test-4-3,0d3d3177421168a24112e13f06be9c77,information_gain,2,2,True,1,3.32192108886189,next-11,pass
29,s29-test-4-3,0d3d3177421168a24112e13f06be9c77,information_gain,3,3,True,1,3.111950423888374,next-4,pass
29,s29-test-4-3,0d3d3177421168a24112e13f06be9c77,information_gain,4,4,True,1,2.8940257927385202,next-2,pass
29,s29-test-4-3,0d3d3177421168a24112e13f06be9c77,random,0,0,True,1,3.844396637666783,,
29,s29-test-4-3,0d3d3177421168a24112e13f06be9c77,random,1,1,True,1,3.539111533492628,next-0,pass
29,s29-test-4-3,0d3d3177421168a24112e13f06be9c77,random,2,2,True,1,3.3815698218316013,next-2,pass
29,s29-test-4-3,0d3d3177421168a24112e13f06be9c77,random,3,3,True,1,3.375306989789322,next-7,pass
29,s29-test-4-3,0d3d3177421168a24112e13f06be9c77,random,4,4,True,1,3.2379765547101766,next-8,pass
29,s29-test-4-4,0d3d3177421168a24112e13f06be9c77,information_gain,0,0,True,1,3.81872524475282,,
29,s29-test-4-4,0d3d3177421168a24112e13f06be9c77,information_gain,1,1,True,1,3.5909120929782614,next-5,pass
29,s29-test-4-4,0d3d3177421168a24112e13f06be9c77,information_gain,2,2,True,1,3.4170229231002702,next-7,pass
29,s29-test-4-4,0d3d3177421168a24112e13f06be9c77,information_gain,3,3,True,1,3.2448343423552997,next-0,pass
29,s29-test-4-4,0d3d3177421168a24112e13f06be9c77,information_gain,4,4,True,1,3.093818115663976,next-6,pass
29,s29-test-4-4,0d3d3177421168a24112e13f06be9c77,random,0,0,True,1,3.81872524475282,,
29,s29-test-4-4,0d3d3177421168a24112e13f06be9c77,random,1,1,True,1,3.691555088750323,next-0,pass
29,s29-test-4-4,0d3d3177421168a24112e13f06be9c77,random,2,2,True,1,3.5287423812305585,next-10,pass
29,s29-test-4-4,0d3d3177421168a24112e13f06be9c77,random,3,3,True,1,3.4971144591523573,next-11,pass
29,s29-test-4-4,0d3d3177421168a24112e13f06be9c77,random,4,4,True,1,3.4860185705397804,next-1,pass
29,s29-test-4-5,0d3d3177421168a24112e13f06be9c77,information_gain,0,0,False,7,3.773733038549548,,
29,s29-test-4-5,0d3d3177421168a24112e13f06be9c77,information_gain,1,1,False,7,3.5909120929782614,next-11,pass
29,s29-test-4-5,0d3d3177421168a24112e13f06be9c77,information_gain,2,2,False,5,3.4170229231002702,next-6,pass
29,s29-test-4-5,0d3d3177421168a24112e13f06be9c77,information_gain,3,3,False,5,3.2448343423552997,next-4,pass
29,s29-test-4-5,0d3d3177421168a24112e13f06be9c77,information_gain,4,4,True,1,1.7582652202175795,next-9,fail
29,s29-test-4-5,0d3d3177421168a24112e13f06be9c77,random,0,0,False,7,3.773733038549548,,
29,s29-test-4-5,0d3d3177421168a24112e13f06be9c77,random,1,1,False,7,3.746616462282413,next-5,pass
29,s29-test-4-5,0d3d3177421168a24112e13f06be9c77,random,2,2,False,7,3.585524741227924,next-4,pass
29,s29-test-4-5,0d3d3177421168a24112e13f06be9c77,random,3,3,False,7,3.554567155647912,next-1,pass
29,s29-test-4-5,0d3d3177421168a24112e13f06be9c77,random,4,4,True,1,2.0513502921637774,next-7,fail
29,s29-test-4-6,0d3d3177421168a24112e13f06be9c77,information_gain,0,0,True,1,3.773733038549548,,
29,s29-test-4-6,0d3d3177421168a24112e13f06be9c77,information_gain,1,1,True,1,3.5909120929782614,next-9,pass
29,s29-test-4-6,0d3d3177421168a24112e13f06be9c77,information_gain,2,2,True,1,3.4170229231002702,next-2,pass
29,s29-test-4-6,0d3d3177421168a24112e13f06be9c77,information_gain,3,3,True,1,3.2204943615516073,next-5,pass
29,s29-test-4-6,0d3d3177421168a24112e13f06be9c77,information_gain,4,4,True,1,3.0664747692545165,next-11,pass
29,s29-test-4-6,0d3d3177421168a24112e13f06be9c77,random,0,0,True,1,3.773733038549548,,
29,s29-test-4-6,0d3d3177421168a24112e13f06be9c77,random,1,1,True,1,3.6995407294104434,next-10,pass
29,s29-test-4-6,0d3d3177421168a24112e13f06be9c77,random,2,2,True,1,3.5909120929782614,next-5,pass
29,s29-test-4-6,0d3d3177421168a24112e13f06be9c77,random,3,3,True,1,3.5287423812305585,next-1,pass
29,s29-test-4-6,0d3d3177421168a24112e13f06be9c77,random,4,4,False,2,1.8684770505310426,next-4,fail
29,s29-test-4-7,0d3d3177421168a24112e13f06be9c77,information_gain,0,0,False,2,2.3199678280210456,,
29,s29-test-4-7,0d3d3177421168a24112e13f06be9c77,information_gain,1,1,True,1,0.8410544654938971,next-6,fail
29,s29-test-4-7,0d3d3177421168a24112e13f06be9c77,information_gain,2,2,True,1,0.05265578030426788,next-3,fail
29,s29-test-4-7,0d3d3177421168a24112e13f06be9c77,information_gain,3,3,True,1,0.002492853129018254,next-2,fail
29,s29-test-4-7,0d3d3177421168a24112e13f06be9c77,information_gain,4,4,True,1,0.00019061008100970244,next-8,fail
29,s29-test-4-7,0d3d3177421168a24112e13f06be9c77,random,0,0,False,2,2.3199678280210456,,
29,s29-test-4-7,0d3d3177421168a24112e13f06be9c77,random,1,1,False,2,2.20053343329342,next-11,pass
29,s29-test-4-7,0d3d3177421168a24112e13f06be9c77,random,2,2,False,2,2.1300227842740567,next-4,pass
29,s29-test-4-7,0d3d3177421168a24112e13f06be9c77,random,3,3,True,1,0.3809338928875133,next-2,fail
29,s29-test-4-7,0d3d3177421168a24112e13f06be9c77,random,4,4,True,1,0.36061504457231564,next-1,pass
29,s29-test-4-8,0d3d3177421168a24112e13f06be9c77,information_gain,0,0,False,7,3.6995407294104434,,
29,s29-test-4-8,0d3d3177421168a24112e13f06be9c77,information_gain,1,1,False,4,3.4520126535414337,next-3,pass
29,s29-test-4-8,0d3d3177421168a24112e13f06be9c77,information_gain,2,2,False,4,3.283654917095652,next-4,pass
29,s29-test-4-8,0d3d3177421168a24112e13f06be9c77,information_gain,3,3,False,4,3.093818115663976,next-5,pass
29,s29-test-4-8,0d3d3177421168a24112e13f06be9c77,information_gain,4,4,False,3,2.9251990225983873,next-0,pass
29,s29-test-4-8,0d3d3177421168a24112e13f06be9c77,random,0,0,False,7,3.6995407294104434,,
29,s29-test-4-8,0d3d3177421168a24112e13f06be9c77,random,1,1,False,6,3.5909120929782614,next-11,pass
29,s29-test-4-8,0d3d3177421168a24112e13f06be9c77,random,2,2,False,6,3.554567155647912,next-8,pass
29,s29-test-4-8,0d3d3177421168a24112e13f06be9c77,random,3,3,False,5,3.339310509837818,next-7,pass
29,s29-test-4-8,0d3d3177421168a24112e13f06be9c77,random,4,4,False,3,3.0862404861600483,next-3,pass
29,s29-test-4-9,0d3d3177421168a24112e13f06be9c77,information_gain,0,0,False,7,3.773733038549548,,
29,s29-test-4-9,0d3d3177421168a24112e13f06be9c77,information_gain,1,1,False,5,3.62146761582395,next-0,pass
29,s29-test-4-9,0d3d3177421168a24112e13f06be9c77,information_gain,2,2,False,5,3.4520126535414337,next-2,pass
29,s29-test-4-9,0d3d3177421168a24112e13f06be9c77,information_gain,3,3,False,4,3.32192108886189,next-1,pass
29,s29-test-4-9,0d3d3177421168a24112e13f06be9c77,information_gain,4,4,False,4,3.178932370437802,next-9,pass
29,s29-test-4-9,0d3d3177421168a24112e13f06be9c77,random,0,0,False,7,3.773733038549548,,
29,s29-test-4-9,0d3d3177421168a24112e13f06be9c77,random,1,1,False,6,3.6417641012444033,next-8,pass
29,s29-test-4-9,0d3d3177421168a24112e13f06be9c77,random,2,2,False,6,3.554567155647912,next-9,pass
29,s29-test-4-9,0d3d3177421168a24112e13f06be9c77,random,3,3,False,5,3.467642330721875,next-7,pass
29,s29-test-4-9,0d3d3177421168a24112e13f06be9c77,random,4,4,False,4,3.339310509837818,next-0,pass
29,s29-test-4-10,0d3d3177421168a24112e13f06be9c77,information_gain,0,0,False,15,3.9118405213587524,,
29,s29-test-4-10,0d3d3177421168a24112e13f06be9c77,information_gain,1,1,False,12,3.6995407294104434,next-3,pass
29,s29-test-4-10,0d3d3177421168a24112e13f06be9c77,information_gain,2,2,False,10,3.506488405194351,next-10,pass
29,s29-test-4-10,0d3d3177421168a24112e13f06be9c77,information_gain,3,3,False,8,3.32192108886189,next-1,pass
29,s29-test-4-10,0d3d3177421168a24112e13f06be9c77,information_gain,4,4,False,7,3.178932370437802,next-7,pass
29,s29-test-4-10,0d3d3177421168a24112e13f06be9c77,random,0,0,False,15,3.9118405213587524,,
29,s29-test-4-10,0d3d3177421168a24112e13f06be9c77,random,1,1,False,14,3.81872524475282,next-0,pass
29,s29-test-4-10,0d3d3177421168a24112e13f06be9c77,random,2,2,False,13,3.7192253700447977,next-7,pass
29,s29-test-4-10,0d3d3177421168a24112e13f06be9c77,random,3,3,False,12,3.6366610839614055,next-5,pass
29,s29-test-4-10,0d3d3177421168a24112e13f06be9c77,random,4,4,False,10,3.467642330721875,next-1,pass
29,s29-test-4-11,0d3d3177421168a24112e13f06be9c77,information_gain,0,0,False,5,3.9763367048937788,,
29,s29-test-4-11,0d3d3177421168a24112e13f06be9c77,information_gain,1,1,False,5,3.773733038549548,next-4,pass
29,s29-test-4-11,0d3d3177421168a24112e13f06be9c77,information_gain,2,2,False,2,2.123396156548664,next-2,fail
29,s29-test-4-11,0d3d3177421168a24112e13f06be9c77,information_gain,3,3,True,1,2.1554134835488226,next-11,pass
29,s29-test-4-11,0d3d3177421168a24112e13f06be9c77,information_gain,4,4,True,1,0.18225367805632126,next-1,fail
29,s29-test-4-11,0d3d3177421168a24112e13f06be9c77,random,0,0,False,5,3.9763367048937788,,
29,s29-test-4-11,0d3d3177421168a24112e13f06be9c77,random,1,1,False,7,2.3034554996576957,next-3,fail
29,s29-test-4-11,0d3d3177421168a24112e13f06be9c77,random,2,2,False,7,2.399010155449852,next-7,pass
29,s29-test-4-11,0d3d3177421168a24112e13f06be9c77,random,3,3,False,2,2.5145950903921377,next-2,fail
29,s29-test-4-11,0d3d3177421168a24112e13f06be9c77,random,4,4,True,1,0.5636394745779317,next-1,fail
29,s29-test-5-0,e9f1860fe8e8466c092360b0f096ce27,information_gain,0,0,True,1,2.2355693397584955,,
29,s29-test-5-0,e9f1860fe8e8466c092360b0f096ce27,information_gain,1,1,True,1,1.0364714142222924,next-9,fail
29,s29-test-5-0,e9f1860fe8e8466c092360b0f096ce27,information_gain,2,2,False,2,2.1620010521412643,next-3,pass
29,s29-test-5-0,e9f1860fe8e8466c092360b0f096ce27,information_gain,3,3,True,1,1.8135659929415957,next-0,pass
29,s29-test-5-0,e9f1860fe8e8466c092360b0f096ce27,information_gain,4,4,True,1,1.450796470051167,next-11,pass
29,s29-test-5-0,e9f1860fe8e8466c092360b0f096ce27,random,0,0,True,1,2.2355693397584955,,
29,s29-test-5-0,e9f1860fe8e8466c092360b0f096ce27,random,1,1,True,1,2.17585423318113,next-8,pass
29,s29-test-5-0,e9f1860fe8e8466c092360b0f096ce27,random,2,2,False,2,1.9710534968534972,next-4,pass
29,s29-test-5-0,e9f1860fe8e8466c092360b0f096ce27,random,3,3,False,2,1.878236663676302,next-5,pass
29,s29-test-5-0,e9f1860fe8e8466c092360b0f096ce27,random,4,4,True,1,2.0405659491326804,next-9,fail
29,s29-test-5-1,e9f1860fe8e8466c092360b0f096ce27,information_gain,0,0,False,5,3.658699810953678,,
29,s29-test-5-1,e9f1860fe8e8466c092360b0f096ce27,information_gain,1,1,False,3,3.404067154152577,next-0,pass
29,s29-test-5-1,e9f1860fe8e8466c092360b0f096ce27,information_gain,2,2,False,2,1.9892622618687108,next-11,fail
29,s29-test-5-1,e9f1860fe8e8466c092360b0f096ce27,information_gain,3,3,True,1,1.6827178414378376,next-2,pass
29,s29-test-5-1,e9f1860fe8e8466c092360b0f096ce27,information_gain,4,4,True,1,1.3002914269314645,next-9,pass
29,s29-test-5-1,e9f1860fe8e8466c092360b0f096ce27,random,0,0,False,5,3.658699810953678,,
29,s29-test-5-1,e9f1860fe8e8466c092360b0f096ce27,random,1,1,False,3,3.404067154152577,next-2,pass
29,s29-test-5-1,e9f1860fe8e8466c092360b0f096ce27,random,2,2,False,5,3.418771758917103,next-10,fail
29,s29-test-5-1,e9f1860fe8e8466c092360b0f096ce27,random,3,3,False,5,3.36484164591862,next-6,pass
29,s29-test-5-1,e9f1860fe8e8466c092360b0f096ce27,random,4,4,False,5,3.3329257109513737,next-3,pass
29,s29-test-5-2,e9f1860fe8e8466c092360b0f096ce27,information_gain,0,0,False,8,3.658699810953678,,
29,s29-test-5-2,e9f1860fe8e8466c092360b0f096ce27,information_gain,1,1,False,3,2.3619591421846478,next-5,fail
29,s29-test-5-2,e9f1860fe8e8466c092360b0f096ce27,information_gain,2,2,False,2,1.4677723352837198,next-9,fail
29,s29-test-5-2,e9f1860fe8e8466c092360b0f096ce27,information_gain,3,3,True,1,1.1972430930794855,next-1,pass
29,s29-test-5-2,e9f1860fe8e8466c092360b0f096ce27,information_gain,4,4,True,1,0.626950622436729,next-6,pass
29,s29-test-5-2,e9f1860fe8e8466c092360b0f096ce27,random,0,0,False,8,3.658699810953678,,
29,s29-test-5-2,e9f1860fe8e8466c092360b0f096ce27,random,1,1,False,7,3.5784814819270436,next-3,pass
29,s29-test-5-2,e9f1860fe8e8466c092360b0f096ce27,random,2,2,False,3,2.315798907595652,next-9,fail
29,s29-test-5-2,e9f1860fe8e8466c092360b0f096ce27,random,3,3,False,3,2.268953537434553,next-0,pass
29,s29-test-5-2,e9f1860fe8e8466c092360b0f096ce27,random,4,4,False,3,2.154903655988571,next-2,pass
29,s29-test-5-3,e9f1860fe8e8466c092360b0f096ce27,information_gain,0,0,False,12,3.658699810953678,,
29,s29-test-5-3,e9f1860fe8e8466c092360b0f096ce27,information_gain,1,1,False,9,3.3675580217864773,next-3,pass
29,s29-test-5-3,e9f1860fe8e8466c092360b0f096ce27,information_gain,2,2,False,7,3.1644460280249134,next-4,pass
29,s29-test-5-3,e9f1860fe8e8466c092360b0f096ce27,information_gain,3,3,False,6,2.9550245746520023,next-1,pass
29,s29-test-5-3,e9f1860fe8e8466c092360b0f096ce27,information_gain,4,4,False,5,2.7677953238704416,next-6,pass
29,s29-test-5-3,e9f1860fe8e8466c092360b0f096ce27,random,0,0,False,12,3.658699810953678,,
29,s29-test-5-3,e9f1860fe8e8466c092360b0f096ce27,random,1,1,False,9,3.404067154152577,next-10,pass
29,s29-test-5-3,e9f1860fe8e8466c092360b0f096ce27,random,2,2,False,9,3.3305424358617413,next-0,pass
29,s29-test-5-3,e9f1860fe8e8466c092360b0f096ce27,random,3,3,False,9,3.27974236276406,next-11,pass
29,s29-test-5-3,e9f1860fe8e8466c092360b0f096ce27,random,4,4,False,7,3.060471097873876,next-4,pass
29,s29-test-5-4,e9f1860fe8e8466c092360b0f096ce27,information_gain,0,0,True,1,2.095807067246069,,
29,s29-test-5-4,e9f1860fe8e8466c092360b0f096ce27,information_gain,1,1,True,1,0.6804679566693911,next-7,fail
29,s29-test-5-4,e9f1860fe8e8466c092360b0f096ce27,information_gain,2,2,True,1,0.04124802715158721,next-6,fail
29,s29-test-5-4,e9f1860fe8e8466c092360b0f096ce27,information_gain,3,3,True,1,0.2855331997767275,next-9,pass
29,s29-test-5-4,e9f1860fe8e8466c092360b0f096ce27,information_gain,4,4,True,1,0.020595770033167978,next-5,fail
29,s29-test-5-4,e9f1860fe8e8466c092360b0f096ce27,random,0,0,True,1,2.095807067246069,,
29,s29-test-5-4,e9f1860fe8e8466c092360b0f096ce27,random,1,1,True,1,0.3424762626846145,next-6,fail
29,s29-test-5-4,e9f1860fe8e8466c092360b0f096ce27,random,2,2,True,1,0.3328862275557592,next-11,pass
29,s29-test-5-4,e9f1860fe8e8466c092360b0f096ce27,random,3,3,True,1,1.4431525850483498,next-9,pass
29,s29-test-5-4,e9f1860fe8e8466c092360b0f096ce27,random,4,4,True,1,0.28195773574599,next-7,fail
29,s29-test-5-5,e9f1860fe8e8466c092360b0f096ce27,information_gain,0,0,False,2,3.5467717765403792,,
29,s29-test-5-5,e9f1860fe8e8466c092360b0f096ce27,information_gain,1,1,False,4,1.9488237169409959,next-0,fail
29,s29-test-5-5,e9f1860fe8e8466c092360b0f096ce27,information_gain,2,2,False,4,1.8701151123465733,next-10,pass
29,s29-test-5-5,e9f1860fe8e8466c092360b0f096ce27,information_gain,3,3,False,6,2.2557513105573967,next-11,fail
29,s29-test-5-5,e9f1860fe8e8466c092360b0f096ce27,information_gain,4,4,False,6,2.1145005993366746,next-8,pass
29,s29-test-5-5,e9f1860fe8e8466c092360b0f096ce27,random,0,0,False,2,3.5467717765403792,,
29,s29-test-5-5,e9f1860fe8e8466c092360b0f096ce27,random,1,1,True,1,1.8463782228424432,next-4,fail
29,s29-test-5-5,e9f1860fe8e8466c092360b0f096ce27,random,2,2,True,1,0.1704477810179452,next-1,fail
29,s29-test-5-5,e9f1860fe8e8466c092360b0f096ce27,random,3,3,True,1,0.1591333741274874,next-8,pass
29,s29-test-5-5,e9f1860fe8e8466c092360b0f096ce27,random,4,4,True,1,0.01187245518796518,next-6,fail
29,s29-test-5-6,e9f1860fe8e8466c092360b0f096ce27,information_gain,0,0,True,1,3.3675580217864773,,
29,s29-test-5-6,e9f1860fe8e8466c092360b0f096ce27,information_gain,1,1,True,1,3.1644460280249134,next-0,pass
29,s29-test-5-6,e9f1860fe8e8466c092360b0f096ce27,information_gain,2,2,True,1,3.003984366185027,next-1,pass
29,s29-test-5-6,e9f1860fe8e8466c092360b0f096ce27,information_gain,3,3,True,1,2.868308383037703,next-7,pass
29,s29-test-5-6,e9f1860fe8e8466c092360b0f096ce27,information_gain,4,4,True,1,2.747919938550147,next-4,pass
29,s29-test-5-6,e9f1860fe8e8466c092360b0f096ce27,random,0,0,True,1,3.3675580217864773,,
29,s29-test-5-6,e9f1860fe8e8466c092360b0f096ce27,random,1,1,True,1,3.3305424358617413,next-8,pass
29,s29-test-5-6,e9f1860fe8e8466c092360b0f096ce27,random,2,2,True,1,3.2549440564362553,next-5,pass
29,s29-test-5-6,e9f1860fe8e8466c092360b0f096ce27,random,3,3,True,1,3.2027543139676036,next-4,pass
29,s29-test-5-6,e9f1860fe8e8466c092360b0f096ce27,random,4,4,True,1,2.9688371383609433,next-0,pass
29,s29-test-5-7,e9f1860fe8e8466c092360b0f096ce27,information_gain,0,0,False,2,2.149432608722796,,
29,s29-test-5-7,e9f1860fe8e8466c092360b0f096ce27,information_gain,1,1,True,1,2.0335441057371595,next-9,pass
29,s29-test-5-7,e9f1860fe8e8466c092360b0f096ce27,information_gain,2,2,True,1,0.1969342320955471,next-6,fail
29,s29-test-5-7,e9f1860fe8e8466c092360b0f096ce27,information_gain,3,3,True,1,0.1424937120389101,next-8,pass
29,s29-test-5-7,e9f1860fe8e8466c092360b0f096ce27,information_gain,4,4,True,1,0.12238807521052167,next-0,pass
29,s29-test-5-7,e9f1860fe8e8466c092360b0f096ce27,random,0,0,False,2,2.149432608722796,,
29,s29-test-5-7,e9f1860fe8e8466c092360b0f096ce27,random,1,1,False,2,2.0874595298007868,next-4,pass
29,s29-test-5-7,e9f1860fe8e8466c092360b0f096ce27,random,2,2,False,2,2.0030397532214366,next-2,pass
29,s29-test-5-7,e9f1860fe8e8466c092360b0f096ce27,random,3,3,True,1,1.816195258164077,next-9,pass
29,s29-test-5-7,e9f1860fe8e8466c092360b0f096ce27,random,4,4,True,1,1.7011317994500759,next-0,pass
29,s29-test-5-8,e9f1860fe8e8466c092360b0f096ce27,information_gain,0,0,False,2,2.0874595298007868,,
29,s29-test-5-8,e9f1860fe8e8466c092360b0f096ce27,information_gain,1,1,True,1,0.5412612707954917,next-6,fail
29,s29-test-5-8,e9f1860fe8e8466c092360b0f096ce27,information_gain,2,2,True,1,0.031441732098527034,next-11,fail
29,s29-test-5-8,e9f1860fe8e8466c092360b0f096ce27,information_gain,3,3,True,1,0.0019556185547270734,next-9,fail
29,s29-test-5-8,e9f1860fe8e8466c092360b0f096ce27,information_gain,4,4,True,1,0.0013947861984724102,next-1,pass
29,s29-test-5-8,e9f1860fe8e8466c092360b0f096ce27,random,0,0,False,2,2.0874595298007868,,
29,s29-test-5-8,e9f1860fe8e8466c092360b0f096ce27,random,1,1,True,1,2.1060335792131397,next-10,pass
29,s29-test-5-8,e9f1860fe8e8466c092360b0f096ce27,random,2,2,True,1,2.002298162732023,next-2,pass
29,s29-test-5-8,e9f1860fe8e8466c092360b0f096ce27,random,3,3,True,1,1.812677039919064,next-7,pass
29,s29-test-5-8,e9f1860fe8e8466c092360b0f096ce27,random,4,4,True,1,1.8102540900971964,next-0,pass
29,s29-test-5-9,e9f1860fe8e8466c092360b0f096ce27,information_gain,0,0,False,4,3.5784814819270436,,
29,s29-test-5-9,e9f1860fe8e8466c092360b0f096ce27,information_gain,1,1,False,3,3.3305424358617413,next-10,pass
29,s29-test-5-9,e9f1860fe8e8466c092360b0f096ce27,information_gain,2,2,False,5,1.8038035858413595,next-3,fail
29,s29-test-5-9,e9f1860fe8e8466c092360b0f096ce27,information_gain,3,3,True,1,2.3234705853644835,next-7,fail
29,s29-test-5-9,e9f1860fe8e8466c092360b0f096ce27,information_gain,4,4,True,1,0.532602029407335,next-1,fail
29,s29-test-5-9,e9f1860fe8e8466c092360b0f096ce27,random,0,0,False,4,3.5784814819270436,,
29,s29-test-5-9,e9f1860fe8e8466c092360b0f096ce27,random,1,1,False,2,2.114925799740169,next-7,fail
29,s29-test-5-9,e9f1860fe8e8466c092360b0f096ce27,random,2,2,True,1,1.9710534968534972,next-5,pass
29,s29-test-5-9,e9f1860fe8e8466c092360b0f096ce27,random,3,3,True,1,1.7178496855288208,next-8,pass
29,s29-test-5-9,e9f1860fe8e8466c092360b0f096ce27,random,4,4,True,1,1.5966536503710316,next-4,pass
29,s29-test-5-10,e9f1860fe8e8466c092360b0f096ce27,information_gain,0,0,False,2,1.9429428221798903,,
29,s29-test-5-10,e9f1860fe8e8466c092360b0f096ce27,information_gain,1,1,True,1,3.418771758917103,next-8,pass
29,s29-test-5-10,e9f1860fe8e8466c092360b0f096ce27,information_gain,2,2,True,1,3.1929177602031813,next-6,pass
29,s29-test-5-10,e9f1860fe8e8466c092360b0f096ce27,information_gain,3,3,True,1,3.0445886178902692,next-3,pass
29,s29-test-5-10,e9f1860fe8e8466c092360b0f096ce27,information_gain,4,4,True,1,2.8866518785745927,next-4,pass
29,s29-test-5-10,e9f1860fe8e8466c092360b0f096ce27,random,0,0,False,2,1.9429428221798903,,
29,s29-test-5-10,e9f1860fe8e8466c092360b0f096ce27,random,1,1,False,2,1.7352819463663185,next-6,pass
29,s29-test-5-10,e9f1860fe8e8466c092360b0f096ce27,random,2,2,False,2,1.7182397160580678,next-5,pass
29,s29-test-5-10,e9f1860fe8e8466c092360b0f096ce27,random,3,3,False,2,1.7011317994500756,next-11,pass
29,s29-test-5-10,e9f1860fe8e8466c092360b0f096ce27,random,4,4,True,1,3.131587960255396,next-8,pass
29,s29-test-5-11,e9f1860fe8e8466c092360b0f096ce27,information_gain,0,0,False,6,3.5090279578251145,,
29,s29-test-5-11,e9f1860fe8e8466c092360b0f096ce27,information_gain,1,1,False,5,3.317429183866037,next-7,pass
29,s29-test-5-11,e9f1860fe8e8466c092360b0f096ce27,information_gain,2,2,False,3,3.1040135402704667,next-1,pass
29,s29-test-5-11,e9f1860fe8e8466c092360b0f096ce27,information_gain,3,3,False,5,1.6600874061818174,next-4,fail
29,s29-test-5-11,e9f1860fe8e8466c092360b0f096ce27,information_gain,4,4,False,5,1.396658001157825,next-9,pass
29,s29-test-5-11,e9f1860fe8e8466c092360b0f096ce27,random,0,0,False,6,3.5090279578251145,,
29,s29-test-5-11,e9f1860fe8e8466c092360b0f096ce27,random,1,1,False,5,3.4185017912348723,next-10,pass
29,s29-test-5-11,e9f1860fe8e8466c092360b0f096ce27,random,2,2,False,5,3.4124215446440553,next-0,pass
29,s29-test-5-11,e9f1860fe8e8466c092360b0f096ce27,random,3,3,False,7,1.8683788617802928,next-4,fail
29,s29-test-5-11,e9f1860fe8e8466c092360b0f096ce27,random,4,4,False,5,1.731038010254486,next-1,pass
29,s29-test-6-0,eb15edb8c62a788b2a8feb1a90e127b8,information_gain,0,0,True,1,3.2476782181571426,,
29,s29-test-6-0,eb15edb8c62a788b2a8feb1a90e127b8,information_gain,1,1,True,1,2.85148597444458,next-11,pass
29,s29-test-6-0,eb15edb8c62a788b2a8feb1a90e127b8,information_gain,2,2,True,1,2.491822244291074,next-2,pass
29,s29-test-6-0,eb15edb8c62a788b2a8feb1a90e127b8,information_gain,3,3,True,1,2.136979620023915,next-8,pass
29,s29-test-6-0,eb15edb8c62a788b2a8feb1a90e127b8,information_gain,4,4,True,1,1.9396968098623948,next-1,pass
29,s29-test-6-0,eb15edb8c62a788b2a8feb1a90e127b8,random,0,0,True,1,3.2476782181571426,,
29,s29-test-6-0,eb15edb8c62a788b2a8feb1a90e127b8,random,1,1,True,1,2.9787206914989413,next-7,pass
29,s29-test-6-0,eb15edb8c62a788b2a8feb1a90e127b8,random,2,2,True,1,2.5842481434851416,next-11,pass
29,s29-test-6-0,eb15edb8c62a788b2a8feb1a90e127b8,random,3,3,True,1,2.572399216516547,next-4,pass
29,s29-test-6-0,eb15edb8c62a788b2a8feb1a90e127b8,random,4,4,True,1,2.3092168856952657,next-6,pass
29,s29-test-6-1,eb15edb8c62a788b2a8feb1a90e127b8,information_gain,0,0,False,2,1.9860156870605514,,
29,s29-test-6-1,eb15edb8c62a788b2a8feb1a90e127b8,information_gain,1,1,False,2,1.1373236012138275,next-4,fail
29,s29-test-6-1,eb15edb8c62a788b2a8feb1a90e127b8,information_gain,2,2,True,1,0.678717375966028,next-3,pass
29,s29-test-6-1,eb15edb8c62a788b2a8feb1a90e127b8,information_gain,3,3,True,1,0.05791206549664059,next-9,fail
29,s29-test-6-1,eb15edb8c62a788b2a8feb1a90e127b8,information_gain,4,4,True,1,0.03007480010871046,next-2,pass
29,s29-test-6-1,eb15edb8c62a788b2a8feb1a90e127b8,random,0,0,False,2,1.9860156870605514,,
29,s29-test-6-1,eb15edb8c62a788b2a8feb1a90e127b8,random,1,1,True,1,1.7761731168213166,next-3,pass
29,s29-test-6-1,eb15edb8c62a788b2a8feb1a90e127b8,random,2,2,True,1,1.5487599410696384,next-1,pass
29,s29-test-6-1,eb15edb8c62a788b2a8feb1a90e127b8,random,3,3,True,1,1.151240948855508,next-2,pass
29,s29-test-6-1,eb15edb8c62a788b2a8feb1a90e127b8,random,4,4,True,1,0.1590192327112403,next-4,fail
29,s29-test-6-2,eb15edb8c62a788b2a8feb1a90e127b8,information_gain,0,0,False,4,3.0284272186672294,,
29,s29-test-6-2,eb15edb8c62a788b2a8feb1a90e127b8,information_gain,1,1,False,4,2.713989143510713,next-5,pass
29,s29-test-6-2,eb15edb8c62a788b2a8feb1a90e127b8,information_gain,2,2,True,1,1.414150534791904,next-1,fail
29,s29-test-6-2,eb15edb8c62a788b2a8feb1a90e127b8,information_gain,3,3,True,1,1.1091566441192504,next-10,pass
29,s29-test-6-2,eb15edb8c62a788b2a8feb1a90e127b8,information_gain,4,4,True,1,0.07963059408086817,next-0,fail
29,s29-test-6-2,eb15edb8c62a788b2a8feb1a90e127b8,random,0,0,False,4,3.0284272186672294,,
29,s29-test-6-2,eb15edb8c62a788b2a8feb1a90e127b8,random,1,1,True,1,1.5775101436871044,next-6,fail
29,s29-test-6-2,eb15edb8c62a788b2a8feb1a90e127b8,random,2,2,True,1,1.5029051380435563,next-2,pass
29,s29-test-6-2,eb15edb8c62a788b2a8feb1a90e127b8,random,3,3,True,1,1.1496040909203444,next-9,pass
29,s29-test-6-2,eb15edb8c62a788b2a8feb1a90e127b8,random,4,4,True,1,0.11194029251817866,next-1,fail
29,s29-test-6-3,eb15edb8c62a788b2a8feb1a90e127b8,information_gain,0,0,True,1,3.096698523130282,,
29,s29-test-6-3,eb15edb8c62a788b2a8feb1a90e127b8,information_gain,1,1,True,1,2.713989143510713,next-0,pass
29,s29-test-6-3,eb15edb8c62a788b2a8feb1a90e127b8,information_gain,2,2,True,1,2.4158688171261913,next-5,pass
29,s29-test-6-3,eb15edb8c62a788b2a8feb1a90e127b8,information_gain,3,3,True,1,2.1198785330294814,next-1,pass
29,s29-test-6-3,eb15edb8c62a788b2a8feb1a90e127b8,information_gain,4,4,True,1,1.8701138338609578,next-4,pass
29,s29-test-6-3,eb15edb8c62a788b2a8feb1a90e127b8,random,0,0,True,1,3.096698523130282,,
29,s29-test-6-3,eb15edb8c62a788b2a8feb1a90e127b8,random,1,1,True,1,2.9787206914989413,next-6,pass
29,s29-test-6-3,eb15edb8c62a788b2a8feb1a90e127b8,random,2,2,True,1,2.7847194154781656,next-11,pass
29,s29-test-6-3,eb15edb8c62a788b2a8feb1a90e127b8,random,3,3,True,1,2.5047728702651013,next-0,pass
29,s29-test-6-3,eb15edb8c62a788b2a8feb1a90e127b8,random,4,4,True,1,2.158800736722611,next-5,pass
29,s29-test-6-4,eb15edb8c62a788b2a8feb1a90e127b8,information_gain,0,0,False,4,3.0284272186672294,,
29,s29-test-6-4,eb15edb8c62a788b2a8feb1a90e127b8,information_gain,1,1,False,3,2.6499291113361485,next-8,pass
29,s29-test-6-4,eb15edb8c62a788b2a8feb1a90e127b8,information_gain,2,2,False,3,2.2302370334456305,next-4,pass
29,s29-test-6-4,eb15edb8c62a788b2a8feb1a90e127b8,information_gain,3,3,True,1,0.9627820894009914,next-2,fail
29,s29-test-6-4,eb15edb8c62a788b2a8feb1a90e127b8,information_gain,4,4,True,1,0.6392556894888272,next-5,pass
29,s29-test-6-4,eb15edb8c62a788b2a8feb1a90e127b8,random,0,0,False,4,3.0284272186672294,,
29,s29-test-6-4,eb15edb8c62a788b2a8feb1a90e127b8,random,1,1,False,4,2.713989143510713,next-4,pass
29,s29-test-6-4,eb15edb8c62a788b2a8feb1a90e127b8,random,2,2,True,1,1.414150534791904,next-2,fail
29,s29-test-6-4,eb15edb8c62a788b2a8feb1a90e127b8,random,3,3,True,1,0.9627820894009913,next-8,pass
29,s29-test-6-4,eb15edb8c62a788b2a8feb1a90e127b8,random,4,4,True,1,0.9416166345899645,next-0,pass
29,s29-test-6-5,eb15edb8c62a788b2a8feb1a90e127b8,information_gain,0,0,True,1,2.9787206914989413,,
29,s29-test-6-5,eb15edb8c62a788b2a8feb1a90e127b8,information_gain,1,1,True,1,2.6499291113361485,next-3,pass
29,s29-test-6-5,eb15edb8c62a788b2a8feb1a90e127b8,information_gain,2,2,True,1,2.3376160239965125,next-7,pass
29,s29-test-6-5,eb15edb8c62a788b2a8feb1a90e127b8,information_gain,3,3,True,1,2.0048559251314417,next-8,pass
29,s29-test-6-5,eb15edb8c62a788b2a8feb1a90e127b8,information_gain,4,4,True,1,1.721682307320536,next-5,pass
29,s29-test-6-5,eb15edb8c62a788b2a8feb1a90e127b8,random,0,0,True,1,2.9787206914989413,,
29,s29-test-6-5,eb15edb8c62a788b2a8feb1a90e127b8,random,1,1,True,1,2.9280549352748744,next-2,pass
29,s29-test-6-5,eb15edb8c62a788b2a8feb1a90e127b8,random,2,2,True,1,2.6383248500594654,next-3,pass
29,s29-test-6-5,eb15edb8c62a788b2a8feb1a90e127b8,random,3,3,True,1,2.4783293192846987,next-10,pass
29,s29-test-6-5,eb15edb8c62a788b2a8feb1a90e127b8,random,4,4,True,1,2.388170139704799,next-6,pass
29,s29-test-6-6,eb15edb8c62a788b2a8feb1a90e127b8,information_gain,0,0,False,2,1.7557407636557636,,
29,s29-test-6-6,eb15edb8c62a788b2a8feb1a90e127b8,information_gain,1,1,True,1,1.3034625503547106,next-5,pass
29,s29-test-6-6,eb15edb8c62a788b2a8feb1a90e127b8,information_gain,2,2,True,1,0.09515268961641532,next-9,fail
29,s29-test-6-6,eb15edb8c62a788b2a8feb1a90e127b8,information_gain,3,3,True,1,0.015774819627140366,next-3,fail
29,s29-test-6-6,eb15edb8c62a788b2a8feb1a90e127b8,information_gain,4,4,True,1,0.004971420568645963,next-10,pass
29,s29-test-6-6,eb15edb8c62a788b2a8feb1a90e127b8,random,0,0,False,2,1.7557407636557636,,
29,s29-test-6-6,eb15edb8c62a788b2a8feb1a90e127b8,random,1,1,False,2,1.6026772687238429,next-1,pass
29,s29-test-6-6,eb15edb8c62a788b2a8feb1a90e127b8,random,2,2,False,2,1.5792312795527872,next-11,pass
29,s29-test-6-6,eb15edb8c62a788b2a8feb1a90e127b8,random,3,3,False,2,1.4917777889711648,next-2,pass
29,s29-test-6-6,eb15edb8c62a788b2a8feb1a90e127b8,random,4,4,True,1,0.955903500391986,next-5,pass
29,s29-test-6-7,eb15edb8c62a788b2a8feb1a90e127b8,information_gain,0,0,True,1,3.1417753200462246,,
29,s29-test-6-7,eb15edb8c62a788b2a8feb1a90e127b8,information_gain,1,1,True,1,2.713989143510713,next-9,pass
29,s29-test-6-7,eb15edb8c62a788b2a8feb1a90e127b8,information_gain,2,2,True,1,2.243810811134779,next-1,pass
29,s29-test-6-7,eb15edb8c62a788b2a8feb1a90e127b8,information_gain,3,3,True,1,1.8252960567065166,next-8,pass
29,s29-test-6-7,eb15edb8c62a788b2a8feb1a90e127b8,information_gain,4,4,True,1,1.4851529388650628,next-5,pass
29,s29-test-6-7,eb15edb8c62a788b2a8feb1a90e127b8,random,0,0,True,1,3.1417753200462246,,
29,s29-test-6-7,eb15edb8c62a788b2a8feb1a90e127b8,random,1,1,True,1,2.776494375878486,next-8,pass
29,s29-test-6-7,eb15edb8c62a788b2a8feb1a90e127b8,random,2,2,True,1,2.6372693991589813,next-11,pass
29,s29-test-6-7,eb15edb8c62a788b2a8feb1a90e127b8,random,3,3,True,1,2.2302370334456305,next-9,pass
29,s29-test-6-7,eb15edb8c62a788b2a8feb1a90e127b8,random,4,4,True,1,2.136979620023915,next-3,pass
29,s29-test-6-8,eb15edb8c62a788b2a8feb1a90e127b8,information_gain,0,0,False,2,1.150942142482205,,
29,s29-test-6-8,eb15edb8c62a788b2a8feb1a90e127b8,information_gain,1,1,True,1,0.23798666516147496,next-3,fail
29,s29-test-6-8,eb15edb8c62a788b2a8feb1a90e127b8,information_gain,2,2,True,1,0.06020948685091794,next-7,pass
29,s29-test-6-8,eb15edb8c62a788b2a8feb1a90e127b8,information_gain,3,3,True,1,0.01465047532569415,next-6,fail
29,s29-test-6-8,eb15edb8c62a788b2a8feb1a90e127b8,information_gain,4,4,True,1,0.0039042134819475736,next-4,pass
29,s29-test-6-8,eb15edb8c62a788b2a8feb1a90e127b8,random,0,0,False,2,1.150942142482205,,
29,s29-test-6-8,eb15edb8c62a788b2a8feb1a90e127b8,random,1,1,False,2,1.013889262846235,next-11,fail
29,s29-test-6-8,eb15edb8c62a788b2a8feb1a90e127b8,random,2,2,True,1,0.20296584734000744,next-6,fail
29,s29-test-6-8,eb15edb8c62a788b2a8feb1a90e127b8,random,3,3,True,1,0.20292665740730223,next-0,pass
29,s29-test-6-8,eb15edb8c62a788b2a8feb1a90e127b8,random,4,4,True,1,0.20200045687017226,next-5,pass
29,s29-test-6-9,eb15edb8c62a788b2a8feb1a90e127b8,information_gain,0,0,True,1,1.7216901875562332,,
29,s29-test-6-9,eb15edb8c62a788b2a8feb1a90e127b8,information_gain,1,1,True,1,1.4931130040854992,next-2,pass
29,s29-test-6-9,eb15edb8c62a788b2a8feb1a90e127b8,information_gain,2,2,True,1,1.1327858546466607,next-3,pass
29,s29-test-6-9,eb15edb8c62a788b2a8feb1a90e127b8,information_gain,3,3,True,1,0.851442928703295,next-11,pass
29,s29-test-6-9,eb15edb8c62a788b2a8feb1a90e127b8,information_gain,4,4,False,2,1.551136658672814,next-9,fail
29,s29-test-6-9,eb15edb8c62a788b2a8feb1a90e127b8,random,0,0,True,1,1.7216901875562332,,
29,s29-test-6-9,eb15edb8c62a788b2a8feb1a90e127b8,random,1,1,True,1,1.710228214908522,next-8,pass
29,s29-test-6-9,eb15edb8c62a788b2a8feb1a90e127b8,random,2,2,True,1,1.6987387273800025,next-4,pass
29,s29-test-6-9,eb15edb8c62a788b2a8feb1a90e127b8,random,3,3,True,1,1.4785886008128042,next-11,pass
29,s29-test-6-9,eb15edb8c62a788b2a8feb1a90e127b8,random,4,4,True,1,1.4000112824435091,next-5,pass
29,s29-test-6-10,eb15edb8c62a788b2a8feb1a90e127b8,information_gain,0,0,False,3,2.1484460291937744,,
29,s29-test-6-10,eb15edb8c62a788b2a8feb1a90e127b8,information_gain,1,1,True,1,1.956458113978514,next-4,pass
29,s29-test-6-10,eb15edb8c62a788b2a8feb1a90e127b8,information_gain,2,2,True,1,1.206439046719476,next-9,pass
29,s29-test-6-10,eb15edb8c62a788b2a8feb1a90e127b8,information_gain,3,3,True,1,0.2324308476209574,next-8,fail
29,s29-test-6-10,eb15edb8c62a788b2a8feb1a90e127b8,information_gain,4,4,True,1,0.16335569467708272,next-6,pass
29,s29-test-6-10,eb15edb8c62a788b2a8feb1a90e127b8,random,0,0,False,3,2.1484460291937744,,
29,s29-test-6-10,eb15edb8c62a788b2a8feb1a90e127b8,random,1,1,False,2,1.3611886857751183,next-8,fail
29,s29-test-6-10,eb15edb8c62a788b2a8feb1a90e127b8,random,2,2,False,2,1.3564993327228883,next-1,pass
29,s29-test-6-10,eb15edb8c62a788b2a8feb1a90e127b8,random,3,3,True,1,0.5924024377783313,next-9,pass
29,s29-test-6-10,eb15edb8c62a788b2a8feb1a90e127b8,random,4,4,True,1,0.5747342125819674,next-5,pass
29,s29-test-6-11,eb15edb8c62a788b2a8feb1a90e127b8,information_gain,0,0,False,8,3.096698523130282,,
29,s29-test-6-11,eb15edb8c62a788b2a8feb1a90e127b8,information_gain,1,1,False,6,2.794897632495123,next-5,pass
29,s29-test-6-11,eb15edb8c62a788b2a8feb1a90e127b8,information_gain,2,2,False,4,2.4158688171261913,next-9,pass
29,s29-test-6-11,eb15edb8c62a788b2a8feb1a90e127b8,information_gain,3,3,False,8,2.0284791040802883,next-2,pass
29,s29-test-6-11,eb15edb8c62a788b2a8feb1a90e127b8,information_gain,4,4,False,7,1.6755594836429035,next-10,pass
29,s29-test-6-11,eb15edb8c62a788b2a8feb1a90e127b8,random,0,0,False,8,3.096698523130282,,
29,s29-test-6-11,eb15edb8c62a788b2a8feb1a90e127b8,random,1,1,False,6,2.794897632495123,next-5,pass
29,s29-test-6-11,eb15edb8c62a788b2a8feb1a90e127b8,random,2,2,False,9,2.491822244291074,next-2,pass
29,s29-test-6-11,eb15edb8c62a788b2a8feb1a90e127b8,random,3,3,False,8,2.2302370334456305,next-6,pass
29,s29-test-6-11,eb15edb8c62a788b2a8feb1a90e127b8,random,4,4,True,1,2.3328621267412477,next-1,fail
29,s29-test-7-0,eb625d7e082f18a03203e0facd07f17d,information_gain,0,0,False,7,3.4278623473016836,,
29,s29-test-7-0,eb625d7e082f18a03203e0facd07f17d,information_gain,1,1,False,5,3.125278996359364,next-6,pass
29,s29-test-7-0,eb625d7e082f18a03203e0facd07f17d,information_gain,2,2,False,3,2.885482383128226,next-1,pass
29,s29-test-7-0,eb625d7e082f18a03203e0facd07f17d,information_gain,3,3,False,3,2.62500482060447,next-0,pass
29,s29-test-7-0,eb625d7e082f18a03203e0facd07f17d,information_gain,4,4,True,1,1.2323702093166085,next-7,fail
29,s29-test-7-0,eb625d7e082f18a03203e0facd07f17d,random,0,0,False,7,3.4278623473016836,,
29,s29-test-7-0,eb625d7e082f18a03203e0facd07f17d,random,1,1,False,7,3.2328845295395587,next-4,pass
29,s29-test-7-0,eb625d7e082f18a03203e0facd07f17d,random,2,2,False,7,3.191700137996249,next-9,pass
29,s29-test-7-0,eb625d7e082f18a03203e0facd07f17d,random,3,3,False,7,3.1498702610262854,next-10,pass
29,s29-test-7-0,eb625d7e082f18a03203e0facd07f17d,random,4,4,False,7,3.0631118077029447,next-2,pass
29,s29-test-7-1,eb625d7e082f18a03203e0facd07f17d,information_gain,0,0,False,3,3.5547298388267796,,
29,s29-test-7-1,eb625d7e082f18a03203e0facd07f17d,information_gain,1,1,False,3,3.280556521995007,next-8,pass
29,s29-test-7-1,eb625d7e082f18a03203e0facd07f17d,information_gain,2,2,False,3,3.0185220381664966,next-3,pass
29,s29-test-7-1,eb625d7e082f18a03203e0facd07f17d,information_gain,3,3,False,2,2.7624803287674826,next-0,pass
29,s29-test-7-1,eb625d7e082f18a03203e0facd07f17d,information_gain,4,4,False,2,2.4751020857664194,next-5,pass
29,s29-test-7-1,eb625d7e082f18a03203e0facd07f17d,random,0,0,False,3,3.5547298388267796,,
29,s29-test-7-1,eb625d7e082f18a03203e0facd07f17d,random,1,1,False,3,3.3401170754086738,next-5,pass
29,s29-test-7-1,eb625d7e082f18a03203e0facd07f17d,random,2,2,False,3,3.302249667473925,next-2,pass
29,s29-test-7-1,eb625d7e082f18a03203e0facd07f17d,random,3,3,False,3,3.199000351814548,next-6,pass
29,s29-test-7-1,eb625d7e082f18a03203e0facd07f17d,random,4,4,False,3,3.191700137996249,next-10,pass
29,s29-test-7-2,eb625d7e082f18a03203e0facd07f17d,information_gain,0,0,False,2,2.1829270453915512,,
29,s29-test-7-2,eb625d7e082f18a03203e0facd07f17d,information_gain,1,1,True,1,1.9051345618668125,next-11,pass
29,s29-test-7-2,eb625d7e082f18a03203e0facd07f17d,information_gain,2,2,True,1,0.31840224932172395,next-2,fail
29,s29-test-7-2,eb625d7e082f18a03203e0facd07f17d,information_gain,3,3,True,1,0.28183988912074515,next-7,pass
29,s29-test-7-2,eb625d7e082f18a03203e0facd07f17d,information_gain,4,4,True,1,0.2611535987985737,next-9,pass
29,s29-test-7-2,eb625d7e082f18a03203e0facd07f17d,random,0,0,False,2,2.1829270453915512,,
29,s29-test-7-2,eb625d7e082f18a03203e0facd07f17d,random,1,1,False,2,2.1337926032330885,next-10,pass
29,s29-test-7-2,eb625d7e082f18a03203e0facd07f17d,random,2,2,True,1,1.9051345618668125,next-6,pass
29,s29-test-7-2,eb625d7e082f18a03203e0facd07f17d,random,3,3,True,1,1.8274949895193122,next-5,pass
29,s29-test-7-2,eb625d7e082f18a03203e0facd07f17d,random,4,4,True,1,0.3074984995380009,next-2,fail
29,s29-test-7-3,eb625d7e082f18a03203e0facd07f17d,information_gain,0,0,True,1,0.6942963250928427,,
29,s29-test-7-3,eb625d7e082f18a03203e0facd07f17d,information_gain,1,1,True,1,0.23290293558670602,next-9,pass
29,s29-test-7-3,eb625d7e082f18a03203e0facd07f17d,information_gain,2,2,True,1,0.041320374650108536,next-10,fail
29,s29-test-7-3,eb625d7e082f18a03203e0facd07f17d,information_gain,3,3,True,1,0.03949515579795985,next-6,pass
29,s29-test-7-3,eb625d7e082f18a03203e0facd07f17d,information_gain,4,4,True,1,0.03805860711429156,next-8,pass
29,s29-test-7-3,eb625d7e082f18a03203e0facd07f17d,random,0,0,True,1,0.6942963250928427,,
29,s29-test-7-3,eb625d7e082f18a03203e0facd07f17d,random,1,1,True,1,0.6766582548509062,next-11,pass
29,s29-test-7-3,eb625d7e082f18a03203e0facd07f17d,random,2,2,True,1,0.22873855500296128,next-10,fail
29,s29-test-7-3,eb625d7e082f18a03203e0facd07f17d,random,3,3,True,1,0.2282783054588911,next-7,pass
29,s29-test-7-3,eb625d7e082f18a03203e0facd07f17d,random,4,4,True,1,0.2180353615041371,next-6,pass
29,s29-test-7-4,eb625d7e082f18a03203e0facd07f17d,information_gain,0,0,False,2,1.171814771677155,,
29,s29-test-7-4,eb625d7e082f18a03203e0facd07f17d,information_gain,1,1,True,1,0.738099245787902,next-6,pass
29,s29-test-7-4,eb625d7e082f18a03203e0facd07f17d,information_gain,2,2,True,1,0.24251998653658913,next-7,pass
29,s29-test-7-4,eb625d7e082f18a03203e0facd07f17d,information_gain,3,3,True,1,0.03456153712220808,next-2,fail
29,s29-test-7-4,eb625d7e082f18a03203e0facd07f17d,information_gain,4,4,True,1,0.03225426074426854,next-11,pass
29,s29-test-7-4,eb625d7e082f18a03203e0facd07f17d,random,0,0,False,2,1.171814771677155,,
29,s29-test-7-4,eb625d7e082f18a03203e0facd07f17d,random,1,1,True,1,0.5874002153864621,next-7,pass
29,s29-test-7-4,eb625d7e082f18a03203e0facd07f17d,random,2,2,True,1,0.5627381359208959,next-0,pass
29,s29-test-7-4,eb625d7e082f18a03203e0facd07f17d,random,3,3,True,1,0.5437458214329229,next-9,pass
29,s29-test-7-4,eb625d7e082f18a03203e0facd07f17d,random,4,4,True,1,0.5246906652872144,next-3,pass
29,s29-test-7-5,eb625d7e082f18a03203e0facd07f17d,information_gain,0,0,False,9,3.3774539025631647,,
29,s29-test-7-5,eb625d7e082f18a03203e0facd07f17d,information_gain,1,1,False,6,3.067114784224378,next-7,pass
29,s29-test-7-5,eb625d7e082f18a03203e0facd07f17d,information_gain,2,2,False,5,2.840089062877645,next-4,pass
29,s29-test-7-5,eb625d7e082f18a03203e0facd07f17d,information_gain,3,3,True,1,1.6253155591297779,next-8,fail
29,s29-test-7-5,eb625d7e082f18a03203e0facd07f17d,information_gain,4,4,True,1,0.5316882094183464,next-3,fail
29,s29-test-7-5,eb625d7e082f18a03203e0facd07f17d,random,0,0,False,9,3.3774539025631647,,
29,s29-test-7-5,eb625d7e082f18a03203e0facd07f17d,random,1,1,False,9,3.3401170754086738,next-2,pass
29,s29-test-7-5,eb625d7e082f18a03203e0facd07f17d,random,2,2,False,2,1.7948224535979724,next-3,fail
29,s29-test-7-5,eb625d7e082f18a03203e0facd07f17d,random,3,3,False,2,1.0663357128549484,next-8,fail
29,s29-test-7-5,eb625d7e082f18a03203e0facd07f17d,random,4,4,False,2,1.0656650839084298,next-5,pass
29,s29-test-7-6,eb625d7e082f18a03203e0facd07f17d,information_gain,0,0,False,8,3.3401170754086738,,
29,s29-test-7-6,eb625d7e082f18a03203e0facd07f17d,information_gain,1,1,False,3,2.0758127184711532,next-3,fail
29,s29-test-7-6,eb625d7e082f18a03203e0facd07f17d,information_gain,2,2,False,2,1.8274949895193124,next-10,pass
29,s29-test-7-6,eb625d7e082f18a03203e0facd07f17d,information_gain,3,3,True,1,1.7058712003504182,next-7,pass
29,s29-test-7-6,eb625d7e082f18a03203e0facd07f17d,information_gain,4,4,True,1,0.13995187479637095,next-8,fail
29,s29-test-7-6,eb625d7e082f18a03203e0facd07f17d,random,0,0,False,8,3.3401170754086738,,
29,s29-test-7-6,eb625d7e082f18a03203e0facd07f17d,random,1,1,False,7,3.2328845295395587,next-0,pass
29,s29-test-7-6,eb625d7e082f18a03203e0facd07f17d,random,2,2,True,1,1.4526827827103777,next-8,fail
29,s29-test-7-6,eb625d7e082f18a03203e0facd07f17d,random,3,3,False,2,1.8928096765541653,next-11,fail
29,s29-test-7-6,eb625d7e082f18a03203e0facd07f17d,random,4,4,False,2,1.744429616827852,next-6,pass
29,s29-test-7-7,eb625d7e082f18a03203e0facd07f17d,information_gain,0,0,False,11,3.636177374221306,,
29,s29-test-7-7,eb625d7e082f18a03203e0facd07f17d,information_gain,1,1,False,9,3.3774539025631647,next-1,pass
29,s29-test-7-7,eb625d7e082f18a03203e0facd07f17d,information_gain,2,2,False,7,3.1331739683501163,next-10,pass
29,s29-test-7-7,eb625d7e082f18a03203e0facd07f17d,information_gain,3,3,False,5,2.8952376594215474,next-11,pass
29,s29-test-7-7,eb625d7e082f18a03203e0facd07f17d,information_gain,4,4,True,1,1.6425290663239243,next-6,fail
29,s29-test-7-7,eb625d7e082f18a03203e0facd07f17d,random,0,0,False,11,3.636177374221306,,
29,s29-test-7-7,eb625d7e082f18a03203e0facd07f17d,random,1,1,False,9,3.468656038207377,next-5,pass
29,s29-test-7-7,eb625d7e082f18a03203e0facd07f17d,random,2,2,True,1,1.6870046565026975,next-9,fail
29,s29-test-7-7,eb625d7e082f18a03203e0facd07f17d,random,3,3,True,1,1.582546689526619,next-3,pass
29,s29-test-7-7,eb625d7e082f18a03203e0facd07f17d,random,4,4,True,1,1.5643747378663322,next-7,pass
29,s29-test-7-8,eb625d7e082f18a03203e0facd07f17d,information_gain,0,0,True,1,3.434000060257846,,
29,s29-test-7-8,eb625d7e082f18a03203e0facd07f17d,information_gain,1,1,True,1,3.088261683901516,next-8,pass
29,s29-test-7-8,eb625d7e082f18a03203e0facd07f17d,information_gain,2,2,True,1,2.857964949478906,next-2,pass
29,s29-test-7-8,eb625d7e082f18a03203e0facd07f17d,information_gain,3,3,True,1,2.705581778817639,next-9,pass
29,s29-test-7-8,eb625d7e082f18a03203e0facd07f17d,information_gain,4,4,True,1,2.5238401685824634,next-11,pass
29,s29-test-7-8,eb625d7e082f18a03203e0facd07f17d,random,0,0,True,1,3.434000060257846,,
29,s29-test-7-8,eb625d7e082f18a03203e0facd07f17d,random,1,1,True,1,3.363313357511211,next-0,pass
29,s29-test-7-8,eb625d7e082f18a03203e0facd07f17d,random,2,2,True,1,3.224871727433007,next-10,pass
29,s29-test-7-8,eb625d7e082f18a03203e0facd07f17d,random,3,3,True,1,3.0642049979311534,next-11,pass
29,s29-test-7-8,eb625d7e082f18a03203e0facd07f17d,random,4,4,True,1,3.0126249485099006,next-7,pass
29,s29-test-7-9,eb625d7e082f18a03203e0facd07f17d,information_gain,0,0,True,1,1.9915529562058192,,
29,s29-test-7-9,eb625d7e082f18a03203e0facd07f17d,information_gain,1,1,True,1,0.34591756192519063,next-8,fail
29,s29-test-7-9,eb625d7e082f18a03203e0facd07f17d,information_gain,2,2,True,1,0.060209102351000826,next-1,fail
29,s29-test-7-9,eb625d7e082f18a03203e0facd07f17d,information_gain,3,3,True,1,0.03254342633258926,next-4,pass
29,s29-test-7-9,eb625d7e082f18a03203e0facd07f17d,information_gain,4,4,True,1,0.02171075585939926,next-9,pass
29,s29-test-7-9,eb625d7e082f18a03203e0facd07f17d,random,0,0,True,1,1.9915529562058192,,
29,s29-test-7-9,eb625d7e082f18a03203e0facd07f17d,random,1,1,True,1,1.6981009337258213,next-4,pass
29,s29-test-7-9,eb625d7e082f18a03203e0facd07f17d,random,2,2,False,3,2.139312340008015,next-11,fail
29,s29-test-7-9,eb625d7e082f18a03203e0facd07f17d,random,3,3,False,3,2.1313463565769566,next-0,pass
29,s29-test-7-9,eb625d7e082f18a03203e0facd07f17d,random,4,4,True,1,0.7157598552818507,next-1,fail
29,s29-test-7-10,eb625d7e082f18a03203e0facd07f17d,information_gain,0,0,False,2,2.0690135434921446,,
29,s29-test-7-10,eb625d7e082f18a03203e0facd07f17d,information_gain,1,1,True,1,0.33833959474211867,next-10,fail
29,s29-test-7-10,eb625d7e082f18a03203e0facd07f17d,information_gain,2,2,True,1,0.30950039117055456,next-3,pass
29,s29-test-7-10,eb625d7e082f18a03203e0facd07f17d,information_gain,3,3,True,1,0.2805158204809787,next-9,pass
29,s29-test-7-10,eb625d7e082f18a03203e0facd07f17d,information_gain,4,4,True,1,0.2695370326979104,next-1,pass
29,s29-test-7-10,eb625d7e082f18a03203e0facd07f17d,random,0,0,False,2,2.0690135434921446,,
29,s29-test-7-10,eb625d7e082f18a03203e0facd07f17d,random,1,1,False,2,2.00535201577616,next-0,pass
29,s29-test-7-10,eb625d7e082f18a03203e0facd07f17d,random,2,2,False,2,1.9295252345022593,next-7,pass
29,s29-test-7-10,eb625d7e082f18a03203e0facd07f17d,random,3,3,False,2,1.7252243431544214,next-3,pass
29,s29-test-7-10,eb625d7e082f18a03203e0facd07f17d,random,4,4,False,2,1.6540544281926353,next-6,pass
29,s29-test-7-11,eb625d7e082f18a03203e0facd07f17d,information_gain,0,0,False,11,3.5223967774179203,,
29,s29-test-7-11,eb625d7e082f18a03203e0facd07f17d,information_gain,1,1,False,8,3.240091849372448,next-1,pass
29,s29-test-7-11,eb625d7e082f18a03203e0facd07f17d,information_gain,2,2,False,8,2.025027180569996,next-4,fail
29,s29-test-7-11,eb625d7e082f18a03203e0facd07f17d,information_gain,3,3,False,8,1.7417685332996162,next-9,pass
29,s29-test-7-11,eb625d7e082f18a03203e0facd07f17d,information_gain,4,4,False,5,1.1756897780052562,next-7,pass
29,s29-test-7-11,eb625d7e082f18a03203e0facd07f17d,random,0,0,False,11,3.5223967774179203,,
29,s29-test-7-11,eb625d7e082f18a03203e0facd07f17d,random,1,1,False,8,3.240091849372448,next-1,pass
29,s29-test-7-11,eb625d7e082f18a03203e0facd07f17d,random,2,2,False,14,3.0185220381664966,next-0,pass
29,s29-test-7-11,eb625d7e082f18a03203e0facd07f17d,random,3,3,False,13,2.840089062877645,next-8,pass
29,s29-test-7-11,eb625d7e082f18a03203e0facd07f17d,random,4,4,False,13,2.5354201854667755,next-7,pass
29,s29-test-8-0,5fcc80649738bc6ebb5e6ed34bbe4c7e,information_gain,0,0,True,1,2.655960741656927,,
29,s29-test-8-0,5fcc80649738bc6ebb5e6ed34bbe4c7e,information_gain,1,1,True,1,2.2446647675728872,next-7,pass
29,s29-test-8-0,5fcc80649738bc6ebb5e6ed34bbe4c7e,information_gain,2,2,True,1,1.9372163448049868,next-10,pass
29,s29-test-8-0,5fcc80649738bc6ebb5e6ed34bbe4c7e,information_gain,3,3,False,3,2.2188600572864394,next-1,fail
29,s29-test-8-0,5fcc80649738bc6ebb5e6ed34bbe4c7e,information_gain,4,4,False,2,1.9633536950453254,next-9,pass
29,s29-test-8-0,5fcc80649738bc6ebb5e6ed34bbe4c7e,random,0,0,True,1,2.655960741656927,,
29,s29-test-8-0,5fcc80649738bc6ebb5e6ed34bbe4c7e,random,1,1,True,1,2.424070560248568,next-10,pass
29,s29-test-8-0,5fcc80649738bc6ebb5e6ed34bbe4c7e,random,2,2,False,4,1.356329893778313,next-1,fail
29,s29-test-8-0,5fcc80649738bc6ebb5e6ed34bbe4c7e,random,3,3,False,4,2.520690843567507,next-11,pass
29,s29-test-8-0,5fcc80649738bc6ebb5e6ed34bbe4c7e,random,4,4,False,3,2.389980314902958,next-6,pass
29,s29-test-8-1,5fcc80649738bc6ebb5e6ed34bbe4c7e,information_gain,0,0,True,1,1.5542825246463428,,
29,s29-test-8-1,5fcc80649738bc6ebb5e6ed34bbe4c7e,information_gain,1,1,True,1,0.4423651242296324,next-4,fail
29,s29-test-8-1,5fcc80649738bc6ebb5e6ed34bbe4c7e,information_gain,2,2,True,1,0.11894061291148236,next-9,pass
29,s29-test-8-1,5fcc80649738bc6ebb5e6ed34bbe4c7e,information_gain,3,3,True,1,0.005722327349188327,next-11,fail
29,s29-test-8-1,5fcc80649738bc6ebb5e6ed34bbe4c7e,information_gain,4,4,True,1,0.00030842619237338625,next-8,fail
29,s29-test-8-1,5fcc80649738bc6ebb5e6ed34bbe4c7e,random,0,0,True,1,1.5542825246463428,,
29,s29-test-8-1,5fcc80649738bc6ebb5e6ed34bbe4c7e,random,1,1,True,1,1.04917713588563,next-3,fail
29,s29-test-8-1,5fcc80649738bc6ebb5e6ed34bbe4c7e,random,2,2,True,1,1.007964135537181,next-10,fail
29,s29-test-8-1,5fcc80649738bc6ebb5e6ed34bbe4c7e,random,3,3,True,1,1.002151017287073,next-2,pass
29,s29-test-8-1,5fcc80649738bc6ebb5e6ed34bbe4c7e,random,4,4,True,1,0.20233099922045433,next-7,fail
29,s29-test-8-2,5fcc80649738bc6ebb5e6ed34bbe4c7e,information_gain,0,0,False,3,2.655960741656927,,
29,s29-test-8-2,5fcc80649738bc6ebb5e6ed34bbe4c7e,information_gain,1,1,True,1,1.5333579908344164,next-10,fail
29,s29-test-8-2,5fcc80649738bc6ebb5e6ed34bbe4c7e,information_gain,2,2,True,1,0.5230255784574492,next-11,fail
29,s29-test-8-2,5fcc80649738bc6ebb5e6ed34bbe4c7e,information_gain,3,3,True,1,0.14068554299836503,next-4,pass
29,s29-test-8-2,5fcc80649738bc6ebb5e6ed34bbe4c7e,information_gain,4,4,True,1,0.0709904188246603,next-5,pass
29,s29-test-8-2,5fcc80649738bc6ebb5e6ed34bbe4c7e,random,0,0,False,3,2.655960741656927,,
29,s29-test-8-2,5fcc80649738bc6ebb5e6ed34bbe4c7e,random,1,1,False,3,2.5769313530159343,next-5,pass
29,s29-test-8-2,5fcc80649738bc6ebb5e6ed34bbe4c7e,random,2,2,False,3,2.506194760080955,next-3,pass
29,s29-test-8-2,5fcc80649738bc6ebb5e6ed34bbe4c7e,random,3,3,False,2,2.327112312555274,next-7,pass
29,s29-test-8-2,5fcc80649738bc6ebb5e6ed34bbe4c7e,random,4,4,False,2,2.2441328753512164,next-9,pass
29,s29-test-8-3,5fcc80649738bc6ebb5e6ed34bbe4c7e,information_gain,0,0,False,4,2.856161952163973,,
29,s29-test-8-3,5fcc80649738bc6ebb5e6ed34bbe4c7e,information_gain,1,1,False,2,1.6635616999083,next-6,fail
29,s29-test-8-3,5fcc80649738bc6ebb5e6ed34bbe4c7e,information_gain,2,2,True,1,1.266818038813846,next-11,pass
29,s29-test-8-3,5fcc80649738bc6ebb5e6ed34bbe4c7e,information_gain,3,3,True,1,0.16823733878834368,next-3,fail
29,s29-test-8-3,5fcc80649738bc6ebb5e6ed34bbe4c7e,information_gain,4,4,True,1,0.08798585276072109,next-5,pass
29,s29-test-8-3,5fcc80649738bc6ebb5e6ed34bbe4c7e,random,0,0,False,4,2.856161952163973,,
29,s29-test-8-3,5fcc80649738bc6ebb5e6ed34bbe4c7e,random,1,1,False,4,2.798667696726225,next-0,pass
29,s29-test-8-3,5fcc80649738bc6ebb5e6ed34bbe4c7e,random,2,2,False,3,2.5890619628330676,next-11,pass
29,s29-test-8-3,5fcc80649738bc6ebb5e6ed34bbe4c7e,random,3,3,False,3,2.4498711585769213,next-2,pass
29,s29-test-8-3,5fcc80649738bc6ebb5e6ed34bbe4c7e,random,4,4,False,3,2.4244792016742385,next-9,pass
29,s29-test-8-4,5fcc80649738bc6ebb5e6ed34bbe4c7e,information_gain,0,0,False,3,2.856161952163973,,
29,s29-test-8-4,5fcc80649738bc6ebb5e6ed34bbe4c7e,information_gain,1,1,False,2,1.8480879565168258,next-6,fail
29,s29-test-8-4,5fcc80649738bc6ebb5e6ed34bbe4c7e,information_gain,2,2,True,1,1.505987265265823,next-11,pass
29,s29-test-8-4,5fcc80649738bc6ebb5e6ed34bbe4c7e,information_gain,3,3,True,1,1.2429451528452382,next-0,pass
29,s29-test-8-4,5fcc80649738bc6ebb5e6ed34bbe4c7e,information_gain,4,4,True,1,0.09610019467327667,next-4,fail
29,s29-test-8-4,5fcc80649738bc6ebb5e6ed34bbe4c7e,random,0,0,False,3,2.856161952163973,,
29,s29-test-8-4,5fcc80649738bc6ebb5e6ed34bbe4c7e,random,1,1,False,2,2.7211639631668927,next-3,pass
29,s29-test-8-4,5fcc80649738bc6ebb5e6ed34bbe4c7e,random,2,2,True,1,1.2315665834945044,next-9,fail
29,s29-test-8-4,5fcc80649738bc6ebb5e6ed34bbe4c7e,random,3,3,False,2,1.3292186649607731,next-7,fail
29,s29-test-8-4,5fcc80649738bc6ebb5e6ed34bbe4c7e,random,4,4,False,2,1.3225636870035429,next-2,pass
29,s29-test-8-5,5fcc80649738bc6ebb5e6ed34bbe4c7e,information_gain,0,0,False,2,3.2076796116990485,,
29,s29-test-8-5,5fcc80649738bc6ebb5e6ed34bbe4c7e,information_gain,1,1,False,2,2.856161952163973,next-11,pass
29,s29-test-8-5,5fcc80649738bc6ebb5e6ed34bbe4c7e,information_gain,2,2,True,1,1.6635616999083003,next-4,fail
29,s29-test-8-5,5fcc80649738bc6ebb5e6ed34bbe4c7e,information_gain,3,3,True,1,0.4602112164109918,next-1,fail
29,s29-test-8-5,5fcc80649738bc6ebb5e6ed34bbe4c7e,information_gain,4,4,True,1,0.028698876052450736,next-0,fail
29,s29-test-8-5,5fcc80649738bc6ebb5e6ed34bbe4c7e,random,0,0,False,2,3.2076796116990485,,
29,s29-test-8-5,5fcc80649738bc6ebb5e6ed34bbe4c7e,random,1,1,False,2,2.981786874323784,next-10,pass
29,s29-test-8-5,5fcc80649738bc6ebb5e6ed34bbe4c7e,random,2,2,False,2,2.856161952163973,next-9,pass
29,s29-test-8-5,5fcc80649738bc6ebb5e6ed34bbe4c7e,random,3,3,False,2,2.50162048049217,next-11,pass
29,s29-test-8-5,5fcc80649738bc6ebb5e6ed34bbe4c7e,random,4,4,True,1,1.3107310338434057,next-6,fail
29,s29-test-8-6,5fcc80649738bc6ebb5e6ed34bbe4c7e,information_gain,0,0,True,1,1.6635616999083003,,
29,s29-test-8-6,5fcc80649738bc6ebb5e6ed34bbe4c7e,information_gain,1,1,False,2,1.2668180388138461,next-11,pass
29,s29-test-8-6,5fcc80649738bc6ebb5e6ed34bbe4c7e,information_gain,2,2,False,2,2.658985747252127,next-6,pass
29,s29-test-8-6,5fcc80649738bc6ebb5e6ed34bbe4c7e,information_gain,3,3,True,1,2.279766753455664,next-0,pass
29,s29-test-8-6,5fcc80649738bc6ebb5e6ed34bbe4c7e,information_gain,4,4,True,1,0.5399821098423457,next-8,fail
29,s29-test-8-6,5fcc80649738bc6ebb5e6ed34bbe4c7e,random,0,0,True,1,1.6635616999083003,,
29,s29-test-8-6,5fcc80649738bc6ebb5e6ed34bbe4c7e,random,1,1,False,2,1.2668180388138461,next-11,pass
29,s29-test-8-6,5fcc80649738bc6ebb5e6ed34bbe4c7e,random,2,2,False,2,1.0963597397537188,next-9,pass
29,s29-test-8-6,5fcc80649738bc6ebb5e6ed34bbe4c7e,random,3,3,True,1,2.3986809212551594,next-6,pass
29,s29-test-8-6,5fcc80649738bc6ebb5e6ed34bbe4c7e,random,4,4,True,1,2.279766753455664,next-2,pass
29,s29-test-8-7,5fcc80649738bc6ebb5e6ed34bbe4c7e,information_gain,0,0,False,4,1.347352935600676,,
29,s29-test-8-7,5fcc80649738bc6ebb5e6ed34bbe4c7e,information_gain,1,1,False,4,2.7474207373359736,next-3,pass
29,s29-test-8-7,5fcc80649738bc6ebb5e6ed34bbe4c7e,information_gain,2,2,False,2,1.4452913414502933,next-11,fail
29,s29-test-8-7,5fcc80649738bc6ebb5e6ed34bbe4c7e,information_gain,3,3,True,1,0.9140567186689956,next-0,fail
29,s29-test-8-7,5fcc80649738bc6ebb5e6ed34bbe4c7e,information_gain,4,4,True,1,0.0685930286395234,next-8,fail
29,s29-test-8-7,5fcc80649738bc6ebb5e6ed34bbe4c7e,random,0,0,False,4,1.347352935600676,,
29,s29-test-8-7,5fcc80649738bc6ebb5e6ed34bbe4c7e,random,1,1,False,2,1.5712885608124032,next-7,fail
29,s29-test-8-7,5fcc80649738bc6ebb5e6ed34bbe4c7e,random,2,2,True,1,0.6651287886730916,next-8,fail
29,s29-test-8-7,5fcc80649738bc6ebb5e6ed34bbe4c7e,random,3,3,True,1,0.8674189346764168,next-4,fail
29,s29-test-8-7,5fcc80649738bc6ebb5e6ed34bbe4c7e,random,4,4,True,1,0.7315527097397265,next-9,pass
29,s29-test-8-8,5fcc80649738bc6ebb5e6ed34bbe4c7e,information_gain,0,0,False,2,1.733942275616374,,
29,s29-test-8-8,5fcc80649738bc6ebb5e6ed34bbe4c7e,information_gain,1,1,True,1,0.7237658044816443,next-0,fail
29,s29-test-8-8,5fcc80649738bc6ebb5e6ed34bbe4c7e,information_gain,2,2,True,1,0.37791141877382645,next-1,pass
29,s29-test-8-8,5fcc80649738bc6ebb5e6ed34bbe4c7e,information_gain,3,3,True,1,0.16363101695942525,next-7,pass
29,s29-test-8-8,5fcc80649738bc6ebb5e6ed34bbe4c7e,information_gain,4,4,True,1,0.09342638589690322,next-10,pass
29,s29-test-8-8,5fcc80649738bc6ebb5e6ed34bbe4c7e,random,0,0,False,2,1.733942275616374,,
29,s29-test-8-8,5fcc80649738bc6ebb5e6ed34bbe4c7e,random,1,1,False,2,1.5014672919404874,next-10,pass
29,s29-test-8-8,5fcc80649738bc6ebb5e6ed34bbe4c7e,random,2,2,False,2,1.4126408712289262,next-5,pass
29,s29-test-8-8,5fcc80649738bc6ebb5e6ed34bbe4c7e,random,3,3,True,1,0.35265895599732494,next-0,fail
29,s29-test-8-8,5fcc80649738bc6ebb5e6ed34bbe4c7e,random,4,4,True,1,0.1599762015256615,next-7,pass
29,s29-test-8-9,5fcc80649738bc6ebb5e6ed34bbe4c7e,information_gain,0,0,False,2,2.981786874323784,,
29,s29-test-8-9,5fcc80649738bc6ebb5e6ed34bbe4c7e,information_gain,1,1,True,1,1.9016709630241062,next-3,fail
29,s29-test-8-9,5fcc80649738bc6ebb5e6ed34bbe4c7e,information_gain,2,2,True,1,0.609979409811583,next-10,fail
29,s29-test-8-9,5fcc80649738bc6ebb5e6ed34bbe4c7e,information_gain,3,3,True,1,0.037450211975570864,next-5,fail
29,s29-test-8-9,5fcc80649738bc6ebb5e6ed34bbe4c7e,information_gain,4,4,True,1,0.25671272163154335,next-9,pass
29,s29-test-8-9,5fcc80649738bc6ebb5e6ed34bbe4c7e,random,0,0,False,2,2.981786874323784,,
29,s29-test-8-9,5fcc80649738bc6ebb5e6ed34bbe4c7e,random,1,1,True,1,1.1801618208064937,next-5,fail
29,s29-test-8-9,5fcc80649738bc6ebb5e6ed34bbe4c7e,random,2,2,True,1,1.055543504105843,next-0,pass
29,s29-test-8-9,5fcc80649738bc6ebb5e6ed34bbe4c7e,random,3,3,True,1,0.09946017635611099,next-8,fail
29,s29-test-8-9,5fcc80649738bc6ebb5e6ed34bbe4c7e,random,4,4,True,1,0.5644179140169556,next-1,pass
29,s29-test-8-10,5fcc80649738bc6ebb5e6ed34bbe4c7e,information_gain,0,0,True,1,1.9460423028361635,,
29,s29-test-8-10,5fcc80649738bc6ebb5e6ed34bbe4c7e,information_gain,1,1,True,1,1.1484158564351068,next-1,fail
29,s29-test-8-10,5fcc80649738bc6ebb5e6ed34bbe4c7e,information_gain,2,2,True,1,0.2163671611067483,next-5,fail
29,s29-test-8-10,5fcc80649738bc6ebb5e6ed34bbe4c7e,information_gain,3,3,True,1,0.04739831781620613,next-2,pass
29,s29-test-8-10,5fcc80649738bc6ebb5e6ed34bbe4c7e,information_gain,4,4,True,1,0.0022751322794706823,next-8,fail
29,s29-test-8-10,5fcc80649738bc6ebb5e6ed34bbe4c7e,random,0,0,True,1,1.9460423028361635,,
29,s29-test-8-10,5fcc80649738bc6ebb5e6ed34bbe4c7e,random,1,1,True,1,0.6436697241274498,next-6,fail
29,s29-test-8-10,5fcc80649738bc6ebb5e6ed34bbe4c7e,random,2,2,True,1,0.634781164533796,next-11,pass
29,s29-test-8-10,5fcc80649738bc6ebb5e6ed34bbe4c7e,random,3,3,True,1,0.4860002886275656,next-10,pass
29,s29-test-8-10,5fcc80649738bc6ebb5e6ed34bbe4c7e,random,4,4,True,1,0.028823623285916648,next-8,fail
29,s29-test-8-11,5fcc80649738bc6ebb5e6ed34bbe4c7e,information_gain,0,0,False,3,3.0522177690638643,,
29,s29-test-8-11,5fcc80649738bc6ebb5e6ed34bbe4c7e,information_gain,1,1,False,2,2.7398745000841687,next-8,pass
29,s29-test-8-11,5fcc80649738bc6ebb5e6ed34bbe4c7e,information_gain,2,2,False,2,2.424070560248568,next-6,pass
29,s29-test-8-11,5fcc80649738bc6ebb5e6ed34bbe4c7e,information_gain,3,3,True,1,1.127466188834069,next-9,fail
29,s29-test-8-11,5fcc80649738bc6ebb5e6ed34bbe4c7e,information_gain,4,4,True,1,0.08466177062427512,next-2,fail
29,s29-test-8-11,5fcc80649738bc6ebb5e6ed34bbe4c7e,random,0,0,False,3,3.0522177690638643,,
29,s29-test-8-11,5fcc80649738bc6ebb5e6ed34bbe4c7e,random,1,1,False,2,2.788282135687839,next-4,pass
29,s29-test-8-11,5fcc80649738bc6ebb5e6ed34bbe4c7e,random,2,2,False,3,2.752782156941729,next-11,fail
29,s29-test-8-11,5fcc80649738bc6ebb5e6ed34bbe4c7e,random,3,3,True,1,1.3335697972101153,next-2,fail
29,s29-test-8-11,5fcc80649738bc6ebb5e6ed34bbe4c7e,random,4,4,True,1,1.1975406373044963,next-5,pass
29,s29-test-9-0,5deda92c3cbd8f65c013d0d730dbbbd0,information_gain,0,0,True,1,1.9961704304075003,,
29,s29-test-9-0,5deda92c3cbd8f65c013d0d730dbbbd0,information_gain,1,1,True,1,0.8599449278033079,next-3,fail
29,s29-test-9-0,5deda92c3cbd8f65c013d0d730dbbbd0,information_gain,2,2,True,1,0.05950654130876234,next-8,fail
29,s29-test-9-0,5deda92c3cbd8f65c013d0d730dbbbd0,information_gain,3,3,True,1,0.021608693223281242,next-1,pass
29,s29-test-9-0,5deda92c3cbd8f65c013d0d730dbbbd0,information_gain,4,4,True,1,0.010873821243628408,next-6,pass
29,s29-test-9-0,5deda92c3cbd8f65c013d0d730dbbbd0,random,0,0,True,1,1.9961704304075003,,
29,s29-test-9-0,5deda92c3cbd8f65c013d0d730dbbbd0,random,1,1,True,1,1.9314965358277025,next-5,pass
29,s29-test-9-0,5deda92c3cbd8f65c013d0d730dbbbd0,random,2,2,False,2,1.693568320594784,next-4,pass
29,s29-test-9-0,5deda92c3cbd8f65c013d0d730dbbbd0,random,3,3,False,2,3.05831445250961,next-6,pass
29,s29-test-9-0,5deda92c3cbd8f65c013d0d730dbbbd0,random,4,4,True,1,0.7661430778139369,next-8,fail
29,s29-test-9-1,5deda92c3cbd8f65c013d0d730dbbbd0,information_gain,0,0,False,12,3.5861199764642135,,
29,s29-test-9-1,5deda92c3cbd8f65c013d0d730dbbbd0,information_gain,1,1,False,8,3.2169821883958587,next-1,pass
29,s29-test-9-1,5deda92c3cbd8f65c013d0d730dbbbd0,information_gain,2,2,False,6,2.9942556710605945,next-5,pass
29,s29-test-9-1,5deda92c3cbd8f65c013d0d730dbbbd0,information_gain,3,3,False,5,2.8131964238890363,next-10,pass
29,s29-test-9-1,5deda92c3cbd8f65c013d0d730dbbbd0,information_gain,4,4,False,4,2.6064520355151872,next-4,pass
29,s29-test-9-1,5deda92c3cbd8f65c013d0d730dbbbd0,random,0,0,False,12,3.5861199764642135,,
29,s29-test-9-1,5deda92c3cbd8f65c013d0d730dbbbd0,random,1,1,False,10,3.412567311352855,next-7,pass
29,s29-test-9-1,5deda92c3cbd8f65c013d0d730dbbbd0,random,2,2,False,9,3.278673983389917,next-11,pass
29,s29-test-9-1,5deda92c3cbd8f65c013d0d730dbbbd0,random,3,3,False,7,3.062636333183197,next-10,pass
29,s29-test-9-1,5deda92c3cbd8f65c013d0d730dbbbd0,random,4,4,False,6,2.9332369997858776,next-5,pass
29,s29-test-9-2,5deda92c3cbd8f65c013d0d730dbbbd0,information_gain,0,0,False,6,3.317827850636955,,
29,s29-test-9-2,5deda92c3cbd8f65c013d0d730dbbbd0,information_gain,1,1,False,5,3.015070873916263,next-4,pass
29,s29-test-9-2,5deda92c3cbd8f65c013d0d730dbbbd0,information_gain,2,2,False,2,1.6322027698761747,next-7,fail
29,s29-test-9-2,5deda92c3cbd8f65c013d0d730dbbbd0,information_gain,3,3,True,1,0.3765218074692009,next-3,fail
29,s29-test-9-2,5deda92c3cbd8f65c013d0d730dbbbd0,information_gain,4,4,True,1,0.022545313889533264,next-6,fail
29,s29-test-9-2,5deda92c3cbd8f65c013d0d730dbbbd0,random,0,0,False,6,3.317827850636955,,
29,s29-test-9-2,5deda92c3cbd8f65c013d0d730dbbbd0,random,1,1,False,5,3.2169821883958587,next-1,pass
29,s29-test-9-2,5deda92c3cbd8f65c013d0d730dbbbd0,random,2,2,False,4,2.8897992322695663,next-4,pass
29,s29-test-9-2,5deda92c3cbd8f65c013d0d730dbbbd0,random,3,3,False,4,2.7712195842097285,next-2,pass
29,s29-test-9-2,5deda92c3cbd8f65c013d0d730dbbbd0,random,4,4,False,4,2.704946077264016,next-8,pass
29,s29-test-9-3,5deda92c3cbd8f65c013d0d730dbbbd0,information_gain,0,0,True,1,2.0310722356454844,,
29,s29-test-9-3,5deda92c3cbd8f65c013d0d730dbbbd0,information_gain,1,1,True,1,1.8594451535843293,next-10,pass
29,s29-test-9-3,5deda92c3cbd8f65c013d0d730dbbbd0,information_gain,2,2,True,1,0.14885420973542837,next-0,fail
29,s29-test-9-3,5deda92c3cbd8f65c013d0d730dbbbd0,information_gain,3,3,True,1,0.029576347421389038,next-6,fail
29,s29-test-9-3,5deda92c3cbd8f65c013d0d730dbbbd0,information_gain,4,4,True,1,0.0034201472466171843,next-8,fail
29,s29-test-9-3,5deda92c3cbd8f65c013d0d730dbbbd0,random,0,0,True,1,2.0310722356454844,,
29,s29-test-9-3,5deda92c3cbd8f65c013d0d730dbbbd0,random,1,1,True,1,1.8594451535843293,next-9,pass
29,s29-test-9-3,5deda92c3cbd8f65c013d0d730dbbbd0,random,2,2,True,1,1.6627612799991611,next-7,pass
29,s29-test-9-3,5deda92c3cbd8f65c013d0d730dbbbd0,random,3,3,True,1,1.3074504940658727,next-10,pass
29,s29-test-9-3,5deda92c3cbd8f65c013d0d730dbbbd0,random,4,4,True,1,1.3046738527564476,next-4,pass
29,s29-test-9-4,5deda92c3cbd8f65c013d0d730dbbbd0,information_gain,0,0,False,5,3.062636333183197,,
29,s29-test-9-4,5deda92c3cbd8f65c013d0d730dbbbd0,information_gain,1,1,False,4,2.781017485987353,next-6,pass
29,s29-test-9-4,5deda92c3cbd8f65c013d0d730dbbbd0,information_gain,2,2,False,3,2.5679504404046187,next-11,pass
29,s29-test-9-4,5deda92c3cbd8f65c013d0d730dbbbd0,information_gain,3,3,True,1,1.0596415800940422,next-7,fail
29,s29-test-9-4,5deda92c3cbd8f65c013d0d730dbbbd0,information_gain,4,4,True,1,0.9487943161686307,next-1,pass
29,s29-test-9-4,5deda92c3cbd8f65c013d0d730dbbbd0,random,0,0,False,5,3.062636333183197,,
29,s29-test-9-4,5deda92c3cbd8f65c013d0d730dbbbd0,random,1,1,False,4,2.8897992322695663,next-11,pass
29,s29-test-9-4,5deda92c3cbd8f65c013d0d730dbbbd0,random,2,2,False,3,2.6825382949524745,next-8,pass
29,s29-test-9-4,5deda92c3cbd8f65c013d0d730dbbbd0,random,3,3,False,3,2.5566136941052346,next-3,pass
29,s29-test-9-4,5deda92c3cbd8f65c013d0d730dbbbd0,random,4,4,False,3,2.5549751789202912,next-9,pass
29,s29-test-9-5,5deda92c3cbd8f65c013d0d730dbbbd0,information_gain,0,0,False,4,3.1743762018089967,,
29,s29-test-9-5,5deda92c3cbd8f65c013d0d730dbbbd0,information_gain,1,1,False,2,2.7540054756418106,next-8,pass
29,s29-test-9-5,5deda92c3cbd8f65c013d0d730dbbbd0,information_gain,2,2,True,1,1.5638701097983205,next-3,fail
29,s29-test-9-5,5deda92c3cbd8f65c013d0d730dbbbd0,information_gain,3,3,True,1,0.1254231044220926,next-5,fail
29,s29-test-9-5,5deda92c3cbd8f65c013d0d730dbbbd0,information_gain,4,4,True,1,0.03609547545017187,next-0,fail
29,s29-test-9-5,5deda92c3cbd8f65c013d0d730dbbbd0,random,0,0,False,4,3.1743762018089967,,
29,s29-test-9-5,5deda92c3cbd8f65c013d0d730dbbbd0,random,1,1,False,2,1.8545113044922386,next-3,fail
29,s29-test-9-5,5deda92c3cbd8f65c013d0d730dbbbd0,random,2,2,True,1,1.5638701097983203,next-8,pass
29,s29-test-9-5,5deda92c3cbd8f65c013d0d730dbbbd0,random,3,3,True,1,1.059641580094042,next-11,pass
29,s29-test-9-5,5deda92c3cbd8f65c013d0d730dbbbd0,random,4,4,True,1,1.0385843429910124,next-4,pass
29,s29-test-9-6,5deda92c3cbd8f65c013d0d730dbbbd0,information_gain,0,0,True,1,1.710400240063132,,
29,s29-test-9-6,5deda92c3cbd8f65c013d0d730dbbbd0,information_gain,1,1,True,1,0.48665517348521947,next-4,fail
29,s29-test-9-6,5deda92c3cbd8f65c013d0d730dbbbd0,information_gain,2,2,True,1,0.16683283243707803,next-2,pass
29,s29-test-9-6,5deda92c3cbd8f65c013d0d730dbbbd0,information_gain,3,3,True,1,0.04926408832866037,next-6,fail
29,s29-test-9-6,5deda92c3cbd8f65c013d0d730dbbbd0,information_gain,4,4,True,1,0.011776900481799678,next-11,pass
29,s29-test-9-6,5deda92c3cbd8f65c013d0d730dbbbd0,random,0,0,True,1,1.710400240063132,,
29,s29-test-9-6,5deda92c3cbd8f65c013d0d730dbbbd0,random,1,1,True,1,1.6069432775197279,next-9,pass
29,s29-test-9-6,5deda92c3cbd8f65c013d0d730dbbbd0,random,2,2,True,1,1.3880321995946363,next-7,pass
29,s29-test-9-6,5deda92c3cbd8f65c013d0d730dbbbd0,random,3,3,True,1,1.2720511454506391,next-5,pass
29,s29-test-9-6,5deda92c3cbd8f65c013d0d730dbbbd0,random,4,4,True,1,1.1484407122085678,next-10,pass
29,s29-test-9-7,5deda92c3cbd8f65c013d0d730dbbbd0,information_gain,0,0,True,1,1.6943917666689048,,
29,s29-test-9-7,5deda92c3cbd8f65c013d0d730dbbbd0,information_gain,1,1,True,1,0.4601083284522659,next-1,fail
29,s29-test-9-7,5deda92c3cbd8f65c013d0d730dbbbd0,information_gain,2,2,True,1,0.30048228668242766,next-0,pass
29,s29-test-9-7,5deda92c3cbd8f65c013d0d730dbbbd0,information_gain,3,3,True,1,0.2797103651021183,next-7,pass
29,s29-test-9-7,5deda92c3cbd8f65c013d0d730dbbbd0,information_gain,4,4,True,1,0.2700191922649283,next-11,pass
29,s29-test-9-7,5deda92c3cbd8f65c013d0d730dbbbd0,random,0,0,True,1,1.6943917666689048,,
29,s29-test-9-7,5deda92c3cbd8f65c013d0d730dbbbd0,random,1,1,True,1,0.4601083284522659,next-1,fail
29,s29-test-9-7,5deda92c3cbd8f65c013d0d730dbbbd0,random,2,2,True,1,0.43904335224562685,next-7,pass
29,s29-test-9-7,5deda92c3cbd8f65c013d0d730dbbbd0,random,3,3,True,1,0.2797103651021183,next-0,pass
29,s29-test-9-7,5deda92c3cbd8f65c013d0d730dbbbd0,random,4,4,True,1,0.2784279442429649,next-5,pass
29,s29-test-9-8,5deda92c3cbd8f65c013d0d730dbbbd0,information_gain,0,0,True,1,1.9007589766590485,,
29,s29-test-9-8,5deda92c3cbd8f65c013d0d730dbbbd0,information_gain,1,1,True,1,0.653688044627428,next-11,fail
29,s29-test-9-8,5deda92c3cbd8f65c013d0d730dbbbd0,information_gain,2,2,True,1,0.1873739707663985,next-7,pass
29,s29-test-9-8,5deda92c3cbd8f65c013d0d730dbbbd0,information_gain,3,3,True,1,0.039120902029684164,next-0,fail
29,s29-test-9-8,5deda92c3cbd8f65c013d0d730dbbbd0,information_gain,4,4,True,1,0.010001767404285882,next-5,pass
29,s29-test-9-8,5deda92c3cbd8f65c013d0d730dbbbd0,random,0,0,True,1,1.9007589766590485,,
29,s29-test-9-8,5deda92c3cbd8f65c013d0d730dbbbd0,random,1,1,True,1,1.6627612799991611,next-7,pass
29,s29-test-9-8,5deda92c3cbd8f65c013d0d730dbbbd0,random,2,2,True,1,1.6278312003019852,next-9,pass
29,s29-test-9-8,5deda92c3cbd8f65c013d0d730dbbbd0,random,3,3,True,1,1.5023299427504404,next-5,pass
29,s29-test-9-8,5deda92c3cbd8f65c013d0d730dbbbd0,random,4,4,True,1,1.4837983835780655,next-6,pass
29,s29-test-9-9,5deda92c3cbd8f65c013d0d730dbbbd0,information_gain,0,0,False,3,3.278673983389917,,
29,s29-test-9-9,5deda92c3cbd8f65c013d0d730dbbbd0,information_gain,1,1,False,3,2.942549934832442,next-7,pass
29,s29-test-9-9,5deda92c3cbd8f65c013d0d730dbbbd0,information_gain,2,2,False,3,2.693437742501238,next-10,pass
29,s29-test-9-9,5deda92c3cbd8f65c013d0d730dbbbd0,information_gain,3,3,True,1,1.0426371869321662,next-8,fail
29,s29-test-9-9,5deda92c3cbd8f65c013d0d730dbbbd0,information_gain,4,4,True,1,0.912172678808693,next-0,pass
29,s29-test-9-9,5deda92c3cbd8f65c013d0d730dbbbd0,random,0,0,False,3,3.278673983389917,,
29,s29-test-9-9,5deda92c3cbd8f65c013d0d730dbbbd0,random,1,1,True,1,1.7459081913303147,next-8,fail
29,s29-test-9-9,5deda92c3cbd8f65c013d0d730dbbbd0,random,2,2,True,1,1.5410592653717972,next-4,pass
29,s29-test-9-9,5deda92c3cbd8f65c013d0d730dbbbd0,random,3,3,True,1,1.4328641843925278,next-0,pass
29,s29-test-9-9,5deda92c3cbd8f65c013d0d730dbbbd0,random,4,4,True,1,1.3955628657510328,next-5,pass
29,s29-test-9-10,5deda92c3cbd8f65c013d0d730dbbbd0,information_gain,0,0,False,5,3.198596185033007,,
29,s29-test-9-10,5deda92c3cbd8f65c013d0d730dbbbd0,information_gain,1,1,False,2,1.7626870063865614,next-1,fail
29,s29-test-9-10,5deda92c3cbd8f65c013d0d730dbbbd0,information_gain,2,2,True,1,0.46941692276406244,next-11,fail
29,s29-test-9-10,5deda92c3cbd8f65c013d0d730dbbbd0,information_gain,3,3,True,1,0.3030790542743729,next-3,pass
29,s29-test-9-10,5deda92c3cbd8f65c013d0d730dbbbd0,information_gain,4,4,True,1,0.13667844744358207,next-10,pass
29,s29-test-9-10,5deda92c3cbd8f65c013d0d730dbbbd0,random,0,0,False,5,3.198596185033007,,
29,s29-test-9-10,5deda92c3cbd8f65c013d0d730dbbbd0,random,1,1,False,4,3.071414773746561,next-2,pass
29,s29-test-9-10,5deda92c3cbd8f65c013d0d730dbbbd0,random,2,2,False,3,2.8997620598027423,next-8,pass
29,s29-test-9-10,5deda92c3cbd8f65c013d0d730dbbbd0,random,3,3,False,2,2.704946077264016,next-3,pass
29,s29-test-9-10,5deda92c3cbd8f65c013d0d730dbbbd0,random,4,4,True,1,1.3605178035805412,next-1,fail
29,s29-test-9-11,5deda92c3cbd8f65c013d0d730dbbbd0,information_gain,0,0,True,1,3.3763504181848467,,
29,s29-test-9-11,5deda92c3cbd8f65c013d0d730dbbbd0,information_gain,1,1,True,1,3.062636333183197,next-4,pass
29,s29-test-9-11,5deda92c3cbd8f65c013d0d730dbbbd0,information_gain,2,2,True,1,2.8131964238890363,next-0,pass
29,s29-test-9-11,5deda92c3cbd8f65c013d0d730dbbbd0,information_gain,3,3,True,1,2.5372444713867055,next-3,pass
29,s29-test-9-11,5deda92c3cbd8f65c013d0d730dbbbd0,information_gain,4,4,True,1,2.393052773144668,next-10,pass
29,s29-test-9-11,5deda92c3cbd8f65c013d0d730dbbbd0,random,0,0,True,1,3.3763504181848467,,
29,s29-test-9-11,5deda92c3cbd8f65c013d0d730dbbbd0,random,1,1,True,1,3.1743762018089967,next-0,pass
29,s29-test-9-11,5deda92c3cbd8f65c013d0d730dbbbd0,random,2,2,True,1,3.131072953915875,next-5,pass
29,s29-test-9-11,5deda92c3cbd8f65c013d0d730dbbbd0,random,3,3,True,1,3.015070873916263,next-8,pass
29,s29-test-9-11,5deda92c3cbd8f65c013d0d730dbbbd0,random,4,4,True,1,2.917300168369284,next-2,pass
29,s29-test-10-0,c61a0d4b910f33eacd0e54577c8e3b8d,information_gain,0,0,False,15,3.9763367048937788,,
29,s29-test-10-0,c61a0d4b910f33eacd0e54577c8e3b8d,information_gain,1,1,False,12,3.773733038549548,next-10,pass
29,s29-test-10-0,c61a0d4b910f33eacd0e54577c8e3b8d,information_gain,2,2,False,10,3.5909120929782614,next-1,pass
29,s29-test-10-0,c61a0d4b910f33eacd0e54577c8e3b8d,information_gain,3,3,False,9,3.4734641450979735,next-11,pass
29,s29-test-10-0,c61a0d4b910f33eacd0e54577c8e3b8d,information_gain,4,4,False,8,3.3456429949749005,next-2,pass
29,s29-test-10-0,c61a0d4b910f33eacd0e54577c8e3b8d,random,0,0,False,15,3.9763367048937788,,
29,s29-test-10-0,c61a0d4b910f33eacd0e54577c8e3b8d,random,1,1,False,12,3.773733038549548,next-3,pass
29,s29-test-10-0,c61a0d4b910f33eacd0e54577c8e3b8d,random,2,2,False,11,3.670806961194915,next-5,pass
29,s29-test-10-0,c61a0d4b910f33eacd0e54577c8e3b8d,random,3,3,False,10,3.5909120929782614,next-9,pass
29,s29-test-10-0,c61a0d4b910f33eacd0e54577c8e3b8d,random,4,4,False,9,3.506488405194351,next-8,pass
29,s29-test-10-1,c61a0d4b910f33eacd0e54577c8e3b8d,information_gain,0,0,False,2,2.361121178669597,,
29,s29-test-10-1,c61a0d4b910f33eacd0e54577c8e3b8d,information_gain,1,1,True,1,0.7195935202410569,next-9,fail
29,s29-test-10-1,c61a0d4b910f33eacd0e54577c8e3b8d,information_gain,2,2,True,1,0.04337849865807007,next-2,fail
29,s29-test-10-1,c61a0d4b910f33eacd0e54577c8e3b8d,information_gain,3,3,True,1,0.03316184046362436,next-10,pass
29,s29-test-10-1,c61a0d4b910f33eacd0e54577c8e3b8d,information_gain,4,4,True,1,0.02292733803951413,next-11,pass
29,s29-test-10-1,c61a0d4b910f33eacd0e54577c8e3b8d,random,0,0,False,2,2.361121178669597,,
29,s29-test-10-1,c61a0d4b910f33eacd0e54577c8e3b8d,random,1,1,False,2,2.3034554996576957,next-6,pass
29,s29-test-10-1,c61a0d4b910f33eacd0e54577c8e3b8d,random,2,2,False,2,2.1846323417343676,next-5,pass
29,s29-test-10-1,c61a0d4b910f33eacd0e54577c8e3b8d,random,3,3,True,1,0.35633577113401954,next-2,fail
29,s29-test-10-1,c61a0d4b910f33eacd0e54577c8e3b8d,random,4,4,True,1,0.3263137373302864,next-3,pass
29,s29-test-10-2,c61a0d4b910f33eacd0e54577c8e3b8d,information_gain,0,0,False,2,3.5909120929782614,,
29,s29-test-10-2,c61a0d4b910f33eacd0e54577c8e3b8d,information_gain,1,1,False,2,3.32192108886189,next-9,pass
29,s29-test-10-2,c61a0d4b910f33eacd0e54577c8e3b8d,information_gain,2,2,False,2,3.0664747692545165,next-10,pass
29,s29-test-10-2,c61a0d4b910f33eacd0e54577c8e3b8d,information_gain,3,3,False,9,2.9451963871468516,next-0,pass
29,s29-test-10-2,c61a0d4b910f33eacd0e54577c8e3b8d,information_gain,4,4,False,8,2.8325716672979397,next-4,pass
29,s29-test-10-2,c61a0d4b910f33eacd0e54577c8e3b8d,random,0,0,False,2,3.5909120929782614,,
29,s29-test-10-2,c61a0d4b910f33eacd0e54577c8e3b8d,random,1,1,False,2,3.5287423812305585,next-3,pass
29,s29-test-10-2,c61a0d4b910f33eacd0e54577c8e3b8d,random,2,2,False,2,3.4651150290209745,next-1,pass
29,s29-test-10-2,c61a0d4b910f33eacd0e54577c8e3b8d,random,3,3,False,2,3.3719002315986613,next-5,pass
29,s29-test-10-2,c61a0d4b910f33eacd0e54577c8e3b8d,random,4,4,False,2,3.1584484901580607,next-10,pass
29,s29-test-10-3,c61a0d4b910f33eacd0e54577c8e3b8d,information_gain,0,0,False,15,3.746616462282413,,
29,s29-test-10-3,c61a0d4b910f33eacd0e54577c8e3b8d,information_gain,1,1,False,12,3.506488405194351,next-0,pass
29,s29-test-10-3,c61a0d4b910f33eacd0e54577c8e3b8d,information_gain,2,2,False,10,3.32192108886189,next-5,pass
29,s29-test-10-3,c61a0d4b910f33eacd0e54577c8e3b8d,information_gain,3,3,False,10,3.111950423888374,next-8,pass
29,s29-test-10-3,c61a0d4b910f33eacd0e54577c8e3b8d,information_gain,4,4,False,9,2.8940257927385202,next-11,pass
29,s29-test-10-3,c61a0d4b910f33eacd0e54577c8e3b8d,random,0,0,False,15,3.746616462282413,,
29,s29-test-10-3,c61a0d4b910f33eacd0e54577c8e3b8d,random,1,1,False,14,3.6417641012444033,next-1,pass
29,s29-test-10-3,c61a0d4b910f33eacd0e54577c8e3b8d,random,2,2,False,14,3.612406554660146,next-7,pass
29,s29-test-10-3,c61a0d4b910f33eacd0e54577c8e3b8d,random,3,3,False,14,3.4400304392481047,next-8,pass
29,s29-test-10-3,c61a0d4b910f33eacd0e54577c8e3b8d,random,4,4,False,12,3.2054458014892973,next-6,pass
29,s29-test-10-4,c61a0d4b910f33eacd0e54577c8e3b8d,information_gain,0,0,False,12,2.384127674649788,,
29,s29-test-10-4,c61a0d4b910f33eacd0e54577c8e3b8d,information_gain,1,1,False,9,2.19639049824341,next-11,pass
29,s29-test-10-4,c61a0d4b910f33eacd0e54577c8e3b8d,information_gain,2,2,False,9,3.6453534393481815,next-10,pass
29,s29-test-10-4,c61a0d4b910f33eacd0e54577c8e3b8d,information_gain,3,3,False,7,3.5117199724100776,next-1,pass
29,s29-test-10-4,c61a0d4b910f33eacd0e54577c8e3b8d,information_gain,4,4,False,6,3.554023359596069,next-3,pass
29,s29-test-10-4,c61a0d4b910f33eacd0e54577c8e3b8d,random,0,0,False,12,2.384127674649788,,
29,s29-test-10-4,c61a0d4b910f33eacd0e54577c8e3b8d,random,1,1,False,9,2.21046928885085,next-8,pass
29,s29-test-10-4,c61a0d4b910f33eacd0e54577c8e3b8d,random,2,2,False,9,2.20053343329342,next-2,pass
29,s29-test-10-4,c61a0d4b910f33eacd0e54577c8e3b8d,random,3,3,False,8,2.095889257554001,next-3,pass
29,s29-test-10-4,c61a0d4b910f33eacd0e54577c8e3b8d,random,4,4,False,7,1.8977138607735449,next-10,pass
29,s29-test-10-5,c61a0d4b910f33eacd0e54577c8e3b8d,information_gain,0,0,False,2,2.4119943465592093,,
29,s29-test-10-5,c61a0d4b910f33eacd0e54577c8e3b8d,information_gain,1,1,True,1,1.1811362570650465,next-10,fail
29,s29-test-10-5,c61a0d4b910f33eacd0e54577c8e3b8d,information_gain,2,2,True,1,0.6128213435521427,next-11,pass
29,s29-test-10-5,c61a0d4b910f33eacd0e54577c8e3b8d,information_gain,3,3,True,1,0.5863348251762193,next-3,pass
29,s29-test-10-5,c61a0d4b910f33eacd0e54577c8e3b8d,information_gain,4,4,True,1,0.5686080411652297,next-8,pass
29,s29-test-10-5,c61a0d4b910f33eacd0e54577c8e3b8d,random,0,0,False,2,2.4119943465592093,,
29,s29-test-10-5,c61a0d4b910f33eacd0e54577c8e3b8d,random,1,1,True,1,2.431858349568937,next-11,pass
29,s29-test-10-5,c61a0d4b910f33eacd0e54577c8e3b8d,random,2,2,True,1,2.3551246118711835,next-9,pass
29,s29-test-10-5,c61a0d4b910f33eacd0e54577c8e3b8d,random,3,3,True,1,2.1945864263198125,next-8,pass
29,s29-test-10-5,c61a0d4b910f33eacd0e54577c8e3b8d,random,4,4,True,1,2.1105337505378206,next-0,pass
29,s29-test-10-6,c61a0d4b910f33eacd0e54577c8e3b8d,information_gain,0,0,True,1,2.366318986265463,,
29,s29-test-10-6,c61a0d4b910f33eacd0e54577c8e3b8d,information_gain,1,1,True,1,0.7188128960649696,next-6,fail
29,s29-test-10-6,c61a0d4b910f33eacd0e54577c8e3b8d,information_gain,2,2,True,1,0.5399299965307444,next-11,pass
29,s29-test-10-6,c61a0d4b910f33eacd0e54577c8e3b8d,information_gain,3,3,True,1,0.5132066490355144,next-0,pass
29,s29-test-10-6,c61a0d4b910f33eacd0e54577c8e3b8d,information_gain,4,4,True,1,0.49356182465443493,next-2,pass
29,s29-test-10-6,c61a0d4b910f33eacd0e54577c8e3b8d,random,0,0,True,1,2.366318986265463,,
29,s29-test-10-6,c61a0d4b910f33eacd0e54577c8e3b8d,random,1,1,True,1,2.27292430763873,next-7,pass
29,s29-test-10-6,c61a0d4b910f33eacd0e54577c8e3b8d,random,2,2,True,1,2.2652341371659905,next-9,pass
29,s29-test-10-6,c61a0d4b910f33eacd0e54577c8e3b8d,random,3,3,True,1,2.2498167350747096,next-10,pass
29,s29-test-10-6,c61a0d4b910f33eacd0e54577c8e3b8d,random,4,4,True,1,0.6756230531060535,next-6,fail
29,s29-test-10-7,c61a0d4b910f33eacd0e54577c8e3b8d,information_gain,0,0,False,13,3.746616462282413,,
29,s29-test-10-7,c61a0d4b910f33eacd0e54577c8e3b8d,information_gain,1,1,False,10,3.506488405194351,next-9,pass
29,s29-test-10-7,c61a0d4b910f33eacd0e54577c8e3b8d,information_gain,2,2,False,2,1.9210455683434013,next-1,fail
29,s29-test-10-7,c61a0d4b910f33eacd0e54577c8e3b8d,information_gain,3,3,False,2,1.7859866692917716,next-4,pass
29,s29-test-10-7,c61a0d4b910f33eacd0e54577c8e3b8d,information_gain,4,4,False,3,2.1933566295765807,next-0,fail
29,s29-test-10-7,c61a0d4b910f33eacd0e54577c8e3b8d,random,0,0,False,13,3.746616462282413,,
29,s29-test-10-7,c61a0d4b910f33eacd0e54577c8e3b8d,random,1,1,False,12,3.6417641012444033,next-11,pass
29,s29-test-10-7,c61a0d4b910f33eacd0e54577c8e3b8d,random,2,2,False,10,3.4734641450979735,next-4,pass
29,s29-test-10-7,c61a0d4b910f33eacd0e54577c8e3b8d,random,3,3,False,9,3.3456429949749005,next-8,pass
29,s29-test-10-7,c61a0d4b910f33eacd0e54577c8e3b8d,random,4,4,False,2,1.8321139358891407,next-1,fail
29,s29-test-10-8,c61a0d4b910f33eacd0e54577c8e3b8d,information_gain,0,0,False,4,3.81872524475282,,
29,s29-test-10-8,c61a0d4b910f33eacd0e54577c8e3b8d,information_gain,1,1,False,7,2.3588181825321324,next-0,fail
29,s29-test-10-8,c61a0d4b910f33eacd0e54577c8e3b8d,information_gain,2,2,False,7,2.2005334332934203,next-4,pass
29,s29-test-10-8,c61a0d4b910f33eacd0e54577c8e3b8d,information_gain,3,3,False,6,2.069309499280107,next-6,pass
29,s29-test-10-8,c61a0d4b910f33eacd0e54577c8e3b8d,information_gain,4,4,True,1,2.6817424883696943,next-7,fail
29,s29-test-10-8,c61a0d4b910f33eacd0e54577c8e3b8d,random,0,0,False,4,3.81872524475282,,
29,s29-test-10-8,c61a0d4b910f33eacd0e54577c8e3b8d,random,1,1,False,2,3.670806961194915,next-5,pass
29,s29-test-10-8,c61a0d4b910f33eacd0e54577c8e3b8d,random,2,2,False,2,3.5909120929782614,next-6,pass
29,s29-test-10-8,c61a0d4b910f33eacd0e54577c8e3b8d,random,3,3,False,2,3.4734641450979735,next-4,pass
29,s29-test-10-8,c61a0d4b910f33eacd0e54577c8e3b8d,random,4,4,False,2,3.283654917095652,next-2,pass
29,s29-test-10-9,c61a0d4b910f33eacd0e54577c8e3b8d,information_gain,0,0,False,6,3.7144190922347606,,
29,s29-test-10-9,c61a0d4b910f33eacd0e54577c8e3b8d,information_gain,1,1,False,4,3.467642330721875,next-9,pass
29,s29-test-10-9,c61a0d4b910f33eacd0e54577c8e3b8d,information_gain,2,2,False,14,3.2379765547101766,next-7,pass
29,s29-test-10-9,c61a0d4b910f33eacd0e54577c8e3b8d,information_gain,3,3,False,11,3.042550319607716,next-4,pass
29,s29-test-10-9,c61a0d4b910f33eacd0e54577c8e3b8d,information_gain,4,4,False,10,2.867815863143951,next-1,pass
29,s29-test-10-9,c61a0d4b910f33eacd0e54577c8e3b8d,random,0,0,False,6,3.7144190922347606,,
29,s29-test-10-9,c61a0d4b910f33eacd0e54577c8e3b8d,random,1,1,False,6,3.6860112213043497,next-2,pass
29,s29-test-10-9,c61a0d4b910f33eacd0e54577c8e3b8d,random,2,2,False,4,3.4333018016048307,next-9,pass
29,s29-test-10-9,c61a0d4b910f33eacd0e54577c8e3b8d,random,3,3,False,4,3.3383983464748153,next-5,pass
29,s29-test-10-9,c61a0d4b910f33eacd0e54577c8e3b8d,random,4,4,False,3,3.1975049017324677,next-1,pass
29,s29-test-10-10,c61a0d4b910f33eacd0e54577c8e3b8d,information_gain,0,0,False,12,3.6417641012444033,,
29,s29-test-10-10,c61a0d4b910f33eacd0e54577c8e3b8d,information_gain,1,1,False,10,3.4400304392481047,next-7,pass
29,s29-test-10-10,c61a0d4b910f33eacd0e54577c8e3b8d,information_gain,2,2,False,9,3.2723251280558774,next-9,pass
29,s29-test-10-10,c61a0d4b910f33eacd0e54577c8e3b8d,information_gain,3,3,False,8,3.151410318668192,next-6,pass
29,s29-test-10-10,c61a0d4b910f33eacd0e54577c8e3b8d,information_gain,4,4,False,8,3.0693106498570817,next-4,pass
29,s29-test-10-10,c61a0d4b910f33eacd0e54577c8e3b8d,random,0,0,False,12,3.6417641012444033,,
29,s29-test-10-10,c61a0d4b910f33eacd0e54577c8e3b8d,random,1,1,False,10,3.4734641450979735,next-4,pass
29,s29-test-10-10,c61a0d4b910f33eacd0e54577c8e3b8d,random,2,2,False,9,3.3092317668304316,next-7,pass
29,s29-test-10-10,c61a0d4b910f33eacd0e54577c8e3b8d,random,3,3,False,9,3.2593631694949585,next-5,pass
29,s29-test-10-10,c61a0d4b910f33eacd0e54577c8e3b8d,random,4,4,False,9,3.2772505502520364,next-10,fail
29,s29-test-10-11,c61a0d4b910f33eacd0e54577c8e3b8d,information_gain,0,0,False,4,3.7928084216093936,,
29,s29-test-10-11,c61a0d4b910f33eacd0e54577c8e3b8d,information_gain,1,1,True,1,2.3513055520550408,next-2,fail
29,s29-test-10-11,c61a0d4b910f33eacd0e54577c8e3b8d,information_gain,2,2,True,1,0.8472650756179081,next-6,fail
29,s29-test-10-11,c61a0d4b910f33eacd0e54577c8e3b8d,information_gain,3,3,True,1,0.0641877663350563,next-8,fail
29,s29-test-10-11,c61a0d4b910f33eacd0e54577c8e3b8d,information_gain,4,4,True,1,0.4307970998312494,next-9,pass
29,s29-test-10-11,c61a0d4b910f33eacd0e54577c8e3b8d,random,0,0,False,4,3.7928084216093936,,
29,s29-test-10-11,c61a0d4b910f33eacd0e54577c8e3b8d,random,1,1,False,3,3.6417641012444033,next-1,pass
29,s29-test-10-11,c61a0d4b910f33eacd0e54577c8e3b8d,random,2,2,True,1,2.3654076969779925,next-0,fail
29,s29-test-10-11,c61a0d4b910f33eacd0e54577c8e3b8d,random,3,3,True,1,0.24292618758155432,next-4,fail
29,s29-test-10-11,c61a0d4b910f33eacd0e54577c8e3b8d,random,4,4,True,1,1.2735323442450517,next-9,pass
29,s29-test-11-0,b7f2a3d8770846fd764658bf349faf0b,information_gain,0,0,False,8,3.517194035333173,,
29,s29-test-11-0,b7f2a3d8770846fd764658bf349faf0b,information_gain,1,1,False,7,3.2965431936135383,next-10,pass
29,s29-test-11-0,b7f2a3d8770846fd764658bf349faf0b,information_gain,2,2,False,5,3.0830991049430763,next-1,pass
29,s29-test-11-0,b7f2a3d8770846fd764658bf349faf0b,information_gain,3,3,False,3,2.836855246606618,next-5,pass
29,s29-test-11-0,b7f2a3d8770846fd764658bf349faf0b,information_gain,4,4,True,1,1.6001532567030217,next-4,fail
29,s29-test-11-0,b7f2a3d8770846fd764658bf349faf0b,random,0,0,False,8,3.517194035333173,,
29,s29-test-11-0,b7f2a3d8770846fd764658bf349faf0b,random,1,1,False,6,3.2965431936135383,next-6,pass
29,s29-test-11-0,b7f2a3d8770846fd764658bf349faf0b,random,2,2,False,6,3.143284808634617,next-8,pass
29,s29-test-11-0,b7f2a3d8770846fd764658bf349faf0b,random,3,3,False,6,3.055765441827403,next-0,pass
29,s29-test-11-0,b7f2a3d8770846fd764658bf349faf0b,random,4,4,False,6,2.9950862147661033,next-10,pass
29,s29-test-11-1,b7f2a3d8770846fd764658bf349faf0b,information_gain,0,0,True,1,2.3108816126003773,,
29,s29-test-11-1,b7f2a3d8770846fd764658bf349faf0b,information_gain,1,1,True,1,2.2530542470607102,next-8,pass
29,s29-test-11-1,b7f2a3d8770846fd764658bf349faf0b,information_gain,2,2,True,1,0.380683926619497,next-7,fail
29,s29-test-11-1,b7f2a3d8770846fd764658bf349faf0b,information_gain,3,3,True,1,0.20905008447792744,next-9,pass
29,s29-test-11-1,b7f2a3d8770846fd764658bf349faf0b,information_gain,4,4,True,1,0.5871591423102558,next-11,fail
29,s29-test-11-1,b7f2a3d8770846fd764658bf349faf0b,random,0,0,True,1,2.3108816126003773,,
29,s29-test-11-1,b7f2a3d8770846fd764658bf349faf0b,random,1,1,True,1,2.193309173620807,next-10,pass
29,s29-test-11-1,b7f2a3d8770846fd764658bf349faf0b,random,2,2,True,1,2.132739995456465,next-1,pass
29,s29-test-11-1,b7f2a3d8770846fd764658bf349faf0b,random,3,3,True,1,2.007832420756967,next-9,pass
29,s29-test-11-1,b7f2a3d8770846fd764658bf349faf0b,random,4,4,True,1,1.8776053700312578,next-0,pass
29,s29-test-11-2,b7f2a3d8770846fd764658bf349faf0b,information_gain,0,0,False,3,3.517194035333173,,
29,s29-test-11-2,b7f2a3d8770846fd764658bf349faf0b,information_gain,1,1,False,3,3.1934686357563224,next-5,pass
29,s29-test-11-2,b7f2a3d8770846fd764658bf349faf0b,information_gain,2,2,False,3,2.912814838787199,next-11,pass
29,s29-test-11-2,b7f2a3d8770846fd764658bf349faf0b,information_gain,3,3,False,2,1.5385273681880867,next-0,fail
29,s29-test-11-2,b7f2a3d8770846fd764658bf349faf0b,information_gain,4,4,True,1,0.32078100271669296,next-10,fail
29,s29-test-11-2,b7f2a3d8770846fd764658bf349faf0b,random,0,0,False,3,3.517194035333173,,
29,s29-test-11-2,b7f2a3d8770846fd764658bf349faf0b,random,1,1,False,3,3.1934686357563224,next-5,pass
29,s29-test-11-2,b7f2a3d8770846fd764658bf349faf0b,random,2,2,False,3,3.03637132159001,next-4,pass
29,s29-test-11-2,b7f2a3d8770846fd764658bf349faf0b,random,3,3,True,1,1.7816407201883548,next-10,fail
29,s29-test-11-2,b7f2a3d8770846fd764658bf349faf0b,random,4,4,True,1,0.5718032275612073,next-7,fail
29,s29-test-11-3,b7f2a3d8770846fd764658bf349faf0b,information_gain,0,0,False,5,3.6505434255999996,,
29,s29-test-11-3,b7f2a3d8770846fd764658bf349faf0b,information_gain,1,1,False,2,2.251544410187371,next-2,fail
29,s29-test-11-3,b7f2a3d8770846fd764658bf349faf0b,information_gain,2,2,True,1,1.1786840127176008,next-1,fail
29,s29-test-11-3,b7f2a3d8770846fd764658bf349faf0b,information_gain,3,3,True,1,0.21934874749391106,next-3,fail
29,s29-test-11-3,b7f2a3d8770846fd764658bf349faf0b,information_gain,4,4,True,1,0.05049076355169472,next-7,pass
29,s29-test-11-3,b7f2a3d8770846fd764658bf349faf0b,random,0,0,False,5,3.6505434255999996,,
29,s29-test-11-3,b7f2a3d8770846fd764658bf349faf0b,random,1,1,False,5,3.393128218405803,next-5,pass
29,s29-test-11-3,b7f2a3d8770846fd764658bf349faf0b,random,2,2,False,5,3.3137320094130005,next-10,pass
29,s29-test-11-3,b7f2a3d8770846fd764658bf349faf0b,random,3,3,False,4,3.2106320851017474,next-6,pass
29,s29-test-11-3,b7f2a3d8770846fd764658bf349faf0b,random,4,4,False,4,3.169190179320058,next-0,pass
29,s29-test-11-4,b7f2a3d8770846fd764658bf349faf0b,information_gain,0,0,True,1,3.7549021245841057,,
29,s29-test-11-4,b7f2a3d8770846fd764658bf349faf0b,information_gain,1,1,True,1,3.569558060939245,next-10,pass
29,s29-test-11-4,b7f2a3d8770846fd764658bf349faf0b,information_gain,2,2,True,1,3.410131655563499,next-7,pass
29,s29-test-11-4,b7f2a3d8770846fd764658bf349faf0b,information_gain,3,3,False,3,1.9634456557859266,next-1,fail
29,s29-test-11-4,b7f2a3d8770846fd764658bf349faf0b,information_gain,4,4,False,3,3.4244183594660322,next-5,pass
29,s29-test-11-4,b7f2a3d8770846fd764658bf349faf0b,random,0,0,True,1,3.7549021245841057,,
29,s29-test-11-4,b7f2a3d8770846fd764658bf349faf0b,random,1,1,True,1,3.7273428936085766,next-3,pass
29,s29-test-11-4,b7f2a3d8770846fd764658bf349faf0b,random,2,2,True,1,3.61579602598933,next-0,pass
29,s29-test-11-4,b7f2a3d8770846fd764658bf349faf0b,random,3,3,True,1,3.5325311541850195,next-5,pass
29,s29-test-11-4,b7f2a3d8770846fd764658bf349faf0b,random,4,4,True,1,3.3495888605544786,next-10,pass
29,s29-test-11-5,b7f2a3d8770846fd764658bf349faf0b,information_gain,0,0,True,1,3.7549021245841057,,
29,s29-test-11-5,b7f2a3d8770846fd764658bf349faf0b,information_gain,1,1,True,1,3.517194035333173,next-0,pass
29,s29-test-11-5,b7f2a3d8770846fd764658bf349faf0b,information_gain,2,2,True,1,3.2354012181371874,next-4,pass
29,s29-test-11-5,b7f2a3d8770846fd764658bf349faf0b,information_gain,3,3,True,1,2.964538944297788,next-7,pass
29,s29-test-11-5,b7f2a3d8770846fd764658bf349faf0b,information_gain,4,4,True,1,2.778950714174016,next-11,pass
29,s29-test-11-5,b7f2a3d8770846fd764658bf349faf0b,random,0,0,True,1,3.7549021245841057,,
29,s29-test-11-5,b7f2a3d8770846fd764658bf349faf0b,random,1,1,True,1,3.517194035333173,next-4,pass
29,s29-test-11-5,b7f2a3d8770846fd764658bf349faf0b,random,2,2,True,1,3.483929267407123,next-2,pass
29,s29-test-11-5,b7f2a3d8770846fd764658bf349faf0b,random,3,3,True,1,3.1934686357563224,next-7,pass
29,s29-test-11-5,b7f2a3d8770846fd764658bf349faf0b,random,4,4,True,1,2.964538944297788,next-5,pass
29,s29-test-11-6,b7f2a3d8770846fd764658bf349faf0b,information_gain,0,0,False,6,3.600676175683141,,
29,s29-test-11-6,b7f2a3d8770846fd764658bf349faf0b,information_gain,1,1,False,4,3.335127024867432,next-9,pass
29,s29-test-11-6,b7f2a3d8770846fd764658bf349faf0b,information_gain,2,2,False,3,3.0830991049430763,next-1,pass
29,s29-test-11-6,b7f2a3d8770846fd764658bf349faf0b,information_gain,3,3,False,3,2.8600535401738263,next-0,pass
29,s29-test-11-6,b7f2a3d8770846fd764658bf349faf0b,information_gain,4,4,True,1,1.4158272103491187,next-11,fail
29,s29-test-11-6,b7f2a3d8770846fd764658bf349faf0b,random,0,0,False,6,3.600676175683141,,
29,s29-test-11-6,b7f2a3d8770846fd764658bf349faf0b,random,1,1,False,5,3.393128218405803,next-0,pass
29,s29-test-11-6,b7f2a3d8770846fd764658bf349faf0b,random,2,2,False,5,3.2573918375251334,next-4,pass
29,s29-test-11-6,b7f2a3d8770846fd764658bf349faf0b,random,3,3,False,4,3.0635499376551314,next-6,pass
29,s29-test-11-6,b7f2a3d8770846fd764658bf349faf0b,random,4,4,False,4,2.8408073982677693,next-1,pass
29,s29-test-11-7,b7f2a3d8770846fd764658bf349faf0b,information_gain,0,0,False,5,3.517194035333173,,
29,s29-test-11-7,b7f2a3d8770846fd764658bf349faf0b,information_gain,1,1,False,2,2.2189754512969686,next-5,fail
29,s29-test-11-7,b7f2a3d8770846fd764658bf349faf0b,information_gain,2,2,True,1,2.2757087857165623,next-4,pass
29,s29-test-11-7,b7f2a3d8770846fd764658bf349faf0b,information_gain,3,3,True,1,0.6006964884325788,next-1,fail
29,s29-test-11-7,b7f2a3d8770846fd764658bf349faf0b,information_gain,4,4,True,1,0.5595283878458176,next-0,pass
29,s29-test-11-7,b7f2a3d8770846fd764658bf349faf0b,random,0,0,False,5,3.517194035333173,,
29,s29-test-11-7,b7f2a3d8770846fd764658bf349faf0b,random,1,1,False,4,3.335127024867432,next-3,pass
29,s29-test-11-7,b7f2a3d8770846fd764658bf349faf0b,random,2,2,False,3,3.2354012181371874,next-6,pass
29,s29-test-11-7,b7f2a3d8770846fd764658bf349faf0b,random,3,3,False,3,3.1508615889894767,next-11,pass
29,s29-test-11-7,b7f2a3d8770846fd764658bf349faf0b,random,4,4,False,3,2.988804354735239,next-7,pass
29,s29-test-11-8,b7f2a3d8770846fd764658bf349faf0b,information_gain,0,0,True,1,3.6505434255999996,,
29,s29-test-11-8,b7f2a3d8770846fd764658bf349faf0b,information_gain,1,1,True,1,3.393128218405803,next-10,pass
29,s29-test-11-8,b7f2a3d8770846fd764658bf349faf0b,information_gain,2,2,True,1,3.1508615889894767,next-0,pass
29,s29-test-11-8,b7f2a3d8770846fd764658bf349faf0b,information_gain,3,3,True,1,2.9403726560556875,next-8,pass
29,s29-test-11-8,b7f2a3d8770846fd764658bf349faf0b,information_gain,4,4,True,1,2.741521464782171,next-5,pass
29,s29-test-11-8,b7f2a3d8770846fd764658bf349faf0b,random,0,0,True,1,3.6505434255999996,,
29,s29-test-11-8,b7f2a3d8770846fd764658bf349faf0b,random,1,1,True,1,3.5380757120355644,next-2,pass
29,s29-test-11-8,b7f2a3d8770846fd764658bf349faf0b,random,2,2,True,1,3.410131655563499,next-5,pass
29,s29-test-11-8,b7f2a3d8770846fd764658bf349faf0b,random,3,3,True,1,3.3137320094130005,next-11,pass
29,s29-test-11-8,b7f2a3d8770846fd764658bf349faf0b,random,4,4,True,1,2.980338978362932,next-10,pass
29,s29-test-11-9,b7f2a3d8770846fd764658bf349faf0b,information_gain,0,0,False,16,3.7549021245841057,,
29,s29-test-11-9,b7f2a3d8770846fd764658bf349faf0b,information_gain,1,1,False,16,3.517194035333173,next-9,pass
29,s29-test-11-9,b7f2a3d8770846fd764658bf349faf0b,information_gain,2,2,False,16,3.335127024867432,next-1,pass
29,s29-test-11-9,b7f2a3d8770846fd764658bf349faf0b,information_gain,3,3,False,16,3.1290122256944084,next-5,pass
29,s29-test-11-9,b7f2a3d8770846fd764658bf349faf0b,information_gain,4,4,False,14,2.893493772366889,next-7,pass
29,s29-test-11-9,b7f2a3d8770846fd764658bf349faf0b,random,0,0,False,16,3.7549021245841057,,
29,s29-test-11-9,b7f2a3d8770846fd764658bf349faf0b,random,1,1,False,16,3.6797744542314526,next-10,pass
29,s29-test-11-9,b7f2a3d8770846fd764658bf349faf0b,random,2,2,False,16,3.600676175683141,next-3,pass
29,s29-test-11-9,b7f2a3d8770846fd764658bf349faf0b,random,3,3,False,15,3.483929267407123,next-0,pass
29,s29-test-11-9,b7f2a3d8770846fd764658bf349faf0b,random,4,4,False,15,3.2965431936135383,next-2,pass
29,s29-test-11-10,b7f2a3d8770846fd764658bf349faf0b,information_gain,0,0,False,5,3.6797744542314526,,
29,s29-test-11-10,b7f2a3d8770846fd764658bf349faf0b,information_gain,1,1,False,2,2.259262987730634,next-0,fail
29,s29-test-11-10,b7f2a3d8770846fd764658bf349faf0b,information_gain,2,2,True,1,2.0709285926391945,next-10,pass
29,s29-test-11-10,b7f2a3d8770846fd764658bf349faf0b,information_gain,3,3,True,1,0.5164506341155066,next-5,fail
29,s29-test-11-10,b7f2a3d8770846fd764658bf349faf0b,information_gain,4,4,True,1,0.3362400660452557,next-11,pass
29,s29-test-11-10,b7f2a3d8770846fd764658bf349faf0b,random,0,0,False,5,3.6797744542314526,,
29,s29-test-11-10,b7f2a3d8770846fd764658bf349faf0b,random,1,1,False,3,3.517194035333173,next-11,pass
29,s29-test-11-10,b7f2a3d8770846fd764658bf349faf0b,random,2,2,False,3,3.428856455614164,next-3,pass
29,s29-test-11-10,b7f2a3d8770846fd764658bf349faf0b,random,3,3,False,3,3.2573918375251334,next-4,pass
29,s29-test-11-10,b7f2a3d8770846fd764658bf349faf0b,random,4,4,False,3,3.1508615889894767,next-9,pass
29,s29-test-11-11,b7f2a3d8770846fd764658bf349faf0b,information_gain,0,0,True,1,3.6797744542314526,,
29,s29-test-11-11,b7f2a3d8770846fd764658bf349faf0b,information_gain,1,1,True,1,3.428856455614164,next-1,pass
29,s29-test-11-11,b7f2a3d8770846fd764658bf349faf0b,information_gain,2,2,True,1,3.1934686357563224,next-6,pass
29,s29-test-11-11,b7f2a3d8770846fd764658bf349faf0b,information_gain,3,3,True,1,3.03637132159001,next-4,pass
29,s29-test-11-11,b7f2a3d8770846fd764658bf349faf0b,information_gain,4,4,True,1,2.8600535401738263,next-7,pass
29,s29-test-11-11,b7f2a3d8770846fd764658bf349faf0b,random,0,0,True,1,3.6797744542314526,,
29,s29-test-11-11,b7f2a3d8770846fd764658bf349faf0b,random,1,1,True,1,3.591114455083995,next-5,pass
29,s29-test-11-11,b7f2a3d8770846fd764658bf349faf0b,random,2,2,True,1,3.50062295258008,next-10,pass
29,s29-test-11-11,b7f2a3d8770846fd764658bf349faf0b,random,3,3,True,1,3.409266810542512,next-7,pass
29,s29-test-11-11,b7f2a3d8770846fd764658bf349faf0b,random,4,4,True,1,3.209618811534754,next-11,pass
29,s29-test-12-0,3f732ba937b683ddc3f19b4c475d9410,information_gain,0,0,False,8,3.3774539025631647,,
29,s29-test-12-0,3f732ba937b683ddc3f19b4c475d9410,information_gain,1,1,False,2,1.8060317246242679,next-6,fail
29,s29-test-12-0,3f732ba937b683ddc3f19b4c475d9410,information_gain,2,2,False,2,1.7137771586938553,next-1,pass
29,s29-test-12-0,3f732ba937b683ddc3f19b4c475d9410,information_gain,3,3,False,2,1.6290650347008746,next-7,pass
29,s29-test-12-0,3f732ba937b683ddc3f19b4c475d9410,information_gain,4,4,False,2,1.542164921518892,next-9,pass
29,s29-test-12-0,3f732ba937b683ddc3f19b4c475d9410,random,0,0,False,8,3.3774539025631647,,
29,s29-test-12-0,3f732ba937b683ddc3f19b4c475d9410,random,1,1,False,7,3.199000351814548,next-1,pass
29,s29-test-12-0,3f732ba937b683ddc3f19b4c475d9410,random,2,2,False,6,3.088261683901516,next-3,pass
29,s29-test-12-0,3f732ba937b683ddc3f19b4c475d9410,random,3,3,False,6,2.9878546690474845,next-9,pass
29,s29-test-12-0,3f732ba937b683ddc3f19b4c475d9410,random,4,4,False,5,2.796046726121951,next-7,pass
29,s29-test-12-1,3f732ba937b683ddc3f19b4c475d9410,information_gain,0,0,True,1,3.489669418104238,,
29,s29-test-12-1,3f732ba937b683ddc3f19b4c475d9410,information_gain,1,1,True,1,3.2955415744681615,next-6,pass
29,s29-test-12-1,3f732ba937b683ddc3f19b4c475d9410,information_gain,2,2,True,1,3.080254876036499,next-5,pass
29,s29-test-12-1,3f732ba937b683ddc3f19b4c475d9410,information_gain,3,3,True,1,2.899217398310069,next-11,pass
29,s29-test-12-1,3f732ba937b683ddc3f19b4c475d9410,information_gain,4,4,True,1,2.704090339614986,next-2,pass
29,s29-test-12-1,3f732ba937b683ddc3f19b4c475d9410,random,0,0,True,1,3.489669418104238,,
29,s29-test-12-1,3f732ba937b683ddc3f19b4c475d9410,random,1,1,True,1,3.363313357511211,next-2,pass
29,s29-test-12-1,3f732ba937b683ddc3f19b4c475d9410,random,2,2,True,1,3.157265599233959,next-5,pass
29,s29-test-12-1,3f732ba937b683ddc3f19b4c475d9410,random,3,3,True,1,2.979599409999534,next-11,pass
29,s29-test-12-1,3f732ba937b683ddc3f19b4c475d9410,random,4,4,True,1,2.9701356199313573,next-8,pass
29,s29-test-12-2,3f732ba937b683ddc3f19b4c475d9410,information_gain,0,0,False,5,3.7134401268233805,,
29,s29-test-12-2,3f732ba937b683ddc3f19b4c475d9410,information_gain,1,1,False,2,2.488962731010897,next-2,fail
29,s29-test-12-2,3f732ba937b683ddc3f19b4c475d9410,information_gain,2,2,False,2,1.3482683255116885,next-11,fail
29,s29-test-12-2,3f732ba937b683ddc3f19b4c475d9410,information_gain,3,3,True,1,1.018287352451695,next-6,pass
29,s29-test-12-2,3f732ba937b683ddc3f19b4c475d9410,information_gain,4,4,True,1,0.7182415965960233,next-9,pass
29,s29-test-12-2,3f732ba937b683ddc3f19b4c475d9410,random,0,0,False,5,3.7134401268233805,,
29,s29-test-12-2,3f732ba937b683ddc3f19b4c475d9410,random,1,1,False,2,2.488962731010897,next-2,fail
29,s29-test-12-2,3f732ba937b683ddc3f19b4c475d9410,random,2,2,False,2,2.4124921942105524,next-0,pass
29,s29-test-12-2,3f732ba937b683ddc3f19b4c475d9410,random,3,3,True,1,2.207299032928089,next-6,pass
29,s29-test-12-2,3f732ba937b683ddc3f19b4c475d9410,random,4,4,True,1,2.0625642726574513,next-1,pass
29,s29-test-12-3,3f732ba937b683ddc3f19b4c475d9410,information_gain,0,0,False,3,3.434000060257846,,
29,s29-test-12-3,3f732ba937b683ddc3f19b4c475d9410,information_gain,1,1,False,3,3.2955415744681615,next-3,pass
29,s29-test-12-3,3f732ba937b683ddc3f19b4c475d9410,information_gain,2,2,False,3,3.1498702610262854,next-1,pass
29,s29-test-12-3,3f732ba937b683ddc3f19b4c475d9410,information_gain,3,3,False,3,3.0263173219138575,next-4,pass
29,s29-test-12-3,3f732ba937b683ddc3f19b4c475d9410,information_gain,4,4,False,2,2.9005222704452653,next-11,pass
29,s29-test-12-3,3f732ba937b683ddc3f19b4c475d9410,random,0,0,False,3,3.434000060257846,,
29,s29-test-12-3,3f732ba937b683ddc3f19b4c475d9410,random,1,1,False,3,3.333487366416111,next-10,pass
29,s29-test-12-3,3f732ba937b683ddc3f19b4c475d9410,random,2,2,False,3,3.190645606528785,next-3,pass
29,s29-test-12-3,3f732ba937b683ddc3f19b4c475d9410,random,3,3,False,3,3.183192514962354,next-0,pass
29,s29-test-12-3,3f732ba937b683ddc3f19b4c475d9410,random,4,4,False,3,3.0986306146360953,next-8,pass
29,s29-test-12-4,3f732ba937b683ddc3f19b4c475d9410,information_gain,0,0,False,4,3.302249667473925,,
29,s29-test-12-4,3f732ba937b683ddc3f19b4c475d9410,information_gain,1,1,False,4,3.1424621884021615,next-4,pass
29,s29-test-12-4,3f732ba937b683ddc3f19b4c475d9410,information_gain,2,2,False,3,2.9784087064446565,next-0,pass
29,s29-test-12-4,3f732ba937b683ddc3f19b4c475d9410,information_gain,3,3,False,3,2.794702602946413,next-7,pass
29,s29-test-12-4,3f732ba937b683ddc3f19b4c475d9410,information_gain,4,4,False,2,2.634305261458052,next-1,pass
29,s29-test-12-4,3f732ba937b683ddc3f19b4c475d9410,random,0,0,False,4,3.302249667473925,,
29,s29-test-12-4,3f732ba937b683ddc3f19b4c475d9410,random,1,1,False,4,3.26383893944932,next-9,pass
29,s29-test-12-4,3f732ba937b683ddc3f19b4c475d9410,random,2,2,False,4,3.1424621884021615,next-10,pass
29,s29-test-12-4,3f732ba937b683ddc3f19b4c475d9410,random,3,3,False,4,3.0263173219138575,next-6,pass
29,s29-test-12-4,3f732ba937b683ddc3f19b4c475d9410,random,4,4,False,4,2.929641832956299,next-4,pass
29,s29-test-12-5,3f732ba937b683ddc3f19b4c475d9410,information_gain,0,0,True,1,1.7877175428210892,,
29,s29-test-12-5,3f732ba937b683ddc3f19b4c475d9410,information_gain,1,1,True,1,0.31912955433117657,next-4,fail
29,s29-test-12-5,3f732ba937b683ddc3f19b4c475d9410,information_gain,2,2,True,1,0.028867072297494148,next-5,fail
29,s29-test-12-5,3f732ba937b683ddc3f19b4c475d9410,information_gain,3,3,True,1,0.00197294816333745,next-1,fail
29,s29-test-12-5,3f732ba937b683ddc3f19b4c475d9410,information_gain,4,4,True,1,0.0006940487408891265,next-7,fail
29,s29-test-12-5,3f732ba937b683ddc3f19b4c475d9410,random,0,0,True,1,1.7877175428210892,,
29,s29-test-12-5,3f732ba937b683ddc3f19b4c475d9410,random,1,1,True,1,1.6693838861350159,next-6,pass
29,s29-test-12-5,3f732ba937b683ddc3f19b4c475d9410,random,2,2,True,1,1.5617826644613413,next-0,pass
29,s29-test-12-5,3f732ba937b683ddc3f19b4c475d9410,random,3,3,True,1,1.433839361132117,next-2,pass
29,s29-test-12-5,3f732ba937b683ddc3f19b4c475d9410,random,4,4,True,1,0.31955754184911456,next-7,fail
29,s29-test-12-6,3f732ba937b683ddc3f19b4c475d9410,information_gain,0,0,False,4,1.9787637397154467,,
29,s29-test-12-6,3f732ba937b683ddc3f19b4c475d9410,information_gain,1,1,False,4,3.59296038913838,next-0,pass
29,s29-test-12-6,3f732ba937b683ddc3f19b4c475d9410,information_gain,2,2,False,3,3.5641099120632815,next-10,pass
29,s29-test-12-6,3f732ba937b683ddc3f19b4c475d9410,information_gain,3,3,False,3,3.2915901900920197,next-2,pass
29,s29-test-12-6,3f732ba937b683ddc3f19b4c475d9410,information_gain,4,4,False,2,3.0315124942351654,next-7,pass
29,s29-test-12-6,3f732ba937b683ddc3f19b4c475d9410,random,0,0,False,4,1.9787637397154467,,
29,s29-test-12-6,3f732ba937b683ddc3f19b4c475d9410,random,1,1,False,4,1.6870046565026975,next-8,pass
29,s29-test-12-6,3f732ba937b683ddc3f19b4c475d9410,random,2,2,False,3,1.4553510310325308,next-7,pass
29,s29-test-12-6,3f732ba937b683ddc3f19b4c475d9410,random,3,3,False,3,1.3198358934015373,next-3,pass
29,s29-test-12-6,3f732ba937b683ddc3f19b4c475d9410,random,4,4,True,1,1.8149197031120399,next-5,fail
29,s29-test-12-7,3f732ba937b683ddc3f19b4c475d9410,information_gain,0,0,False,6,3.398889191918922,,
29,s29-test-12-7,3f732ba937b683ddc3f19b4c475d9410,information_gain,1,1,False,5,3.157265599233959,next-4,pass
29,s29-test-12-7,3f732ba937b683ddc3f19b4c475d9410,information_gain,2,2,False,5,2.996094130845066,next-10,pass
29,s29-test-12-7,3f732ba937b683ddc3f19b4c475d9410,information_gain,3,3,False,8,2.8146690306805136,next-11,pass
29,s29-test-12-7,3f732ba937b683ddc3f19b4c475d9410,information_gain,4,4,False,7,2.607172986311131,next-3,pass
29,s29-test-12-7,3f732ba937b683ddc3f19b4c475d9410,random,0,0,False,6,3.398889191918922,,
29,s29-test-12-7,3f732ba937b683ddc3f19b4c475d9410,random,1,1,False,6,3.363313357511211,next-0,pass
29,s29-test-12-7,3f732ba937b683ddc3f19b4c475d9410,random,2,2,False,7,1.6339312228392942,next-7,fail
29,s29-test-12-7,3f732ba937b683ddc3f19b4c475d9410,random,3,3,False,7,1.6135521410965894,next-6,pass
29,s29-test-12-7,3f732ba937b683ddc3f19b4c475d9410,random,4,4,False,5,1.3959154609271627,next-3,pass
29,s29-test-12-8,3f732ba937b683ddc3f19b4c475d9410,information_gain,0,0,False,4,3.5223967774179203,,
29,s29-test-12-8,3f732ba937b683ddc3f19b4c475d9410,information_gain,1,1,False,4,3.1331739683501163,next-10,pass
29,s29-test-12-8,3f732ba937b683ddc3f19b4c475d9410,information_gain,2,2,False,4,2.9690112232632444,next-6,pass
29,s29-test-12-8,3f732ba937b683ddc3f19b4c475d9410,information_gain,3,3,False,4,2.840089062877645,next-9,pass
29,s29-test-12-8,3f732ba937b683ddc3f19b4c475d9410,information_gain,4,4,False,4,2.6673418560550304,next-7,pass
29,s29-test-12-8,3f732ba937b683ddc3f19b4c475d9410,random,0,0,False,4,3.5223967774179203,,
29,s29-test-12-8,3f732ba937b683ddc3f19b4c475d9410,random,1,1,False,4,3.434000060257846,next-11,pass
29,s29-test-12-8,3f732ba937b683ddc3f19b4c475d9410,random,2,2,False,4,3.3926844543862957,next-1,pass
29,s29-test-12-8,3f732ba937b683ddc3f19b4c475d9410,random,3,3,False,4,3.288822998380759,next-0,pass
29,s29-test-12-8,3f732ba937b683ddc3f19b4c475d9410,random,4,4,False,4,3.141393470788087,next-8,pass
29,s29-test-12-9,3f732ba937b683ddc3f19b4c475d9410,information_gain,0,0,False,4,3.468656038207377,,
29,s29-test-12-9,3f732ba937b683ddc3f19b4c475d9410,information_gain,1,1,True,1,2.25505655904627,next-0,fail
29,s29-test-12-9,3f732ba937b683ddc3f19b4c475d9410,information_gain,2,2,True,1,1.3851468746467672,next-3,fail
29,s29-test-12-9,3f732ba937b683ddc3f19b4c475d9410,information_gain,3,3,True,1,0.258708003288562,next-7,fail
29,s29-test-12-9,3f732ba937b683ddc3f19b4c475d9410,information_gain,4,4,True,1,0.014695060640302397,next-2,fail
29,s29-test-12-9,3f732ba937b683ddc3f19b4c475d9410,random,0,0,False,4,3.468656038207377,,
29,s29-test-12-9,3f732ba937b683ddc3f19b4c475d9410,random,1,1,False,4,3.398889191918922,next-1,pass
29,s29-test-12-9,3f732ba937b683ddc3f19b4c475d9410,random,2,2,False,4,3.302249667473925,next-5,pass
29,s29-test-12-9,3f732ba937b683ddc3f19b4c475d9410,random,3,3,False,4,3.2180016402106197,next-11,pass
29,s29-test-12-9,3f732ba937b683ddc3f19b4c475d9410,random,4,4,False,4,3.1973256911880776,next-4,pass
29,s29-test-12-10,3f732ba937b683ddc3f19b4c475d9410,information_gain,0,0,True,1,2.007274371248275,,
29,s29-test-12-10,3f732ba937b683ddc3f19b4c475d9410,information_gain,1,1,True,1,1.718081015508446,next-0,pass
29,s29-test-12-10,3f732ba937b683ddc3f19b4c475d9410,information_gain,2,2,True,1,1.3958989535388662,next-5,pass
29,s29-test-12-10,3f732ba937b683ddc3f19b4c475d9410,information_gain,3,3,True,1,1.2601228102745174,next-1,pass
29,s29-test-12-10,3f732ba937b683ddc3f19b4c475d9410,information_gain,4,4,True,1,1.118134895056799,next-2,pass
29,s29-test-12-10,3f732ba937b683ddc3f19b4c475d9410,random,0,0,True,1,2.007274371248275,,
29,s29-test-12-10,3f732ba937b683ddc3f19b4c475d9410,random,1,1,True,1,1.9157782554851264,next-10,pass
29,s29-test-12-10,3f732ba937b683ddc3f19b4c475d9410,random,2,2,True,1,1.6216218127147952,next-5,pass
29,s29-test-12-10,3f732ba937b683ddc3f19b4c475d9410,random,3,3,True,1,1.6039768853570646,next-6,pass
29,s29-test-12-10,3f732ba937b683ddc3f19b4c475d9410,random,4,4,True,1,1.568477144982574,next-11,pass
29,s29-test-12-11,3f732ba937b683ddc3f19b4c475d9410,information_gain,0,0,False,4,3.636177374221306,,
29,s29-test-12-11,3f732ba937b683ddc3f19b4c475d9410,information_gain,1,1,False,3,3.3774539025631647,next-11,pass
29,s29-test-12-11,3f732ba937b683ddc3f19b4c475d9410,information_gain,2,2,False,3,3.177334474164507,next-0,pass
29,s29-test-12-11,3f732ba937b683ddc3f19b4c475d9410,information_gain,3,3,False,3,2.918552872532864,next-1,pass
29,s29-test-12-11,3f732ba937b683ddc3f19b4c475d9410,information_gain,4,4,True,1,1.4615392382198398,next-2,fail
29,s29-test-12-11,3f732ba937b683ddc3f19b4c475d9410,random,0,0,False,4,3.636177374221306,,
29,s29-test-12-11,3f732ba937b683ddc3f19b4c475d9410,random,1,1,False,4,3.468656038207377,next-4,pass
29,s29-test-12-11,3f732ba937b683ddc3f19b4c475d9410,random,2,2,False,4,3.280556521995007,next-0,pass
29,s29-test-12-11,3f732ba937b683ddc3f19b4c475d9410,random,3,3,False,4,3.199000351814548,next-8,pass
29,s29-test-12-11,3f732ba937b683ddc3f19b4c475d9410,random,4,4,False,3,3.088261683901516,next-7,pass
29,s29-test-13-0,0fdde2bdfa6976d3567ac95643824ce1,information_gain,0,0,False,10,3.826421334557253,,
29,s29-test-13-0,0fdde2bdfa6976d3567ac95643824ce1,information_gain,1,1,False,3,2.3530622522590185,next-4,fail
29,s29-test-13-0,0fdde2bdfa6976d3567ac95643824ce1,information_gain,2,2,True,1,2.3327982792829616,next-5,pass
29,s29-test-13-0,0fdde2bdfa6976d3567ac95643824ce1,information_gain,3,3,True,1,0.20976741215747505,next-10,fail
29,s29-test-13-0,0fdde2bdfa6976d3567ac95643824ce1,information_gain,4,4,True,1,0.1467612074634951,next-7,pass
29,s29-test-13-0,0fdde2bdfa6976d3567ac95643824ce1,random,0,0,False,10,3.826421334557253,,
29,s29-test-13-0,0fdde2bdfa6976d3567ac95643824ce1,random,1,1,False,8,3.6797744542314526,next-5,pass
29,s29-test-13-0,0fdde2bdfa6976d3567ac95643824ce1,random,2,2,False,7,3.600676175683141,next-9,pass
29,s29-test-13-0,0fdde2bdfa6976d3567ac95643824ce1,random,3,3,False,5,3.428856455614164,next-6,pass
29,s29-test-13-0,0fdde2bdfa6976d3567ac95643824ce1,random,4,4,False,5,3.393128218405803,next-1,pass
29,s29-test-13-1,0fdde2bdfa6976d3567ac95643824ce1,information_gain,0,0,False,10,3.826421334557253,,
29,s29-test-13-1,0fdde2bdfa6976d3567ac95643824ce1,information_gain,1,1,False,7,3.600676175683141,next-4,pass
29,s29-test-13-1,0fdde2bdfa6976d3567ac95643824ce1,information_gain,2,2,False,6,3.393128218405803,next-9,pass
29,s29-test-13-1,0fdde2bdfa6976d3567ac95643824ce1,information_gain,3,3,False,4,3.1934686357563224,next-0,pass
29,s29-test-13-1,0fdde2bdfa6976d3567ac95643824ce1,information_gain,4,4,True,1,1.6958412667636842,next-10,fail
29,s29-test-13-1,0fdde2bdfa6976d3567ac95643824ce1,random,0,0,False,10,3.826421334557253,,
29,s29-test-13-1,0fdde2bdfa6976d3567ac95643824ce1,random,1,1,False,8,3.6797744542314526,next-7,pass
29,s29-test-13-1,0fdde2bdfa6976d3567ac95643824ce1,random,2,2,True,1,2.0426952828919234,next-10,fail
29,s29-test-13-1,0fdde2bdfa6976d3567ac95643824ce1,random,3,3,True,1,1.9784796300831264,next-8,pass
29,s29-test-13-1,0fdde2bdfa6976d3567ac95643824ce1,random,4,4,True,1,1.8910848458417193,next-1,pass
29,s29-test-13-2,0fdde2bdfa6976d3567ac95643824ce1,information_gain,0,0,False,8,3.774032073759698,,
29,s29-test-13-2,0fdde2bdfa6976d3567ac95643824ce1,information_gain,1,1,False,8,3.6209920621696154,next-5,pass
29,s29-test-13-2,0fdde2bdfa6976d3567ac95643824ce1,information_gain,2,2,False,8,3.50062295258008,next-7,pass
29,s29-test-13-2,0fdde2bdfa6976d3567ac95643824ce1,information_gain,3,3,False,7,3.404117498849983,next-11,pass
29,s29-test-13-2,0fdde2bdfa6976d3567ac95643824ce1,information_gain,4,4,False,6,3.3063115477843175,next-2,pass
29,s29-test-13-2,0fdde2bdfa6976d3567ac95643824ce1,random,0,0,False,8,3.774032073759698,,
29,s29-test-13-2,0fdde2bdfa6976d3567ac95643824ce1,random,1,1,False,8,3.6713677704637218,next-9,pass
29,s29-test-13-2,0fdde2bdfa6976d3567ac95643824ce1,random,2,2,False,8,3.5062219468527744,next-5,pass
29,s29-test-13-2,0fdde2bdfa6976d3567ac95643824ce1,random,3,3,False,8,1.7941876908485739,next-3,fail
29,s29-test-13-2,0fdde2bdfa6976d3567ac95643824ce1,random,4,4,False,7,1.6915484364239421,next-2,pass
29,s29-test-13-3,0fdde2bdfa6976d3567ac95643824ce1,information_gain,0,0,True,1,1.189594218852243,,
29,s29-test-13-3,0fdde2bdfa6976d3567ac95643824ce1,information_gain,1,1,False,2,0.7601179351418779,next-0,pass
29,s29-test-13-3,0fdde2bdfa6976d3567ac95643824ce1,information_gain,2,2,True,1,1.3961522367666805,next-9,fail
29,s29-test-13-3,0fdde2bdfa6976d3567ac95643824ce1,information_gain,3,3,True,1,0.16972290471157397,next-4,fail
29,s29-test-13-3,0fdde2bdfa6976d3567ac95643824ce1,information_gain,4,4,True,1,0.009659304994226478,next-10,fail
29,s29-test-13-3,0fdde2bdfa6976d3567ac95643824ce1,random,0,0,True,1,1.189594218852243,,
29,s29-test-13-3,0fdde2bdfa6976d3567ac95643824ce1,random,1,1,True,1,0.4087437072173407,next-9,fail
29,s29-test-13-3,0fdde2bdfa6976d3567ac95643824ce1,random,2,2,True,1,0.4083008877846794,next-5,pass
29,s29-test-13-3,0fdde2bdfa6976d3567ac95643824ce1,random,3,3,True,1,1.3939820182166973,next-0,pass
29,s29-test-13-3,0fdde2bdfa6976d3567ac95643824ce1,random,4,4,True,1,1.38963935771047,next-2,pass
29,s29-test-13-4,0fdde2bdfa6976d3567ac95643824ce1,information_gain,0,0,False,7,3.6505434255999996,,
29,s29-test-13-4,0fdde2bdfa6976d3567ac95643824ce1,information_gain,1,1,False,5,3.4502466932161724,next-11,pass
29,s29-test-13-4,0fdde2bdfa6976d3567ac95643824ce1,information_gain,2,2,False,3,3.2573918375251334,next-1,pass
29,s29-test-13-4,0fdde2bdfa6976d3567ac95643824ce1,information_gain,3,3,True,1,1.7469794428547718,next-2,fail
29,s29-test-13-4,0fdde2bdfa6976d3567ac95643824ce1,information_gain,4,4,True,1,0.16734209813874493,next-3,fail
29,s29-test-13-4,0fdde2bdfa6976d3567ac95643824ce1,random,0,0,False,7,3.6505434255999996,,
29,s29-test-13-4,0fdde2bdfa6976d3567ac95643824ce1,random,1,1,False,6,3.569558060939245,next-5,pass
29,s29-test-13-4,0fdde2bdfa6976d3567ac95643824ce1,random,2,2,True,1,2.0437463200360204,next-2,fail
29,s29-test-13-4,0fdde2bdfa6976d3567ac95643824ce1,random,3,3,True,1,1.9535878898148493,next-10,pass
29,s29-test-13-4,0fdde2bdfa6976d3567ac95643824ce1,random,4,4,True,1,1.6577580470292166,next-1,pass
29,s29-test-13-5,0fdde2bdfa6976d3567ac95643824ce1,information_gain,0,0,False,10,3.6797744542314526,,
29,s29-test-13-5,0fdde2bdfa6976d3567ac95643824ce1,information_gain,1,1,False,9,3.4502466932161724,next-1,pass
29,s29-test-13-5,0fdde2bdfa6976d3567ac95643824ce1,information_gain,2,2,False,7,3.2573918375251334,next-3,pass
29,s29-test-13-5,0fdde2bdfa6976d3567ac95643824ce1,information_gain,3,3,False,6,3.107561710513636,next-8,pass
29,s29-test-13-5,0fdde2bdfa6976d3567ac95643824ce1,information_gain,4,4,False,5,2.9718568510363377,next-10,pass
29,s29-test-13-5,0fdde2bdfa6976d3567ac95643824ce1,random,0,0,False,10,3.6797744542314526,,
29,s29-test-13-5,0fdde2bdfa6976d3567ac95643824ce1,random,1,1,False,10,3.6505434255999996,next-4,pass
29,s29-test-13-5,0fdde2bdfa6976d3567ac95643824ce1,random,2,2,False,10,3.591114455083995,next-2,pass
29,s29-test-13-5,0fdde2bdfa6976d3567ac95643824ce1,random,3,3,False,10,3.5062219468527744,next-11,pass
29,s29-test-13-5,0fdde2bdfa6976d3567ac95643824ce1,random,4,4,False,9,3.416137463837658,next-5,pass
29,s29-test-13-6,0fdde2bdfa6976d3567ac95643824ce1,information_gain,0,0,True,1,2.1055815508421833,,
29,s29-test-13-6,0fdde2bdfa6976d3567ac95643824ce1,information_gain,1,1,True,1,0.5172054081267733,next-4,fail
29,s29-test-13-6,0fdde2bdfa6976d3567ac95643824ce1,information_gain,2,2,True,1,0.34197279900467953,next-2,pass
29,s29-test-13-6,0fdde2bdfa6976d3567ac95643824ce1,information_gain,3,3,True,1,0.3055697874731078,next-10,pass
29,s29-test-13-6,0fdde2bdfa6976d3567ac95643824ce1,information_gain,4,4,True,1,0.2944782538361162,next-7,pass
29,s29-test-13-6,0fdde2bdfa6976d3567ac95643824ce1,random,0,0,True,1,2.1055815508421833,,
29,s29-test-13-6,0fdde2bdfa6976d3567ac95643824ce1,random,1,1,True,1,0.5172054081267733,next-4,fail
29,s29-test-13-6,0fdde2bdfa6976d3567ac95643824ce1,random,2,2,True,1,0.5080099868940476,next-3,pass
29,s29-test-13-6,0fdde2bdfa6976d3567ac95643824ce1,random,3,3,True,1,0.505562425528575,next-9,pass
29,s29-test-13-6,0fdde2bdfa6976d3567ac95643824ce1,random,4,4,True,1,0.3309542018097695,next-2,pass
29,s29-test-13-7,0fdde2bdfa6976d3567ac95643824ce1,information_gain,0,0,False,9,2.1209670565914336,,
29,s29-test-13-7,0fdde2bdfa6976d3567ac95643824ce1,information_gain,1,1,False,4,2.7309662452610053,next-10,fail
29,s29-test-13-7,0fdde2bdfa6976d3567ac95643824ce1,information_gain,2,2,False,2,1.4428676929230801,next-11,fail
29,s29-test-13-7,0fdde2bdfa6976d3567ac95643824ce1,information_gain,3,3,True,1,1.1615970078521063,next-6,pass
29,s29-test-13-7,0fdde2bdfa6976d3567ac95643824ce1,information_gain,4,4,True,1,0.08283236205709556,next-1,fail
29,s29-test-13-7,0fdde2bdfa6976d3567ac95643824ce1,random,0,0,False,9,2.1209670565914336,,
29,s29-test-13-7,0fdde2bdfa6976d3567ac95643824ce1,random,1,1,False,8,2.0320078008091396,next-7,pass
29,s29-test-13-7,0fdde2bdfa6976d3567ac95643824ce1,random,2,2,False,6,1.8447993954357018,next-8,pass
29,s29-test-13-7,0fdde2bdfa6976d3567ac95643824ce1,random,3,3,False,4,1.6261043814925928,next-6,pass
29,s29-test-13-7,0fdde2bdfa6976d3567ac95643824ce1,random,4,4,False,2,1.8347816887150834,next-1,fail
29,s29-test-13-8,0fdde2bdfa6976d3567ac95643824ce1,information_gain,0,0,True,1,3.8003533868661887,,
29,s29-test-13-8,0fdde2bdfa6976d3567ac95643824ce1,information_gain,1,1,True,1,3.6209920621696154,next-4,pass
29,s29-test-13-8,0fdde2bdfa6976d3567ac95643824ce1,information_gain,2,2,True,1,3.4502466932161724,next-6,pass
29,s29-test-13-8,0fdde2bdfa6976d3567ac95643824ce1,information_gain,3,3,True,1,3.320208333644088,next-7,pass
29,s29-test-13-8,0fdde2bdfa6976d3567ac95643824ce1,information_gain,4,4,True,1,3.217658845696948,next-1,pass
29,s29-test-13-8,0fdde2bdfa6976d3567ac95643824ce1,random,0,0,True,1,3.8003533868661887,,
29,s29-test-13-8,0fdde2bdfa6976d3567ac95643824ce1,random,1,1,True,1,3.7273428936085766,next-3,pass
29,s29-test-13-8,0fdde2bdfa6976d3567ac95643824ce1,random,2,2,True,1,3.6505434255999996,next-11,pass
29,s29-test-13-8,0fdde2bdfa6976d3567ac95643824ce1,random,3,3,True,1,3.569558060939245,next-1,pass
29,s29-test-13-8,0fdde2bdfa6976d3567ac95643824ce1,random,4,4,True,1,3.393128218405803,next-6,pass
29,s29-test-13-9,0fdde2bdfa6976d3567ac95643824ce1,information_gain,0,0,True,1,3.826421334557253,,
29,s29-test-13-9,0fdde2bdfa6976d3567ac95643824ce1,information_gain,1,1,True,1,3.569558060939245,next-6,pass
29,s29-test-13-9,0fdde2bdfa6976d3567ac95643824ce1,information_gain,2,2,False,3,1.9677841466447383,next-10,fail
29,s29-test-13-9,0fdde2bdfa6976d3567ac95643824ce1,information_gain,3,3,False,3,1.9513004620127223,next-2,pass
29,s29-test-13-9,0fdde2bdfa6976d3567ac95643824ce1,information_gain,4,4,False,3,1.7614658791951223,next-5,pass
29,s29-test-13-9,0fdde2bdfa6976d3567ac95643824ce1,random,0,0,True,1,3.826421334557253,,
29,s29-test-13-9,0fdde2bdfa6976d3567ac95643824ce1,random,1,1,True,1,3.6505434255999996,next-0,pass
29,s29-test-13-9,0fdde2bdfa6976d3567ac95643824ce1,random,2,2,True,1,3.483929267407123,next-5,pass
29,s29-test-13-9,0fdde2bdfa6976d3567ac95643824ce1,random,3,3,True,1,3.2965431936135383,next-3,pass
29,s29-test-13-9,0fdde2bdfa6976d3567ac95643824ce1,random,4,4,True,1,3.2573918375251334,next-8,pass
29,s29-test-13-10,0fdde2bdfa6976d3567ac95643824ce1,information_gain,0,0,False,5,3.7549021245841057,,
29,s29-test-13-10,0fdde2bdfa6976d3567ac95643824ce1,information_gain,1,1,False,2,2.510979070769645,next-1,fail
29,s29-test-13-10,0fdde2bdfa6976d3567ac95643824ce1,information_gain,2,2,False,2,1.351065801681249,next-3,fail
29,s29-test-13-10,0fdde2bdfa6976d3567ac95643824ce1,information_gain,3,3,True,1,0.2518291648165655,next-10,fail
29,s29-test-13-10,0fdde2bdfa6976d3567ac95643824ce1,information_gain,4,4,True,1,0.08476949087033628,next-7,pass
29,s29-test-13-10,0fdde2bdfa6976d3567ac95643824ce1,random,0,0,False,5,3.7549021245841057,,
29,s29-test-13-10,0fdde2bdfa6976d3567ac95643824ce1,random,1,1,False,5,3.6797744542314526,next-2,pass
29,s29-test-13-10,0fdde2bdfa6976d3567ac95643824ce1,random,2,2,False,2,2.4732285949274093,next-1,fail
29,s29-test-13-10,0fdde2bdfa6976d3567ac95643824ce1,random,3,3,False,2,2.5670957138454904,next-11,fail
29,s29-test-13-10,0fdde2bdfa6976d3567ac95643824ce1,random,4,4,True,1,2.441851395589539,next-7,pass
29,s29-test-13-11,0fdde2bdfa6976d3567ac95643824ce1,information_gain,0,0,False,5,3.8699205130451926,,
29,s29-test-13-11,0fdde2bdfa6976d3567ac95643824ce1,information_gain,1,1,False,4,3.6453943320654347,next-11,pass
29,s29-test-13-11,0fdde2bdfa6976d3567ac95643824ce1,information_gain,2,2,False,2,3.4780475733630567,next-3,pass
29,s29-test-13-11,0fdde2bdfa6976d3567ac95643824ce1,information_gain,3,3,False,2,3.3137320094130005,next-4,pass
29,s29-test-13-11,0fdde2bdfa6976d3567ac95643824ce1,information_gain,4,4,False,2,3.1702150543615732,next-6,pass
29,s29-test-13-11,0fdde2bdfa6976d3567ac95643824ce1,random,0,0,False,5,3.8699205130451926,,
29,s29-test-13-11,0fdde2bdfa6976d3567ac95643824ce1,random,1,1,False,3,3.7273428936085766,next-3,pass
29,s29-test-13-11,0fdde2bdfa6976d3567ac95643824ce1,random,2,2,False,2,3.483929267407123,next-4,pass
29,s29-test-13-11,0fdde2bdfa6976d3567ac95643824ce1,random,3,3,False,2,3.3505124251500047,next-2,pass
29,s29-test-13-11,0fdde2bdfa6976d3567ac95643824ce1,random,4,4,False,2,3.2755004207909786,next-9,pass
29,s29-test-14-0,188631690840c54b09a6f582a0e92183,information_gain,0,0,True,1,3.6797744542314526,,
29,s29-test-14-0,188631690840c54b09a6f582a0e92183,information_gain,1,1,True,1,3.428856455614164,next-0,pass
29,s29-test-14-0,188631690840c54b09a6f582a0e92183,information_gain,2,2,True,1,3.1934686357563224,next-6,pass
29,s29-test-14-0,188631690840c54b09a6f582a0e92183,information_gain,3,3,False,4,1.8920572214576046,next-1,fail
29,s29-test-14-0,188631690840c54b09a6f582a0e92183,information_gain,4,4,False,4,1.7816407201883548,next-4,pass
29,s29-test-14-0,188631690840c54b09a6f582a0e92183,random,0,0,True,1,3.6797744542314526,,
29,s29-test-14-0,188631690840c54b09a6f582a0e92183,random,1,1,True,1,3.600676175683141,next-7,pass
29,s29-test-14-0,188631690840c54b09a6f582a0e92183,random,2,2,True,1,3.483929267407123,next-4,pass
29,s29-test-14-0,188631690840c54b09a6f582a0e92183,random,3,3,True,1,3.393128218405803,next-8,pass
29,s29-test-14-0,188631690840c54b09a6f582a0e92183,random,4,4,True,1,3.1934686357563224,next-3,pass
29,s29-test-14-1,188631690840c54b09a6f582a0e92183,information_gain,0,0,True,1,3.7273428936085766,,
29,s29-test-14-1,188631690840c54b09a6f582a0e92183,information_gain,1,1,True,1,3.483929267407123,next-0,pass
29,s29-test-14-1,188631690840c54b09a6f582a0e92183,information_gain,2,2,True,1,3.2965431936135383,next-6,pass
29,s29-test-14-1,188631690840c54b09a6f582a0e92183,information_gain,3,3,True,1,3.1508615889894767,next-1,pass
29,s29-test-14-1,188631690840c54b09a6f582a0e92183,information_gain,4,4,True,1,2.988804354735239,next-8,pass
29,s29-test-14-1,188631690840c54b09a6f582a0e92183,random,0,0,True,1,3.7273428936085766,,
29,s29-test-14-1,188631690840c54b09a6f582a0e92183,random,1,1,True,1,3.569558060939245,next-2,pass
29,s29-test-14-1,188631690840c54b09a6f582a0e92183,random,2,2,True,1,3.393128218405803,next-10,pass
29,s29-test-14-1,188631690840c54b09a6f582a0e92183,random,3,3,True,1,3.3505124251500047,next-11,pass
29,s29-test-14-1,188631690840c54b09a6f582a0e92183,random,4,4,True,1,3.210632085101747,next-6,pass
29,s29-test-14-2,188631690840c54b09a6f582a0e92183,information_gain,0,0,False,5,3.6797744542314526,,
29,s29-test-14-2,188631690840c54b09a6f582a0e92183,information_gain,1,1,False,5,3.483929267407123,next-10,pass
29,s29-test-14-2,188631690840c54b09a6f582a0e92183,information_gain,2,2,True,1,1.9019988659390992,next-11,fail
29,s29-test-14-2,188631690840c54b09a6f582a0e92183,information_gain,3,3,True,1,1.8125264613471954,next-0,pass
29,s29-test-14-2,188631690840c54b09a6f582a0e92183,information_gain,4,4,True,1,1.7304457096478107,next-4,pass
29,s29-test-14-2,188631690840c54b09a6f582a0e92183,random,0,0,False,5,3.6797744542314526,,
29,s29-test-14-2,188631690840c54b09a6f582a0e92183,random,1,1,False,5,3.5380757120355644,next-0,pass
29,s29-test-14-2,188631690840c54b09a6f582a0e92183,random,2,2,False,5,3.5062219468527744,next-1,pass
29,s29-test-14-2,188631690840c54b09a6f582a0e92183,random,3,3,False,5,3.50062295258008,next-7,pass
29,s29-test-14-2,188631690840c54b09a6f582a0e92183,random,4,4,False,5,3.3694445923155993,next-9,pass
29,s29-test-14-3,188631690840c54b09a6f582a0e92183,information_gain,0,0,False,12,3.7273428936085766,,
29,s29-test-14-3,188631690840c54b09a6f582a0e92183,information_gain,1,1,False,10,3.483929267407123,next-3,pass
29,s29-test-14-3,188631690840c54b09a6f582a0e92183,information_gain,2,2,False,8,3.2573918375251334,next-4,pass
29,s29-test-14-3,188631690840c54b09a6f582a0e92183,information_gain,3,3,False,8,1.7547588100434854,next-8,fail
29,s29-test-14-3,188631690840c54b09a6f582a0e92183,information_gain,4,4,False,8,1.6265829111578676,next-7,pass
29,s29-test-14-3,188631690840c54b09a6f582a0e92183,random,0,0,False,12,3.7273428936085766,,
29,s29-test-14-3,188631690840c54b09a6f582a0e92183,random,1,1,False,10,3.569558060939245,next-9,pass
29,s29-test-14-3,188631690840c54b09a6f582a0e92183,random,2,2,False,10,3.5380757120355644,next-2,pass
29,s29-test-14-3,188631690840c54b09a6f582a0e92183,random,3,3,False,9,3.3569158689986143,next-0,pass
29,s29-test-14-3,188631690840c54b09a6f582a0e92183,random,4,4,False,7,3.107561710513636,next-7,pass
29,s29-test-14-4,188631690840c54b09a6f582a0e92183,information_gain,0,0,False,13,3.8699205130451926,,
29,s29-test-14-4,188631690840c54b09a6f582a0e92183,information_gain,1,1,False,11,3.6505434255999996,next-10,pass
29,s29-test-14-4,188631690840c54b09a6f582a0e92183,information_gain,2,2,False,9,3.4780475733630567,next-2,pass
29,s29-test-14-4,188631690840c54b09a6f582a0e92183,information_gain,3,3,False,8,3.289686183547021,next-7,pass
29,s29-test-14-4,188631690840c54b09a6f582a0e92183,information_gain,4,4,False,7,3.143284808634617,next-11,pass
29,s29-test-14-4,188631690840c54b09a6f582a0e92183,random,0,0,False,13,3.8699205130451926,,
29,s29-test-14-4,188631690840c54b09a6f582a0e92183,random,1,1,False,10,3.6505434255999996,next-3,pass
29,s29-test-14-4,188631690840c54b09a6f582a0e92183,random,2,2,False,8,3.4780475733630567,next-2,pass
29,s29-test-14-4,188631690840c54b09a6f582a0e92183,random,3,3,False,7,3.38679615925918,next-0,pass
29,s29-test-14-4,188631690840c54b09a6f582a0e92183,random,4,4,False,6,3.289686183547021,next-8,pass
29,s29-test-14-5,188631690840c54b09a6f582a0e92183,information_gain,0,0,False,2,3.6505434255999996,,
29,s29-test-14-5,188631690840c54b09a6f582a0e92183,information_gain,1,1,True,1,2.2733210030680246,next-5,fail
29,s29-test-14-5,188631690840c54b09a6f582a0e92183,information_gain,2,2,True,1,2.196475494611387,next-8,pass
29,s29-test-14-5,188631690840c54b09a6f582a0e92183,information_gain,3,3,True,1,0.37373012889315516,next-0,fail
29,s29-test-14-5,188631690840c54b09a6f582a0e92183,information_gain,4,4,True,1,1.5608981929794286,next-10,pass
29,s29-test-14-5,188631690840c54b09a6f582a0e92183,random,0,0,False,2,3.6505434255999996,,
29,s29-test-14-5,188631690840c54b09a6f582a0e92183,random,1,1,False,2,3.393128218405803,next-11,pass
29,s29-test-14-5,188631690840c54b09a6f582a0e92183,random,2,2,False,2,3.2965431936135383,next-2,pass
29,s29-test-14-5,188631690840c54b09a6f582a0e92183,random,3,3,False,2,3.107561710513636,next-3,pass
29,s29-test-14-5,188631690840c54b09a6f582a0e92183,random,4,4,True,1,1.875620568124184,next-5,fail
29,s29-test-14-6,188631690840c54b09a6f582a0e92183,information_gain,0,0,True,1,3.8003533868661887,,
29,s29-test-14-6,188631690840c54b09a6f582a0e92183,information_gain,1,1,True,1,3.6453943320654347,next-11,pass
29,s29-test-14-6,188631690840c54b09a6f582a0e92183,information_gain,2,2,False,3,2.135217451228393,next-4,fail
29,s29-test-14-6,188631690840c54b09a6f582a0e92183,information_gain,3,3,False,3,3.587603778995523,next-0,pass
29,s29-test-14-6,188631690840c54b09a6f582a0e92183,information_gain,4,4,False,2,3.5883092083171193,next-10,pass
29,s29-test-14-6,188631690840c54b09a6f582a0e92183,random,0,0,True,1,3.8003533868661887,,
29,s29-test-14-6,188631690840c54b09a6f582a0e92183,random,1,1,True,1,3.7273428936085766,next-9,pass
29,s29-test-14-6,188631690840c54b09a6f582a0e92183,random,2,2,True,1,3.6505434255999996,next-8,pass
29,s29-test-14-6,188631690840c54b09a6f582a0e92183,random,3,3,True,1,3.569558060939245,next-3,pass
29,s29-test-14-6,188631690840c54b09a6f582a0e92183,random,4,4,True,1,3.483929267407123,next-6,pass
29,s29-test-14-7,188631690840c54b09a6f582a0e92183,information_gain,0,0,False,4,2.3530622522590185,,
29,s29-test-14-7,188631690840c54b09a6f582a0e92183,information_gain,1,1,False,4,2.132739995456465,next-5,pass
29,s29-test-14-7,188631690840c54b09a6f582a0e92183,information_gain,2,2,False,3,1.921735387870854,next-9,pass
29,s29-test-14-7,188631690840c54b09a6f582a0e92183,information_gain,3,3,False,3,1.7168111122612342,next-3,pass
29,s29-test-14-7,188631690840c54b09a6f582a0e92183,information_gain,4,4,False,3,1.6337182347625407,next-11,pass
29,s29-test-14-7,188631690840c54b09a6f582a0e92183,random,0,0,False,4,2.3530622522590185,,
29,s29-test-14-7,188631690840c54b09a6f582a0e92183,random,1,1,False,4,2.2592629877306334,next-8,pass
29,s29-test-14-7,188631690840c54b09a6f582a0e92183,random,2,2,False,4,2.0709285926391945,next-1,pass
29,s29-test-14-7,188631690840c54b09a6f582a0e92183,random,3,3,False,4,1.9434069155200964,next-7,pass
29,s29-test-14-7,188631690840c54b09a6f582a0e92183,random,4,4,False,4,1.9219872936085112,next-2,pass
29,s29-test-14-8,188631690840c54b09a6f582a0e92183,information_gain,0,0,False,8,3.6797744542314526,,
29,s29-test-14-8,188631690840c54b09a6f582a0e92183,information_gain,1,1,False,6,3.428856455614164,next-1,pass
29,s29-test-14-8,188631690840c54b09a6f582a0e92183,information_gain,2,2,False,6,3.2354012181371874,next-2,pass
29,s29-test-14-8,188631690840c54b09a6f582a0e92183,information_gain,3,3,False,2,1.707349793479966,next-6,fail
29,s29-test-14-8,188631690840c54b09a6f582a0e92183,information_gain,4,4,True,1,1.4713429097874708,next-9,pass
29,s29-test-14-8,188631690840c54b09a6f582a0e92183,random,0,0,False,8,3.6797744542314526,,
29,s29-test-14-8,188631690840c54b09a6f582a0e92183,random,1,1,False,8,3.5380757120355644,next-3,pass
29,s29-test-14-8,188631690840c54b09a6f582a0e92183,random,2,2,True,1,1.8576318600550858,next-4,fail
29,s29-test-14-8,188631690840c54b09a6f582a0e92183,random,3,3,True,1,1.639988891241988,next-1,pass
29,s29-test-14-8,188631690840c54b09a6f582a0e92183,random,4,4,True,1,1.4237099200437033,next-9,pass
29,s29-test-14-9,188631690840c54b09a6f582a0e92183,information_gain,0,0,False,8,3.7549021245841057,,
29,s29-test-14-9,188631690840c54b09a6f582a0e92183,information_gain,1,1,False,6,3.569558060939245,next-6,pass
29,s29-test-14-9,188631690840c54b09a6f582a0e92183,information_gain,2,2,True,1,1.9677841466447383,next-2,fail
29,s29-test-14-9,188631690840c54b09a6f582a0e92183,information_gain,3,3,True,1,1.9535878898148493,next-4,pass
29,s29-test-14-9,188631690840c54b09a6f582a0e92183,information_gain,4,4,True,1,1.827464190143375,next-8,pass
29,s29-test-14-9,188631690840c54b09a6f582a0e92183,random,0,0,False,8,3.7549021245841057,,
29,s29-test-14-9,188631690840c54b09a6f582a0e92183,random,1,1,False,8,3.6209920621696154,next-8,pass
29,s29-test-14-9,188631690840c54b09a6f582a0e92183,random,2,2,False,8,3.5380757120355644,next-4,pass
29,s29-test-14-9,188631690840c54b09a6f582a0e92183,random,3,3,False,7,3.4502466932161724,next-5,pass
29,s29-test-14-9,188631690840c54b09a6f582a0e92183,random,4,4,False,7,3.381592470539131,next-0,pass
29,s29-test-14-10,188631690840c54b09a6f582a0e92183,information_gain,0,0,False,3,2.25267676601188,,
29,s29-test-14-10,188631690840c54b09a6f582a0e92183,information_gain,1,1,False,2,0.8943618912109514,next-5,fail
29,s29-test-14-10,188631690840c54b09a6f582a0e92183,information_gain,2,2,False,2,2.1260198289491345,next-4,pass
29,s29-test-14-10,188631690840c54b09a6f582a0e92183,information_gain,3,3,True,1,1.0336696778381582,next-7,fail
29,s29-test-14-10,188631690840c54b09a6f582a0e92183,information_gain,4,4,True,1,0.5062388685659516,next-0,pass
29,s29-test-14-10,188631690840c54b09a6f582a0e92183,random,0,0,False,3,2.25267676601188,,
29,s29-test-14-10,188631690840c54b09a6f582a0e92183,random,1,1,True,1,1.8988751414211777,next-3,fail
29,s29-test-14-10,188631690840c54b09a6f582a0e92183,random,2,2,True,1,1.8239884645069708,next-0,pass
29,s29-test-14-10,188631690840c54b09a6f582a0e92183,random,3,3,True,1,1.788671584254099,next-1,pass
29,s29-test-14-10,188631690840c54b09a6f582a0e92183,random,4,4,True,1,0.21506804486568218,next-2,fail
29,s29-test-14-11,188631690840c54b09a6f582a0e92183,information_gain,0,0,True,1,2.146058963488797,,
29,s29-test-14-11,188631690840c54b09a6f582a0e92183,information_gain,1,1,True,1,0.7345855542609163,next-10,fail
29,s29-test-14-11,188631690840c54b09a6f582a0e92183,information_gain,2,2,True,1,0.583753721196433,next-0,pass
29,s29-test-14-11,188631690840c54b09a6f582a0e92183,information_gain,3,3,True,1,0.5660187914794702,next-1,pass
29,s29-test-14-11,188631690840c54b09a6f582a0e92183,information_gain,4,4,True,1,0.5482282196695913,next-7,pass
29,s29-test-14-11,188631690840c54b09a6f582a0e92183,random,0,0,True,1,2.146058963488797,,
29,s29-test-14-11,188631690840c54b09a6f582a0e92183,random,1,1,True,1,1.9694892899485432,next-1,pass
29,s29-test-14-11,188631690840c54b09a6f582a0e92183,random,2,2,True,1,1.8767117983294357,next-4,pass
29,s29-test-14-11,188631690840c54b09a6f582a0e92183,random,3,3,True,1,1.7638757671137122,next-7,pass
29,s29-test-14-11,188631690840c54b09a6f582a0e92183,random,4,4,True,1,1.6639503959667585,next-11,pass
29,s29-test-15-0,03b745a9abd0fb593c49e86bf941d817,information_gain,0,0,True,1,2.132739995456465,,
29,s29-test-15-0,03b745a9abd0fb593c49e86bf941d817,information_gain,1,1,True,1,1.9829510517453441,next-2,pass
29,s29-test-15-0,03b745a9abd0fb593c49e86bf941d817,information_gain,2,2,True,1,1.6774457043628788,next-0,pass
29,s29-test-15-0,03b745a9abd0fb593c49e86bf941d817,information_gain,3,3,True,1,1.4574674499086744,next-5,pass
29,s29-test-15-0,03b745a9abd0fb593c49e86bf941d817,information_gain,4,4,True,1,1.324704245003747,next-10,pass
29,s29-test-15-0,03b745a9abd0fb593c49e86bf941d817,random,0,0,True,1,2.132739995456465,,
29,s29-test-15-0,03b745a9abd0fb593c49e86bf941d817,random,1,1,True,1,2.0709285926391945,next-1,pass
29,s29-test-15-0,03b745a9abd0fb593c49e86bf941d817,random,2,2,True,1,2.0605986184333562,next-6,pass
29,s29-test-15-0,03b745a9abd0fb593c49e86bf941d817,random,3,3,True,1,1.8760723279658578,next-2,pass
29,s29-test-15-0,03b745a9abd0fb593c49e86bf941d817,random,4,4,True,1,1.6774457043628788,next-5,pass
29,s29-test-15-1,03b745a9abd0fb593c49e86bf941d817,information_gain,0,0,False,2,2.157032051697936,,
29,s29-test-15-1,03b745a9abd0fb593c49e86bf941d817,information_gain,1,1,True,1,0.3522788095947069,next-9,fail
29,s29-test-15-1,03b745a9abd0fb593c49e86bf941d817,information_gain,2,2,True,1,0.3233509983972779,next-0,pass
29,s29-test-15-1,03b745a9abd0fb593c49e86bf941d817,information_gain,3,3,True,1,0.29443722731396427,next-10,pass
29,s29-test-15-1,03b745a9abd0fb593c49e86bf941d817,information_gain,4,4,True,1,0.2750803648067127,next-11,pass
29,s29-test-15-1,03b745a9abd0fb593c49e86bf941d817,random,0,0,False,2,2.157032051697936,,
29,s29-test-15-1,03b745a9abd0fb593c49e86bf941d817,random,1,1,False,3,2.3455342947592683,next-4,fail
29,s29-test-15-1,03b745a9abd0fb593c49e86bf941d817,random,2,2,False,3,2.202394654012292,next-0,pass
29,s29-test-15-1,03b745a9abd0fb593c49e86bf941d817,random,3,3,False,3,2.1535855422133787,next-8,pass
29,s29-test-15-1,03b745a9abd0fb593c49e86bf941d817,random,4,4,True,1,0.4881932106784465,next-9,fail
29,s29-test-15-2,03b745a9abd0fb593c49e86bf941d817,information_gain,0,0,False,4,2.1209670565914336,,
29,s29-test-15-2,03b745a9abd0fb593c49e86bf941d817,information_gain,1,1,True,1,2.5482936236419116,next-10,fail
29,s29-test-15-2,03b745a9abd0fb593c49e86bf941d817,information_gain,2,2,True,1,1.3558198137988449,next-7,fail
29,s29-test-15-2,03b745a9abd0fb593c49e86bf941d817,information_gain,3,3,True,1,1.022951450956249,next-6,pass
29,s29-test-15-2,03b745a9abd0fb593c49e86bf941d817,information_gain,4,4,True,1,0.73095060459997,next-9,pass
29,s29-test-15-2,03b745a9abd0fb593c49e86bf941d817,random,0,0,False,4,2.1209670565914336,,
29,s29-test-15-2,03b745a9abd0fb593c49e86bf941d817,random,1,1,False,4,1.9400110088686702,next-3,pass
29,s29-test-15-2,03b745a9abd0fb593c49e86bf941d817,random,2,2,True,1,2.473228594927409,next-7,fail
29,s29-test-15-2,03b745a9abd0fb593c49e86bf941d817,random,3,3,True,1,2.461032579328457,next-5,pass
29,s29-test-15-2,03b745a9abd0fb593c49e86bf941d817,random,4,4,True,1,2.414836139448807,next-4,pass
29,s29-test-15-3,03b745a9abd0fb593c49e86bf941d817,information_gain,0,0,True,1,3.774032073759698,,
29,s29-test-15-3,03b745a9abd0fb593c49e86bf941d817,information_gain,1,1,True,1,3.4502466932161724,next-10,pass
29,s29-test-15-3,03b745a9abd0fb593c49e86bf941d817,information_gain,2,2,True,1,3.250450907873206,next-4,pass
29,s29-test-15-3,03b745a9abd0fb593c49e86bf941d817,information_gain,3,3,True,1,3.0998823655794494,next-9,pass
29,s29-test-15-3,03b745a9abd0fb593c49e86bf941d817,information_gain,4,4,True,1,2.980338978362932,next-11,pass
29,s29-test-15-3,03b745a9abd0fb593c49e86bf941d817,random,0,0,True,1,3.774032073759698,,
29,s29-test-15-3,03b745a9abd0fb593c49e86bf941d817,random,1,1,True,1,3.61579602598933,next-4,pass
29,s29-test-15-3,03b745a9abd0fb593c49e86bf941d817,random,2,2,True,1,3.61504798480309,next-7,pass
29,s29-test-15-3,03b745a9abd0fb593c49e86bf941d817,random,3,3,True,1,3.499817131807719,next-5,pass
29,s29-test-15-3,03b745a9abd0fb593c49e86bf941d817,random,4,4,True,1,3.409266810542512,next-11,pass
29,s29-test-15-4,03b745a9abd0fb593c49e86bf941d817,information_gain,0,0,False,7,3.6505434255999996,,
29,s29-test-15-4,03b745a9abd0fb593c49e86bf941d817,information_gain,1,1,False,6,3.4502466932161724,next-1,pass
29,s29-test-15-4,03b745a9abd0fb593c49e86bf941d817,information_gain,2,2,False,6,3.2573918375251334,next-3,pass
29,s29-test-15-4,03b745a9abd0fb593c49e86bf941d817,information_gain,3,3,False,4,3.03637132159001,next-6,pass
29,s29-test-15-4,03b745a9abd0fb593c49e86bf941d817,information_gain,4,4,False,2,2.778950714174016,next-9,pass
29,s29-test-15-4,03b745a9abd0fb593c49e86bf941d817,random,0,0,False,7,3.6505434255999996,,
29,s29-test-15-4,03b745a9abd0fb593c49e86bf941d817,random,1,1,False,7,3.61579602598933,next-10,pass
29,s29-test-15-4,03b745a9abd0fb593c49e86bf941d817,random,2,2,False,7,3.580620566099081,next-2,pass
29,s29-test-15-4,03b745a9abd0fb593c49e86bf941d817,random,3,3,False,7,3.461859126598959,next-0,pass
29,s29-test-15-4,03b745a9abd0fb593c49e86bf941d817,random,4,4,False,5,3.268938514490062,next-9,pass
29,s29-test-15-5,03b745a9abd0fb593c49e86bf941d817,information_gain,0,0,False,4,2.3327982792829616,,
29,s29-test-15-5,03b745a9abd0fb593c49e86bf941d817,information_gain,1,1,False,3,2.172310887526657,next-8,pass
29,s29-test-15-5,03b745a9abd0fb593c49e86bf941d817,information_gain,2,2,False,3,1.9054431246073114,next-11,pass
29,s29-test-15-5,03b745a9abd0fb593c49e86bf941d817,information_gain,3,3,False,3,1.7119089649192893,next-9,pass
29,s29-test-15-5,03b745a9abd0fb593c49e86bf941d817,information_gain,4,4,False,3,1.5743761976478763,next-3,pass
29,s29-test-15-5,03b745a9abd0fb593c49e86bf941d817,random,0,0,False,4,2.3327982792829616,,
29,s29-test-15-5,03b745a9abd0fb593c49e86bf941d817,random,1,1,False,4,2.238727159024567,next-0,pass
29,s29-test-15-5,03b745a9abd0fb593c49e86bf941d817,random,2,2,False,4,2.1561384075057464,next-7,pass
29,s29-test-15-5,03b745a9abd0fb593c49e86bf941d817,random,3,3,False,4,2.0709271059443815,next-10,pass
29,s29-test-15-5,03b745a9abd0fb593c49e86bf941d817,random,4,4,False,4,1.8920572214576044,next-2,pass
29,s29-test-15-6,03b745a9abd0fb593c49e86bf941d817,information_gain,0,0,True,1,3.7549021245841057,,
29,s29-test-15-6,03b745a9abd0fb593c49e86bf941d817,information_gain,1,1,False,4,2.25267676601188,next-0,fail
29,s29-test-15-6,03b745a9abd0fb593c49e86bf941d817,information_gain,2,2,False,4,2.238727159024567,next-10,pass
29,s29-test-15-6,03b745a9abd0fb593c49e86bf941d817,information_gain,3,3,False,4,3.5677747943655396,next-9,pass
29,s29-test-15-6,03b745a9abd0fb593c49e86bf941d817,information_gain,4,4,False,6,1.7318594125910192,next-8,fail
29,s29-test-15-6,03b745a9abd0fb593c49e86bf941d817,random,0,0,True,1,3.7549021245841057,,
29,s29-test-15-6,03b745a9abd0fb593c49e86bf941d817,random,1,1,True,1,3.600676175683141,next-1,pass
29,s29-test-15-6,03b745a9abd0fb593c49e86bf941d817,random,2,2,True,1,3.517194035333173,next-4,pass
29,s29-test-15-6,03b745a9abd0fb593c49e86bf941d817,random,3,3,False,4,2.1708369451366423,next-8,fail
29,s29-test-15-6,03b745a9abd0fb593c49e86bf941d817,random,4,4,False,4,1.9984481637662026,next-11,pass
29,s29-test-15-7,03b745a9abd0fb593c49e86bf941d817,information_gain,0,0,False,6,3.569558060939245,,
29,s29-test-15-7,03b745a9abd0fb593c49e86bf941d817,information_gain,1,1,False,6,3.38679615925918,next-0,pass
29,s29-test-15-7,03b745a9abd0fb593c49e86bf941d817,information_gain,2,2,True,1,1.8332295295787617,next-4,fail
29,s29-test-15-7,03b745a9abd0fb593c49e86bf941d817,information_gain,3,3,True,1,0.3040913113897115,next-6,fail
29,s29-test-15-7,03b745a9abd0fb593c49e86bf941d817,information_gain,4,4,True,1,0.28476692605098564,next-7,pass
29,s29-test-15-7,03b745a9abd0fb593c49e86bf941d817,random,0,0,False,6,3.569558060939245,,
29,s29-test-15-7,03b745a9abd0fb593c49e86bf941d817,random,1,1,False,6,3.483929267407123,next-9,pass
29,s29-test-15-7,03b745a9abd0fb593c49e86bf941d817,random,2,2,False,5,3.393128218405803,next-3,pass
29,s29-test-15-7,03b745a9abd0fb593c49e86bf941d817,random,3,3,False,6,1.626104381492593,next-11,fail
29,s29-test-15-7,03b745a9abd0fb593c49e86bf941d817,random,4,4,False,7,1.8603572234303667,next-5,fail
29,s29-test-15-8,03b745a9abd0fb593c49e86bf941d817,information_gain,0,0,False,4,2.1209670565914336,,
29,s29-test-15-8,03b745a9abd0fb593c49e86bf941d817,information_gain,1,1,False,4,3.7171535110745935,next-11,pass
29,s29-test-15-8,03b745a9abd0fb593c49e86bf941d817,information_gain,2,2,False,5,1.548403879164912,next-10,fail
29,s29-test-15-8,03b745a9abd0fb593c49e86bf941d817,information_gain,3,3,False,5,1.1132245502097626,next-9,pass
29,s29-test-15-8,03b745a9abd0fb593c49e86bf941d817,information_gain,4,4,False,5,0.9487078428336734,next-2,pass
29,s29-test-15-8,03b745a9abd0fb593c49e86bf941d817,random,0,0,False,4,2.1209670565914336,,
29,s29-test-15-8,03b745a9abd0fb593c49e86bf941d817,random,1,1,True,1,2.3530622522590185,next-7,fail
29,s29-test-15-8,03b745a9abd0fb593c49e86bf941d817,random,2,2,True,1,2.2592629877306334,next-9,pass
29,s29-test-15-8,03b745a9abd0fb593c49e86bf941d817,random,3,3,True,1,2.203482915215497,next-6,pass
29,s29-test-15-8,03b745a9abd0fb593c49e86bf941d817,random,4,4,True,1,2.054814791864329,next-2,pass
29,s29-test-15-9,03b745a9abd0fb593c49e86bf941d817,information_gain,0,0,True,1,2.146058963488797,,
29,s29-test-15-9,03b745a9abd0fb593c49e86bf941d817,information_gain,1,1,True,1,0.3901876370996532,next-3,fail
29,s29-test-15-9,03b745a9abd0fb593c49e86bf941d817,information_gain,2,2,True,1,0.06249239813934539,next-5,fail
29,s29-test-15-9,03b745a9abd0fb593c49e86bf941d817,information_gain,3,3,True,1,0.03436466826021331,next-2,pass
29,s29-test-15-9,03b745a9abd0fb593c49e86bf941d817,information_gain,4,4,True,1,0.02278203838353532,next-4,pass
29,s29-test-15-9,03b745a9abd0fb593c49e86bf941d817,random,0,0,True,1,2.146058963488797,,
29,s29-test-15-9,03b745a9abd0fb593c49e86bf941d817,random,1,1,True,1,2.0437463200360204,next-9,pass
29,s29-test-15-9,03b745a9abd0fb593c49e86bf941d817,random,2,2,True,1,0.3794217977512917,next-3,fail
29,s29-test-15-9,03b745a9abd0fb593c49e86bf941d817,random,3,3,True,1,0.36036314043820095,next-8,pass
29,s29-test-15-9,03b745a9abd0fb593c49e86bf941d817,random,4,4,True,1,0.31575425749259667,next-2,pass
29,s29-test-15-10,03b745a9abd0fb593c49e86bf941d817,information_gain,0,0,False,2,3.600676175683141,,
29,s29-test-15-10,03b745a9abd0fb593c49e86bf941d817,information_gain,1,1,False,2,3.335127024867432,next-2,pass
29,s29-test-15-10,03b745a9abd0fb593c49e86bf941d817,information_gain,2,2,False,2,3.0830991049430763,next-7,pass
29,s29-test-15-10,03b745a9abd0fb593c49e86bf941d817,information_gain,3,3,True,1,1.6240061361542635,next-8,fail
29,s29-test-15-10,03b745a9abd0fb593c49e86bf941d817,information_gain,4,4,True,1,1.4344080530910488,next-4,pass
29,s29-test-15-10,03b745a9abd0fb593c49e86bf941d817,random,0,0,False,2,3.600676175683141,,
29,s29-test-15-10,03b745a9abd0fb593c49e86bf941d817,random,1,1,False,2,3.483929267407123,next-10,pass
29,s29-test-15-10,03b745a9abd0fb593c49e86bf941d817,random,2,2,False,2,3.416137463837658,next-0,pass
29,s29-test-15-10,03b745a9abd0fb593c49e86bf941d817,random,3,3,False,2,3.3202083336440884,next-11,pass
29,s29-test-15-10,03b745a9abd0fb593c49e86bf941d817,random,4,4,False,2,3.2829941871678896,next-5,pass
29,s29-test-15-11,03b745a9abd0fb593c49e86bf941d817,information_gain,0,0,False,13,3.7549021245841057,,
29,s29-test-15-11,03b745a9abd0fb593c49e86bf941d817,information_gain,1,1,False,11,3.569558060939245,next-7,pass
29,s29-test-15-11,03b745a9abd0fb593c49e86bf941d817,information_gain,2,2,False,9,3.393128218405803,next-0,pass
29,s29-test-15-11,03b745a9abd0fb593c49e86bf941d817,information_gain,3,3,False,7,3.1934686357563224,next-4,pass
29,s29-test-15-11,03b745a9abd0fb593c49e86bf941d817,information_gain,4,4,False,6,3.03637132159001,next-5,pass
29,s29-test-15-11,03b745a9abd0fb593c49e86bf941d817,random,0,0,False,13,3.7549021245841057,,
29,s29-test-15-11,03b745a9abd0fb593c49e86bf941d817,random,1,1,False,12,3.6505434255999996,next-5,pass
29,s29-test-15-11,03b745a9abd0fb593c49e86bf941d817,random,2,2,False,11,3.5380757120355644,next-6,pass
29,s29-test-15-11,03b745a9abd0fb593c49e86bf941d817,random,3,3,False,10,3.416137463837658,next-9,pass
29,s29-test-15-11,03b745a9abd0fb593c49e86bf941d817,random,4,4,False,10,3.381592470539131,next-2,pass
29,s29-test-16-0,78b1ba311ce6213d1d5d589bf7a6ef20,information_gain,0,0,False,10,3.7068242151788424,,
29,s29-test-16-0,78b1ba311ce6213d1d5d589bf7a6ef20,information_gain,1,1,False,7,3.3675580217864773,next-1,pass
29,s29-test-16-0,78b1ba311ce6213d1d5d589bf7a6ef20,information_gain,2,2,False,6,3.1207249057838093,next-7,pass
29,s29-test-16-0,78b1ba311ce6213d1d5d589bf7a6ef20,information_gain,3,3,False,4,2.8778975509852622,next-10,pass
29,s29-test-16-0,78b1ba311ce6213d1d5d589bf7a6ef20,information_gain,4,4,False,3,2.6798438858365086,next-0,pass
29,s29-test-16-0,78b1ba311ce6213d1d5d589bf7a6ef20,random,0,0,False,10,3.7068242151788424,,
29,s29-test-16-0,78b1ba311ce6213d1d5d589bf7a6ef20,random,1,1,False,9,3.5146833127284425,next-7,pass
29,s29-test-16-0,78b1ba311ce6213d1d5d589bf7a6ef20,random,2,2,False,7,3.229249319790439,next-11,pass
29,s29-test-16-0,78b1ba311ce6213d1d5d589bf7a6ef20,random,3,3,False,6,3.0762724597052076,next-5,pass
29,s29-test-16-0,78b1ba311ce6213d1d5d589bf7a6ef20,random,4,4,False,6,3.023063349061118,next-3,pass
29,s29-test-16-1,78b1ba311ce6213d1d5d589bf7a6ef20,information_gain,0,0,False,3,3.269340446950099,,
29,s29-test-16-1,78b1ba311ce6213d1d5d589bf7a6ef20,information_gain,1,1,False,3,3.0762724597052076,next-4,pass
29,s29-test-16-1,78b1ba311ce6213d1d5d589bf7a6ef20,information_gain,2,2,False,2,2.905146114628238,next-11,pass
29,s29-test-16-1,78b1ba311ce6213d1d5d589bf7a6ef20,information_gain,3,3,True,1,1.1992721072300383,next-7,fail
29,s29-test-16-1,78b1ba311ce6213d1d5d589bf7a6ef20,information_gain,4,4,True,1,1.0759212789616384,next-9,pass
29,s29-test-16-1,78b1ba311ce6213d1d5d589bf7a6ef20,random,0,0,False,3,3.269340446950099,,
29,s29-test-16-1,78b1ba311ce6213d1d5d589bf7a6ef20,random,1,1,False,3,3.222133988640897,next-10,pass
29,s29-test-16-1,78b1ba311ce6213d1d5d589bf7a6ef20,random,2,2,True,1,1.466475307178665,next-7,fail
29,s29-test-16-1,78b1ba311ce6213d1d5d589bf7a6ef20,random,3,3,True,1,1.3537718397601741,next-9,pass
29,s29-test-16-1,78b1ba311ce6213d1d5d589bf7a6ef20,random,4,4,True,1,1.1964315887874206,next-4,pass
29,s29-test-16-2,78b1ba311ce6213d1d5d589bf7a6ef20,information_gain,0,0,False,8,3.5146833127284425,,
29,s29-test-16-2,78b1ba311ce6213d1d5d589bf7a6ef20,information_gain,1,1,False,5,3.1207249057838093,next-3,pass
29,s29-test-16-2,78b1ba311ce6213d1d5d589bf7a6ef20,information_gain,2,2,False,4,2.8778975509852622,next-6,pass
29,s29-test-16-2,78b1ba311ce6213d1d5d589bf7a6ef20,information_gain,3,3,False,3,2.7195101471849226,next-4,pass
29,s29-test-16-2,78b1ba311ce6213d1d5d589bf7a6ef20,information_gain,4,4,False,3,2.5295476825852807,next-5,pass
29,s29-test-16-2,78b1ba311ce6213d1d5d589bf7a6ef20,random,0,0,False,8,3.5146833127284425,,
29,s29-test-16-2,78b1ba311ce6213d1d5d589bf7a6ef20,random,1,1,False,7,3.41937698043582,next-0,pass
29,s29-test-16-2,78b1ba311ce6213d1d5d589bf7a6ef20,random,2,2,False,6,3.323990805586994,next-2,pass
29,s29-test-16-2,78b1ba311ce6213d1d5d589bf7a6ef20,random,3,3,False,6,3.1813414184809337,next-6,pass
29,s29-test-16-2,78b1ba311ce6213d1d5d589bf7a6ef20,random,4,4,False,6,3.0551233603055166,next-8,pass
29,s29-test-16-3,78b1ba311ce6213d1d5d589bf7a6ef20,information_gain,0,0,True,1,0.5145111277627613,,
29,s29-test-16-3,78b1ba311ce6213d1d5d589bf7a6ef20,information_gain,1,1,True,1,0.04118208976649619,next-5,fail
29,s29-test-16-3,78b1ba311ce6213d1d5d589bf7a6ef20,information_gain,2,2,True,1,0.013681317239663638,next-2,fail
29,s29-test-16-3,78b1ba311ce6213d1d5d589bf7a6ef20,information_gain,3,3,True,1,0.0029130788839601598,next-7,pass
29,s29-test-16-3,78b1ba311ce6213d1d5d589bf7a6ef20,information_gain,4,4,True,1,0.0015381426121526655,next-0,pass
29,s29-test-16-3,78b1ba311ce6213d1d5d589bf7a6ef20,random,0,0,True,1,0.5145111277627613,,
29,s29-test-16-3,78b1ba311ce6213d1d5d589bf7a6ef20,random,1,1,True,1,0.49609656617582326,next-6,pass
29,s29-test-16-3,78b1ba311ce6213d1d5d589bf7a6ef20,random,2,2,True,1,0.4868668418093694,next-10,pass
29,s29-test-16-3,78b1ba311ce6213d1d5d589bf7a6ef20,random,3,3,True,1,0.4776221040993422,next-11,pass
29,s29-test-16-3,78b1ba311ce6213d1d5d589bf7a6ef20,random,4,4,True,1,0.029523243413745435,next-5,fail
29,s29-test-16-4,78b1ba311ce6213d1d5d589bf7a6ef20,information_gain,0,0,True,1,0.6880836923643,,
29,s29-test-16-4,78b1ba311ce6213d1d5d589bf7a6ef20,information_gain,1,1,True,1,0.041660955580034256,next-0,fail
29,s29-test-16-4,78b1ba311ce6213d1d5d589bf7a6ef20,information_gain,2,2,True,1,0.002437138398434022,next-1,fail
29,s29-test-16-4,78b1ba311ce6213d1d5d589bf7a6ef20,information_gain,3,3,True,1,0.0014536905147381227,next-5,pass
29,s29-test-16-4,78b1ba311ce6213d1d5d589bf7a6ef20,information_gain,4,4,True,1,0.0009493410861003385,next-2,pass
29,s29-test-16-4,78b1ba311ce6213d1d5d589bf7a6ef20,random,0,0,True,1,0.6880836923643,,
29,s29-test-16-4,78b1ba311ce6213d1d5d589bf7a6ef20,random,1,1,True,1,0.5321079837520991,next-9,pass
29,s29-test-16-4,78b1ba311ce6213d1d5d589bf7a6ef20,random,2,2,True,1,0.36837028392875115,next-11,pass
29,s29-test-16-4,78b1ba311ce6213d1d5d589bf7a6ef20,random,3,3,True,1,0.3480059385774578,next-2,pass
29,s29-test-16-4,78b1ba311ce6213d1d5d589bf7a6ef20,random,4,4,True,1,0.34673740961835975,next-4,pass
29,s29-test-16-5,78b1ba311ce6213d1d5d589bf7a6ef20,information_gain,0,0,True,1,3.734846914138525,,
29,s29-test-16-5,78b1ba311ce6213d1d5d589bf7a6ef20,information_gain,1,1,True,1,3.4598245103398697,next-3,pass
29,s29-test-16-5,78b1ba311ce6213d1d5d589bf7a6ef20,information_gain,2,2,True,1,3.1644460280249134,next-2,pass
29,s29-test-16-5,78b1ba311ce6213d1d5d589bf7a6ef20,information_gain,3,3,True,1,2.8778975509852622,next-4,pass
29,s29-test-16-5,78b1ba311ce6213d1d5d589bf7a6ef20,information_gain,4,4,True,1,2.7412277819892954,next-10,pass
29,s29-test-16-5,78b1ba311ce6213d1d5d589bf7a6ef20,random,0,0,True,1,3.734846914138525,,
29,s29-test-16-5,78b1ba311ce6213d1d5d589bf7a6ef20,random,1,1,True,1,3.4598245103398697,next-3,pass
29,s29-test-16-5,78b1ba311ce6213d1d5d589bf7a6ef20,random,2,2,True,1,3.390625568893284,next-11,pass
29,s29-test-16-5,78b1ba311ce6213d1d5d589bf7a6ef20,random,3,3,True,1,3.248238060469636,next-7,pass
29,s29-test-16-5,78b1ba311ce6213d1d5d589bf7a6ef20,random,4,4,True,1,3.139919811581802,next-0,pass
29,s29-test-16-6,78b1ba311ce6213d1d5d589bf7a6ef20,information_gain,0,0,False,3,3.5784814819270436,,
29,s29-test-16-6,78b1ba311ce6213d1d5d589bf7a6ef20,information_gain,1,1,True,1,2.1972224223132324,next-7,fail
29,s29-test-16-6,78b1ba311ce6213d1d5d589bf7a6ef20,information_gain,2,2,True,1,1.187438323639054,next-8,fail
29,s29-test-16-6,78b1ba311ce6213d1d5d589bf7a6ef20,information_gain,3,3,True,1,0.22146174543097957,next-5,fail
29,s29-test-16-6,78b1ba311ce6213d1d5d589bf7a6ef20,information_gain,4,4,True,1,0.05268489735459936,next-9,pass
29,s29-test-16-6,78b1ba311ce6213d1d5d589bf7a6ef20,random,0,0,False,3,3.5784814819270436,,
29,s29-test-16-6,78b1ba311ce6213d1d5d589bf7a6ef20,random,1,1,False,2,1.9595753161254574,next-10,fail
29,s29-test-16-6,78b1ba311ce6213d1d5d589bf7a6ef20,random,2,2,True,1,0.6615763648320325,next-7,fail
29,s29-test-16-6,78b1ba311ce6213d1d5d589bf7a6ef20,random,3,3,True,1,0.5137569255174556,next-0,pass
29,s29-test-16-6,78b1ba311ce6213d1d5d589bf7a6ef20,random,4,4,True,1,0.34927424951030434,next-11,pass
29,s29-test-16-7,78b1ba311ce6213d1d5d589bf7a6ef20,information_gain,0,0,False,11,3.5146833127284425,,
29,s29-test-16-7,78b1ba311ce6213d1d5d589bf7a6ef20,information_gain,1,1,False,9,3.317429183866037,next-4,pass
29,s29-test-16-7,78b1ba311ce6213d1d5d589bf7a6ef20,information_gain,2,2,False,7,3.1051406978325096,next-1,pass
29,s29-test-16-7,78b1ba311ce6213d1d5d589bf7a6ef20,information_gain,3,3,False,6,2.8874026956379604,next-3,pass
29,s29-test-16-7,78b1ba311ce6213d1d5d589bf7a6ef20,information_gain,4,4,True,1,1.469909482111291,next-10,fail
29,s29-test-16-7,78b1ba311ce6213d1d5d589bf7a6ef20,random,0,0,False,11,3.5146833127284425,,
29,s29-test-16-7,78b1ba311ce6213d1d5d589bf7a6ef20,random,1,1,False,10,3.390625568893284,next-2,pass
29,s29-test-16-7,78b1ba311ce6213d1d5d589bf7a6ef20,random,2,2,False,9,3.2930085310955635,next-8,pass
29,s29-test-16-7,78b1ba311ce6213d1d5d589bf7a6ef20,random,3,3,False,7,3.0762724597052076,next-1,pass
29,s29-test-16-7,78b1ba311ce6213d1d5d589bf7a6ef20,random,4,4,False,6,2.8962835626170502,next-11,pass
29,s29-test-16-8,78b1ba311ce6213d1d5d589bf7a6ef20,information_gain,0,0,True,1,3.658699810953678,,
29,s29-test-16-8,78b1ba311ce6213d1d5d589bf7a6ef20,information_gain,1,1,True,1,3.404067154152577,next-6,pass
29,s29-test-16-8,78b1ba311ce6213d1d5d589bf7a6ef20,information_gain,2,2,True,1,3.1644460280249134,next-11,pass
29,s29-test-16-8,78b1ba311ce6213d1d5d589bf7a6ef20,information_gain,3,3,True,1,2.931266747370969,next-1,pass
29,s29-test-16-8,78b1ba311ce6213d1d5d589bf7a6ef20,information_gain,4,4,True,1,2.801195571015132,next-4,pass
29,s29-test-16-8,78b1ba311ce6213d1d5d589bf7a6ef20,random,0,0,True,1,3.658699810953678,,
29,s29-test-16-8,78b1ba311ce6213d1d5d589bf7a6ef20,random,1,1,True,1,3.493765740972742,next-10,pass
29,s29-test-16-8,78b1ba311ce6213d1d5d589bf7a6ef20,random,2,2,True,1,3.404067154152577,next-2,pass
29,s29-test-16-8,78b1ba311ce6213d1d5d589bf7a6ef20,random,3,3,True,1,3.229249319790439,next-11,pass
29,s29-test-16-8,78b1ba311ce6213d1d5d589bf7a6ef20,random,4,4,True,1,3.0762724597052076,next-1,pass
29,s29-test-16-9,78b1ba311ce6213d1d5d589bf7a6ef20,information_gain,0,0,False,9,3.4822084665981077,,
29,s29-test-16-9,78b1ba311ce6213d1d5d589bf7a6ef20,information_gain,1,1,True,1,1.9575624025736247,next-4,fail
29,s29-test-16-9,78b1ba311ce6213d1d5d589bf7a6ef20,information_gain,2,2,True,1,0.4961310959429979,next-8,fail
29,s29-test-16-9,78b1ba311ce6213d1d5d589bf7a6ef20,information_gain,3,3,True,1,0.02901604971624648,next-2,fail
29,s29-test-16-9,78b1ba311ce6213d1d5d589bf7a6ef20,information_gain,4,4,True,1,0.0013976023466636546,next-5,fail
29,s29-test-16-9,78b1ba311ce6213d1d5d589bf7a6ef20,random,0,0,False,9,3.4822084665981077,,
29,s29-test-16-9,78b1ba311ce6213d1d5d589bf7a6ef20,random,1,1,False,8,3.390625568893284,next-0,pass
29,s29-test-16-9,78b1ba311ce6213d1d5d589bf7a6ef20,random,2,2,True,1,1.6643396847145695,next-2,fail
29,s29-test-16-9,78b1ba311ce6213d1d5d589bf7a6ef20,random,3,3,True,1,1.6618230744605236,next-3,pass
29,s29-test-16-9,78b1ba311ce6213d1d5d589bf7a6ef20,random,4,4,True,1,0.3083511752996388,next-8,fail
29,s29-test-16-10,78b1ba311ce6213d1d5d589bf7a6ef20,information_gain,0,0,False,12,3.5988620614510745,,
29,s29-test-16-10,78b1ba311ce6213d1d5d589bf7a6ef20,information_gain,1,1,False,9,3.323990805586994,next-11,pass
29,s29-test-16-10,78b1ba311ce6213d1d5d589bf7a6ef20,information_gain,2,2,False,7,3.068379046356169,next-0,pass
29,s29-test-16-10,78b1ba311ce6213d1d5d589bf7a6ef20,information_gain,3,3,False,5,2.8136651420280967,next-3,pass
29,s29-test-16-10,78b1ba311ce6213d1d5d589bf7a6ef20,information_gain,4,4,False,4,2.541087506958223,next-9,pass
29,s29-test-16-10,78b1ba311ce6213d1d5d589bf7a6ef20,random,0,0,False,12,3.5988620614510745,,
29,s29-test-16-10,78b1ba311ce6213d1d5d589bf7a6ef20,random,1,1,False,9,3.323990805586994,next-11,pass
29,s29-test-16-10,78b1ba311ce6213d1d5d589bf7a6ef20,random,2,2,False,8,3.1813414184809337,next-10,pass
29,s29-test-16-10,78b1ba311ce6213d1d5d589bf7a6ef20,random,3,3,False,2,1.72144410109328,next-7,fail
29,s29-test-16-10,78b1ba311ce6213d1d5d589bf7a6ef20,random,4,4,False,2,1.5656039184472696,next-2,pass
29,s29-test-16-11,78b1ba311ce6213d1d5d589bf7a6ef20,information_gain,0,0,False,2,3.7068242151788424,,
29,s29-test-16-11,78b1ba311ce6213d1d5d589bf7a6ef20,information_gain,1,1,False,2,3.4598245103398697,next-1,pass
29,s29-test-16-11,78b1ba311ce6213d1d5d589bf7a6ef20,information_gain,2,2,False,2,3.1644460280249134,next-4,pass
29,s29-test-16-11,78b1ba311ce6213d1d5d589bf7a6ef20,information_gain,3,3,False,5,1.847276970209895,next-6,fail
29,s29-test-16-11,78b1ba311ce6213d1d5d589bf7a6ef20,information_gain,4,4,False,5,1.7536675664907997,next-7,pass
29,s29-test-16-11,78b1ba311ce6213d1d5d589bf7a6ef20,random,0,0,False,2,3.7068242151788424,,
29,s29-test-16-11,78b1ba311ce6213d1d5d589bf7a6ef20,random,1,1,True,1,2.1913205511907075,next-0,fail
29,s29-test-16-11,78b1ba311ce6213d1d5d589bf7a6ef20,random,2,2,True,1,2.0179492860994093,next-7,pass
29,s29-test-16-11,78b1ba311ce6213d1d5d589bf7a6ef20,random,3,3,True,1,1.7352819463663185,next-4,pass
29,s29-test-16-11,78b1ba311ce6213d1d5d589bf7a6ef20,random,4,4,True,1,1.410052581861832,next-5,pass
29,s29-test-17-0,079a46f6f9017cc69fbdca9bbb9f3f00,information_gain,0,0,False,5,2.5207505642880284,,
29,s29-test-17-0,079a46f6f9017cc69fbdca9bbb9f3f00,information_gain,1,1,False,5,2.017878052146957,next-4,pass
29,s29-test-17-0,079a46f6f9017cc69fbdca9bbb9f3f00,information_gain,2,2,False,2,0.8740175074439073,next-10,fail
29,s29-test-17-0,079a46f6f9017cc69fbdca9bbb9f3f00,information_gain,3,3,True,1,1.101296473263968,next-5,fail
29,s29-test-17-0,079a46f6f9017cc69fbdca9bbb9f3f00,information_gain,4,4,True,1,0.2900937766240957,next-9,fail
29,s29-test-17-0,079a46f6f9017cc69fbdca9bbb9f3f00,random,0,0,False,5,2.5207505642880284,,
29,s29-test-17-0,079a46f6f9017cc69fbdca9bbb9f3f00,random,1,1,False,2,1.3522236570536534,next-9,fail
29,s29-test-17-0,079a46f6f9017cc69fbdca9bbb9f3f00,random,2,2,False,2,1.3378757068970948,next-1,pass
29,s29-test-17-0,079a46f6f9017cc69fbdca9bbb9f3f00,random,3,3,False,2,1.336130679857512,next-7,pass
29,s29-test-17-0,079a46f6f9017cc69fbdca9bbb9f3f00,random,4,4,False,2,1.3343851891139573,next-8,pass
29,s29-test-17-1,079a46f6f9017cc69fbdca9bbb9f3f00,information_gain,0,0,False,4,2.4417189020885472,,
29,s29-test-17-1,079a46f6f9017cc69fbdca9bbb9f3f00,information_gain,1,1,False,3,2.377166562601297,next-9,pass
29,s29-test-17-1,079a46f6f9017cc69fbdca9bbb9f3f00,information_gain,2,2,False,2,1.6912128110579363,next-1,pass
29,s29-test-17-1,079a46f6f9017cc69fbdca9bbb9f3f00,information_gain,3,3,True,1,0.7230860893952307,next-5,fail
29,s29-test-17-1,079a46f6f9017cc69fbdca9bbb9f3f00,information_gain,4,4,True,1,0.35802762975437,next-11,pass
29,s29-test-17-1,079a46f6f9017cc69fbdca9bbb9f3f00,random,0,0,False,4,2.4417189020885472,,
29,s29-test-17-1,079a46f6f9017cc69fbdca9bbb9f3f00,random,1,1,False,4,2.3849706911310293,next-3,pass
29,s29-test-17-1,079a46f6f9017cc69fbdca9bbb9f3f00,random,2,2,False,4,2.307397702308823,next-6,pass
29,s29-test-17-1,079a46f6f9017cc69fbdca9bbb9f3f00,random,3,3,True,1,1.098761026153157,next-5,fail
29,s29-test-17-1,079a46f6f9017cc69fbdca9bbb9f3f00,random,4,4,True,1,0.6164074645848215,next-8,pass
29,s29-test-17-2,079a46f6f9017cc69fbdca9bbb9f3f00,information_gain,0,0,False,3,2.7996234288726343,,
29,s29-test-17-2,079a46f6f9017cc69fbdca9bbb9f3f00,information_gain,1,1,False,2,2.0558837274228408,next-2,pass
29,s29-test-17-2,079a46f6f9017cc69fbdca9bbb9f3f00,information_gain,2,2,False,2,1.6949129003145906,next-3,pass
29,s29-test-17-2,079a46f6f9017cc69fbdca9bbb9f3f00,information_gain,3,3,True,1,0.5604939558792992,next-11,fail
29,s29-test-17-2,079a46f6f9017cc69fbdca9bbb9f3f00,information_gain,4,4,True,1,1.9834724807134472,next-1,pass
29,s29-test-17-2,079a46f6f9017cc69fbdca9bbb9f3f00,random,0,0,False,3,2.7996234288726343,,
29,s29-test-17-2,079a46f6f9017cc69fbdca9bbb9f3f00,random,1,1,False,9,2.659047357955822,next-1,pass
29,s29-test-17-2,079a46f6f9017cc69fbdca9bbb9f3f00,random,2,2,False,7,2.3508587839678246,next-3,pass
29,s29-test-17-2,079a46f6f9017cc69fbdca9bbb9f3f00,random,3,3,False,6,2.2563833072742736,next-9,pass
29,s29-test-17-2,079a46f6f9017cc69fbdca9bbb9f3f00,random,4,4,False,8,2.0369243817988307,next-4,pass
29,s29-test-17-3,079a46f6f9017cc69fbdca9bbb9f3f00,information_gain,0,0,False,4,2.5908283518309307,,
29,s29-test-17-3,079a46f6f9017cc69fbdca9bbb9f3f00,information_gain,1,1,False,2,1.7660669819614045,next-10,fail
29,s29-test-17-3,079a46f6f9017cc69fbdca9bbb9f3f00,information_gain,2,2,True,1,1.4241575628295287,next-1,pass
29,s29-test-17-3,079a46f6f9017cc69fbdca9bbb9f3f00,information_gain,3,3,True,1,0.2957710913290844,next-4,fail
29,s29-test-17-3,079a46f6f9017cc69fbdca9bbb9f3f00,information_gain,4,4,True,1,0.04660366014474984,next-11,fail
29,s29-test-17-3,079a46f6f9017cc69fbdca9bbb9f3f00,random,0,0,False,4,2.5908283518309307,,
29,s29-test-17-3,079a46f6f9017cc69fbdca9bbb9f3f00,random,1,1,False,2,1.36479483506229,next-4,fail
29,s29-test-17-3,079a46f6f9017cc69fbdca9bbb9f3f00,random,2,2,False,2,1.3396202704248499,next-2,pass
29,s29-test-17-3,079a46f6f9017cc69fbdca9bbb9f3f00,random,3,3,True,1,0.5965659354649634,next-9,fail
29,s29-test-17-3,079a46f6f9017cc69fbdca9bbb9f3f00,random,4,4,True,1,0.43478556037198013,next-6,pass
29,s29-test-17-4,079a46f6f9017cc69fbdca9bbb9f3f00,information_gain,0,0,True,1,1.1407122779941032,,
29,s29-test-17-4,079a46f6f9017cc69fbdca9bbb9f3f00,information_gain,1,1,True,1,0.2629412844920907,next-10,fail
29,s29-test-17-4,079a46f6f9017cc69fbdca9bbb9f3f00,information_gain,2,2,True,1,0.06459438644105694,next-7,pass
29,s29-test-17-4,079a46f6f9017cc69fbdca9bbb9f3f00,information_gain,3,3,True,1,0.014338329261240491,next-11,fail
29,s29-test-17-4,079a46f6f9017cc69fbdca9bbb9f3f00,information_gain,4,4,True,1,0.002200241259401471,next-5,fail
29,s29-test-17-4,079a46f6f9017cc69fbdca9bbb9f3f00,random,0,0,True,1,1.1407122779941032,,
29,s29-test-17-4,079a46f6f9017cc69fbdca9bbb9f3f00,random,1,1,True,1,0.2629412844920907,next-11,fail
29,s29-test-17-4,079a46f6f9017cc69fbdca9bbb9f3f00,random,2,2,True,1,0.06114895078995074,next-3,fail
29,s29-test-17-4,079a46f6f9017cc69fbdca9bbb9f3f00,random,3,3,True,1,0.029133621391699963,next-6,pass
29,s29-test-17-4,079a46f6f9017cc69fbdca9bbb9f3f00,random,4,4,True,1,0.0277843060614436,next-4,pass
29,s29-test-17-5,079a46f6f9017cc69fbdca9bbb9f3f00,information_gain,0,0,True,1,1.1521724404266414,,
29,s29-test-17-5,079a46f6f9017cc69fbdca9bbb9f3f00,information_gain,1,1,True,1,0.7040158348922486,next-4,pass
29,s29-test-17-5,079a46f6f9017cc69fbdca9bbb9f3f00,information_gain,2,2,True,1,0.2924289156283245,next-9,fail
29,s29-test-17-5,079a46f6f9017cc69fbdca9bbb9f3f00,information_gain,3,3,True,1,0.07295138822584434,next-0,pass
29,s29-test-17-5,079a46f6f9017cc69fbdca9bbb9f3f00,information_gain,4,4,True,1,0.03837667478817539,next-7,pass
29,s29-test-17-5,079a46f6f9017cc69fbdca9bbb9f3f00,random,0,0,True,1,1.1521724404266414,,
29,s29-test-17-5,079a46f6f9017cc69fbdca9bbb9f3f00,random,1,1,True,1,1.0350392259686796,next-0,pass
29,s29-test-17-5,079a46f6f9017cc69fbdca9bbb9f3f00,random,2,2,True,1,1.0343653754771958,next-5,pass
29,s29-test-17-5,079a46f6f9017cc69fbdca9bbb9f3f00,random,3,3,True,1,1.0169784560003354,next-7,pass
29,s29-test-17-5,079a46f6f9017cc69fbdca9bbb9f3f00,random,4,4,True,1,1.0151027757298894,next-1,pass
29,s29-test-17-6,079a46f6f9017cc69fbdca9bbb9f3f00,information_gain,0,0,True,1,2.0558837274228408,,
29,s29-test-17-6,079a46f6f9017cc69fbdca9bbb9f3f00,information_gain,1,1,True,1,1.6206162367295518,next-8,pass
29,s29-test-17-6,079a46f6f9017cc69fbdca9bbb9f3f00,information_gain,2,2,True,1,0.8803149978860548,next-10,pass
29,s29-test-17-6,079a46f6f9017cc69fbdca9bbb9f3f00,information_gain,3,3,True,1,0.5566640277031715,next-7,pass
29,s29-test-17-6,079a46f6f9017cc69fbdca9bbb9f3f00,information_gain,4,4,True,1,0.45721611710617854,next-11,pass
29,s29-test-17-6,079a46f6f9017cc69fbdca9bbb9f3f00,random,0,0,True,1,2.0558837274228408,,
29,s29-test-17-6,079a46f6f9017cc69fbdca9bbb9f3f00,random,1,1,True,1,1.6206162367295518,next-8,pass
29,s29-test-17-6,079a46f6f9017cc69fbdca9bbb9f3f00,random,2,2,True,1,1.1111582811807341,next-7,pass
29,s29-test-17-6,079a46f6f9017cc69fbdca9bbb9f3f00,random,3,3,True,1,0.6190307128029761,next-11,pass
29,s29-test-17-6,079a46f6f9017cc69fbdca9bbb9f3f00,random,4,4,True,1,0.4572161171061785,next-10,pass
29,s29-test-17-7,079a46f6f9017cc69fbdca9bbb9f3f00,information_gain,0,0,False,2,1.9376978232275448,,
29,s29-test-17-7,079a46f6f9017cc69fbdca9bbb9f3f00,information_gain,1,1,True,1,1.55646304846088,next-6,pass
29,s29-test-17-7,079a46f6f9017cc69fbdca9bbb9f3f00,information_gain,2,2,True,1,0.6526666709552574,next-0,fail
29,s29-test-17-7,079a46f6f9017cc69fbdca9bbb9f3f00,information_gain,3,3,True,1,0.04530510469179499,next-3,fail
29,s29-test-17-7,079a46f6f9017cc69fbdca9bbb9f3f00,information_gain,4,4,True,1,0.01798786094088411,next-4,pass
29,s29-test-17-7,079a46f6f9017cc69fbdca9bbb9f3f00,random,0,0,False,2,1.9376978232275448,,
29,s29-test-17-7,079a46f6f9017cc69fbdca9bbb9f3f00,random,1,1,True,1,1.55646304846088,next-6,pass
29,s29-test-17-7,079a46f6f9017cc69fbdca9bbb9f3f00,random,2,2,True,1,1.542970378857444,next-9,pass
29,s29-test-17-7,079a46f6f9017cc69fbdca9bbb9f3f00,random,3,3,True,1,1.4664381458034355,next-7,pass
29,s29-test-17-7,079a46f6f9017cc69fbdca9bbb9f3f00,random,4,4,True,1,0.25931350254679303,next-3,fail
29,s29-test-17-8,079a46f6f9017cc69fbdca9bbb9f3f00,information_gain,0,0,False,2,2.017878052146957,,
29,s29-test-17-8,079a46f6f9017cc69fbdca9bbb9f3f00,information_gain,1,1,True,1,1.17373647631981,next-7,fail
29,s29-test-17-8,079a46f6f9017cc69fbdca9bbb9f3f00,information_gain,2,2,True,1,0.7389152602254565,next-8,pass
29,s29-test-17-8,079a46f6f9017cc69fbdca9bbb9f3f00,information_gain,3,3,True,1,0.05139644368309524,next-9,fail
29,s29-test-17-8,079a46f6f9017cc69fbdca9bbb9f3f00,information_gain,4,4,True,1,0.021265328682438987,next-3,pass
29,s29-test-17-8,079a46f6f9017cc69fbdca9bbb9f3f00,random,0,0,False,2,2.017878052146957,,
29,s29-test-17-8,079a46f6f9017cc69fbdca9bbb9f3f00,random,1,1,False,4,2.370502970855788,next-4,fail
29,s29-test-17-8,079a46f6f9017cc69fbdca9bbb9f3f00,random,2,2,False,4,2.3503751629948706,next-6,pass
29,s29-test-17-8,079a46f6f9017cc69fbdca9bbb9f3f00,random,3,3,False,4,2.3301430631327595,next-0,pass
29,s29-test-17-8,079a46f6f9017cc69fbdca9bbb9f3f00,random,4,4,True,1,1.6008658547185197,next-7,fail
29,s29-test-17-9,079a46f6f9017cc69fbdca9bbb9f3f00,information_gain,0,0,False,2,1.0425076650246354,,
29,s29-test-17-9,079a46f6f9017cc69fbdca9bbb9f3f00,information_gain,1,1,True,1,0.49405920141204923,next-1,pass
29,s29-test-17-9,079a46f6f9017cc69fbdca9bbb9f3f00,information_gain,2,2,True,1,0.7278177104963864,next-3,pass
29,s29-test-17-9,079a46f6f9017cc69fbdca9bbb9f3f00,information_gain,3,3,True,1,0.49470933273640744,next-11,fail
29,s29-test-17-9,079a46f6f9017cc69fbdca9bbb9f3f00,information_gain,4,4,True,1,0.47038082699839223,next-5,pass
29,s29-test-17-9,079a46f6f9017cc69fbdca9bbb9f3f00,random,0,0,False,2,1.0425076650246354,,
29,s29-test-17-9,079a46f6f9017cc69fbdca9bbb9f3f00,random,1,1,False,2,1.0283097655952695,next-0,fail
29,s29-test-17-9,079a46f6f9017cc69fbdca9bbb9f3f00,random,2,2,True,1,0.46898284842635696,next-1,pass
29,s29-test-17-9,079a46f6f9017cc69fbdca9bbb9f3f00,random,3,3,True,1,0.4579303780197562,next-9,fail
29,s29-test-17-9,079a46f6f9017cc69fbdca9bbb9f3f00,random,4,4,True,1,0.44886947563172647,next-6,pass
29,s29-test-17-10,079a46f6f9017cc69fbdca9bbb9f3f00,information_gain,0,0,False,4,2.876817968790332,,
29,s29-test-17-10,079a46f6f9017cc69fbdca9bbb9f3f00,information_gain,1,1,False,2,2.3323206329810997,next-8,pass
29,s29-test-17-10,079a46f6f9017cc69fbdca9bbb9f3f00,information_gain,2,2,False,2,1.9364197111265395,next-9,pass
29,s29-test-17-10,079a46f6f9017cc69fbdca9bbb9f3f00,information_gain,3,3,True,1,0.4077901876005867,next-1,fail
29,s29-test-17-10,079a46f6f9017cc69fbdca9bbb9f3f00,information_gain,4,4,True,1,0.34463368330632776,next-5,pass
29,s29-test-17-10,079a46f6f9017cc69fbdca9bbb9f3f00,random,0,0,False,4,2.876817968790332,,
29,s29-test-17-10,079a46f6f9017cc69fbdca9bbb9f3f00,random,1,1,False,4,2.739796764530747,next-0,pass
29,s29-test-17-10,079a46f6f9017cc69fbdca9bbb9f3f00,random,2,2,False,4,2.5908283518309307,next-4,pass
29,s29-test-17-10,079a46f6f9017cc69fbdca9bbb9f3f00,random,3,3,False,2,2.1398128788631605,next-5,pass
29,s29-test-17-10,079a46f6f9017cc69fbdca9bbb9f3f00,random,4,4,True,1,0.5601301252752855,next-1,fail
29,s29-test-17-11,079a46f6f9017cc69fbdca9bbb9f3f00,information_gain,0,0,True,1,2.5945407918890866,,
29,s29-test-17-11,079a46f6f9017cc69fbdca9bbb9f3f00,information_gain,1,1,True,1,1.1942069213136695,next-4,fail
29,s29-test-17-11,079a46f6f9017cc69fbdca9bbb9f3f00,information_gain,2,2,True,1,0.5716158505283291,next-1,pass
29,s29-test-17-11,079a46f6f9017cc69fbdca9bbb9f3f00,information_gain,3,3,True,1,0.1860024245215392,next-10,fail
29,s29-test-17-11,079a46f6f9017cc69fbdca9bbb9f3f00,information_gain,4,4,True,1,0.04777333681792634,next-2,pass
29,s29-test-17-11,079a46f6f9017cc69fbdca9bbb9f3f00,random,0,0,True,1,2.5945407918890866,,
29,s29-test-17-11,079a46f6f9017cc69fbdca9bbb9f3f00,random,1,1,True,1,1.621665828613882,next-3,fail
29,s29-test-17-11,079a46f6f9017cc69fbdca9bbb9f3f00,random,2,2,True,1,0.9397236932678507,next-11,fail
29,s29-test-17-11,079a46f6f9017cc69fbdca9bbb9f3f00,random,3,3,True,1,0.861290863009102,next-10,fail
29,s29-test-17-11,079a46f6f9017cc69fbdca9bbb9f3f00,random,4,4,True,1,0.857970716145619,next-9,fail
29,s29-test-18-0,5a0ccad0815ce01e06755191987c30d8,information_gain,0,0,True,1,3.5223967774179203,,
29,s29-test-18-0,5a0ccad0815ce01e06755191987c30d8,information_gain,1,1,True,1,3.302249667473925,next-7,pass
29,s29-test-18-0,5a0ccad0815ce01e06755191987c30d8,information_gain,2,2,True,1,3.088261683901516,next-1,pass
29,s29-test-18-0,5a0ccad0815ce01e06755191987c30d8,information_gain,3,3,True,1,2.909547076748507,next-6,pass
29,s29-test-18-0,5a0ccad0815ce01e06755191987c30d8,information_gain,4,4,True,1,2.7635176998899746,next-11,pass
29,s29-test-18-0,5a0ccad0815ce01e06755191987c30d8,random,0,0,True,1,3.5223967774179203,,
29,s29-test-18-0,5a0ccad0815ce01e06755191987c30d8,random,1,1,True,1,3.434000060257846,next-0,pass
29,s29-test-18-0,5a0ccad0815ce01e06755191987c30d8,random,2,2,True,1,3.398889191918922,next-10,pass
29,s29-test-18-0,5a0ccad0815ce01e06755191987c30d8,random,3,3,True,1,3.2955415744681615,next-5,pass
29,s29-test-18-0,5a0ccad0815ce01e06755191987c30d8,random,4,4,True,1,3.1488031364292115,next-6,pass
29,s29-test-18-1,5a0ccad0815ce01e06755191987c30d8,information_gain,0,0,False,4,3.302249667473925,,
29,s29-test-18-1,5a0ccad0815ce01e06755191987c30d8,information_gain,1,1,False,3,3.042575926504819,next-2,pass
29,s29-test-18-1,5a0ccad0815ce01e06755191987c30d8,information_gain,2,2,False,2,2.8146690306805136,next-6,pass
29,s29-test-18-1,5a0ccad0815ce01e06755191987c30d8,information_gain,3,3,True,1,1.2000459637032863,next-8,fail
29,s29-test-18-1,5a0ccad0815ce01e06755191987c30d8,information_gain,4,4,True,1,0.08237680366003816,next-10,fail
29,s29-test-18-1,5a0ccad0815ce01e06755191987c30d8,random,0,0,False,4,3.302249667473925,,
29,s29-test-18-1,5a0ccad0815ce01e06755191987c30d8,random,1,1,False,2,3.088261683901516,next-5,pass
29,s29-test-18-1,5a0ccad0815ce01e06755191987c30d8,random,2,2,False,2,3.042575926504819,next-9,pass
29,s29-test-18-1,5a0ccad0815ce01e06755191987c30d8,random,3,3,False,2,2.9404323045467384,next-6,pass
29,s29-test-18-1,5a0ccad0815ce01e06755191987c30d8,random,4,4,False,2,2.6969922990952786,next-2,pass
29,s29-test-18-2,5a0ccad0815ce01e06755191987c30d8,information_gain,0,0,True,1,3.416938633697412,,
29,s29-test-18-2,5a0ccad0815ce01e06755191987c30d8,information_gain,1,1,True,1,3.182225324368232,next-10,pass
29,s29-test-18-2,5a0ccad0815ce01e06755191987c30d8,information_gain,2,2,True,1,2.9438867131047703,next-2,pass
29,s29-test-18-2,5a0ccad0815ce01e06755191987c30d8,information_gain,3,3,True,1,2.7639817113304503,next-9,pass
29,s29-test-18-2,5a0ccad0815ce01e06755191987c30d8,information_gain,4,4,True,1,2.6016621779493776,next-6,pass
29,s29-test-18-2,5a0ccad0815ce01e06755191987c30d8,random,0,0,True,1,3.416938633697412,,
29,s29-test-18-2,5a0ccad0815ce01e06755191987c30d8,random,1,1,True,1,3.288178379374863,next-6,pass
29,s29-test-18-2,5a0ccad0815ce01e06755191987c30d8,random,2,2,True,1,3.2502707009195233,next-1,pass
29,s29-test-18-2,5a0ccad0815ce01e06755191987c30d8,random,3,3,True,1,3.249484238389723,next-11,pass
29,s29-test-18-2,5a0ccad0815ce01e06755191987c30d8,random,4,4,True,1,3.210983226818495,next-3,pass
29,s29-test-18-3,5a0ccad0815ce01e06755191987c30d8,information_gain,0,0,False,6,3.3401170754086738,,
29,s29-test-18-3,5a0ccad0815ce01e06755191987c30d8,information_gain,1,1,False,3,3.0185220381664966,next-10,pass
29,s29-test-18-3,5a0ccad0815ce01e06755191987c30d8,information_gain,2,2,False,3,2.783752952987563,next-2,pass
29,s29-test-18-3,5a0ccad0815ce01e06755191987c30d8,information_gain,3,3,False,2,2.5711716701918412,next-1,pass
29,s29-test-18-3,5a0ccad0815ce01e06755191987c30d8,information_gain,4,4,True,1,1.2154937930004324,next-4,fail
29,s29-test-18-3,5a0ccad0815ce01e06755191987c30d8,random,0,0,False,6,3.3401170754086738,,
29,s29-test-18-3,5a0ccad0815ce01e06755191987c30d8,random,1,1,False,6,3.2955415744681615,next-7,pass
29,s29-test-18-3,5a0ccad0815ce01e06755191987c30d8,random,2,2,False,5,3.1833313848118308,next-11,pass
29,s29-test-18-3,5a0ccad0815ce01e06755191987c30d8,random,3,3,False,4,2.949977582684471,next-6,pass
29,s29-test-18-3,5a0ccad0815ce01e06755191987c30d8,random,4,4,False,4,2.899217398310069,next-8,pass
29,s29-test-18-4,5a0ccad0815ce01e06755191987c30d8,information_gain,0,0,False,11,3.5547298388267796,,
29,s29-test-18-4,5a0ccad0815ce01e06755191987c30d8,information_gain,1,1,False,8,3.280556521995007,next-11,pass
29,s29-test-18-4,5a0ccad0815ce01e06755191987c30d8,information_gain,2,2,False,6,3.067114784224378,next-10,pass
29,s29-test-18-4,5a0ccad0815ce01e06755191987c30d8,information_gain,3,3,False,2,1.5931166965787624,next-7,fail
29,s29-test-18-4,5a0ccad0815ce01e06755191987c30d8,information_gain,4,4,True,1,1.3694453953010821,next-4,pass
29,s29-test-18-4,5a0ccad0815ce01e06755191987c30d8,random,0,0,False,11,3.5547298388267796,,
29,s29-test-18-4,5a0ccad0815ce01e06755191987c30d8,random,1,1,False,10,3.468656038207377,next-8,pass
29,s29-test-18-4,5a0ccad0815ce01e06755191987c30d8,random,2,2,False,9,3.3401170754086738,next-1,pass
29,s29-test-18-4,5a0ccad0815ce01e06755191987c30d8,random,3,3,False,2,1.7948224535979724,next-7,fail
29,s29-test-18-4,5a0ccad0815ce01e06755191987c30d8,random,4,4,False,2,1.7835866963375429,next-2,pass
29,s29-test-18-5,5a0ccad0815ce01e06755191987c30d8,information_gain,0,0,False,8,3.5547298388267796,,
29,s29-test-18-5,5a0ccad0815ce01e06755191987c30d8,information_gain,1,1,False,2,1.9403337597356813,next-1,fail
29,s29-test-18-5,5a0ccad0815ce01e06755191987c30d8,information_gain,2,2,True,1,0.4933768249054267,next-7,fail
29,s29-test-18-5,5a0ccad0815ce01e06755191987c30d8,information_gain,3,3,True,1,0.3376079462327155,next-5,pass
29,s29-test-18-5,5a0ccad0815ce01e06755191987c30d8,information_gain,4,4,True,1,0.31840224932172395,next-2,pass
29,s29-test-18-5,5a0ccad0815ce01e06755191987c30d8,random,0,0,False,8,3.5547298388267796,,
29,s29-test-18-5,5a0ccad0815ce01e06755191987c30d8,random,1,1,False,7,3.434000060257846,next-8,pass
29,s29-test-18-5,5a0ccad0815ce01e06755191987c30d8,random,2,2,False,7,3.363313357511211,next-11,pass
29,s29-test-18-5,5a0ccad0815ce01e06755191987c30d8,random,3,3,False,6,3.157265599233959,next-3,pass
29,s29-test-18-5,5a0ccad0815ce01e06755191987c30d8,random,4,4,False,2,1.7023025246438177,next-1,fail
29,s29-test-18-6,5a0ccad0815ce01e06755191987c30d8,information_gain,0,0,False,10,3.468656038207377,,
29,s29-test-18-6,5a0ccad0815ce01e06755191987c30d8,information_gain,1,1,False,8,3.240091849372448,next-4,pass
29,s29-test-18-6,5a0ccad0815ce01e06755191987c30d8,information_gain,2,2,False,2,1.8943241705169083,next-5,fail
29,s29-test-18-6,5a0ccad0815ce01e06755191987c30d8,information_gain,3,3,True,1,0.6941672290219796,next-2,fail
29,s29-test-18-6,5a0ccad0815ce01e06755191987c30d8,information_gain,4,4,True,1,0.35436344364200895,next-1,pass
29,s29-test-18-6,5a0ccad0815ce01e06755191987c30d8,random,0,0,False,10,3.468656038207377,,
29,s29-test-18-6,5a0ccad0815ce01e06755191987c30d8,random,1,1,False,9,3.3774539025631647,next-10,pass
29,s29-test-18-6,5a0ccad0815ce01e06755191987c30d8,random,2,2,False,8,3.240091849372448,next-9,pass
29,s29-test-18-6,5a0ccad0815ce01e06755191987c30d8,random,3,3,False,6,2.9690112232632444,next-4,pass
29,s29-test-18-6,5a0ccad0815ce01e06755191987c30d8,random,4,4,False,2,1.7479678917968442,next-5,fail
29,s29-test-18-7,5a0ccad0815ce01e06755191987c30d8,information_gain,0,0,True,1,3.5547298388267796,,
29,s29-test-18-7,5a0ccad0815ce01e06755191987c30d8,information_gain,1,1,True,1,3.280556521995007,next-6,pass
29,s29-test-18-7,5a0ccad0815ce01e06755191987c30d8,information_gain,2,2,True,1,2.949240178619864,next-9,pass
29,s29-test-18-7,5a0ccad0815ce01e06755191987c30d8,information_gain,3,3,True,1,2.7002634905831666,next-2,pass
29,s29-test-18-7,5a0ccad0815ce01e06755191987c30d8,information_gain,4,4,True,1,2.39957978813329,next-8,pass
29,s29-test-18-7,5a0ccad0815ce01e06755191987c30d8,random,0,0,True,1,3.5547298388267796,,
29,s29-test-18-7,5a0ccad0815ce01e06755191987c30d8,random,1,1,True,1,3.434000060257846,next-0,pass
29,s29-test-18-7,5a0ccad0815ce01e06755191987c30d8,random,2,2,True,1,3.1331739683501163,next-9,pass
29,s29-test-18-7,5a0ccad0815ce01e06755191987c30d8,random,3,3,True,1,2.840089062877645,next-6,pass
29,s29-test-18-7,5a0ccad0815ce01e06755191987c30d8,random,4,4,True,1,2.62500482060447,next-2,pass
29,s29-test-18-8,5a0ccad0815ce01e06755191987c30d8,information_gain,0,0,True,1,0.6942963250928427,,
29,s29-test-18-8,5a0ccad0815ce01e06755191987c30d8,information_gain,1,1,True,1,0.04199843820548861,next-10,fail
29,s29-test-18-8,5a0ccad0815ce01e06755191987c30d8,information_gain,2,2,True,1,0.0029767124309819947,next-8,fail
29,s29-test-18-8,5a0ccad0815ce01e06755191987c30d8,information_gain,3,3,True,1,0.0015321621187316856,next-0,pass
29,s29-test-18-8,5a0ccad0815ce01e06755191987c30d8,information_gain,4,4,True,1,0.0009916827715687193,next-4,pass
29,s29-test-18-8,5a0ccad0815ce01e06755191987c30d8,random,0,0,True,1,0.6942963250928427,,
29,s29-test-18-8,5a0ccad0815ce01e06755191987c30d8,random,1,1,True,1,0.3846009530583633,next-0,pass
29,s29-test-18-8,5a0ccad0815ce01e06755191987c30d8,random,2,2,True,1,0.3750879187043507,next-2,pass
29,s29-test-18-8,5a0ccad0815ce01e06755191987c30d8,random,3,3,True,1,0.21313067827176344,next-7,pass
29,s29-test-18-8,5a0ccad0815ce01e06755191987c30d8,random,4,4,True,1,0.010326660231489117,next-10,fail
29,s29-test-18-9,5a0ccad0815ce01e06755191987c30d8,information_gain,0,0,False,2,2.0690135434921446,,
29,s29-test-18-9,5a0ccad0815ce01e06755191987c30d8,information_gain,1,1,True,1,1.9157782554851264,next-0,pass
29,s29-test-18-9,5a0ccad0815ce01e06755191987c30d8,information_gain,2,2,True,1,0.5785453707830106,next-4,fail
29,s29-test-18-9,5a0ccad0815ce01e06755191987c30d8,information_gain,3,3,True,1,0.1965077221904811,next-9,pass
29,s29-test-18-9,5a0ccad0815ce01e06755191987c30d8,information_gain,4,4,True,1,0.0927426477957642,next-1,fail
29,s29-test-18-9,5a0ccad0815ce01e06755191987c30d8,random,0,0,False,2,2.0690135434921446,,
29,s29-test-18-9,5a0ccad0815ce01e06755191987c30d8,random,1,1,False,2,2.00535201577616,next-5,pass
29,s29-test-18-9,5a0ccad0815ce01e06755191987c30d8,random,2,2,False,2,1.9403337597356813,next-7,pass
29,s29-test-18-9,5a0ccad0815ce01e06755191987c30d8,random,3,3,False,2,1.9186918288820924,next-10,pass
29,s29-test-18-9,5a0ccad0815ce01e06755191987c30d8,random,4,4,True,1,1.688828529736236,next-9,pass
29,s29-test-18-10,5a0ccad0815ce01e06755191987c30d8,information_gain,0,0,False,5,3.6058762630950882,,
29,s29-test-18-10,5a0ccad0815ce01e06755191987c30d8,information_gain,1,1,False,2,2.223541824644984,next-2,fail
29,s29-test-18-10,5a0ccad0815ce01e06755191987c30d8,information_gain,2,2,False,2,2.1068012206914224,next-5,pass
29,s29-test-18-10,5a0ccad0815ce01e06755191987c30d8,information_gain,3,3,False,2,3.344795871097967,next-7,pass
29,s29-test-18-10,5a0ccad0815ce01e06755191987c30d8,information_gain,4,4,True,1,3.2004230836374727,next-11,pass
29,s29-test-18-10,5a0ccad0815ce01e06755191987c30d8,random,0,0,False,5,3.6058762630950882,,
29,s29-test-18-10,5a0ccad0815ce01e06755191987c30d8,random,1,1,False,5,3.5223967774179203,next-8,pass
29,s29-test-18-10,5a0ccad0815ce01e06755191987c30d8,random,2,2,False,4,3.3926844543862957,next-4,pass
29,s29-test-18-10,5a0ccad0815ce01e06755191987c30d8,random,3,3,False,2,2.116711920737973,next-2,fail
29,s29-test-18-10,5a0ccad0815ce01e06755191987c30d8,random,4,4,True,1,1.8819714680530168,next-9,pass
29,s29-test-18-11,5a0ccad0815ce01e06755191987c30d8,information_gain,0,0,False,2,3.6058762630950882,,
29,s29-test-18-11,5a0ccad0815ce01e06755191987c30d8,information_gain,1,1,True,1,2.1480044972946692,next-2,fail
29,s29-test-18-11,5a0ccad0815ce01e06755191987c30d8,information_gain,2,2,True,1,0.7284292164268218,next-11,fail
29,s29-test-18-11,5a0ccad0815ce01e06755191987c30d8,information_gain,3,3,True,1,0.06068644959643624,next-4,fail
29,s29-test-18-11,5a0ccad0815ce01e06755191987c30d8,information_gain,4,4,True,1,0.03302985832592736,next-0,pass
29,s29-test-18-11,5a0ccad0815ce01e06755191987c30d8,random,0,0,False,2,3.6058762630950882,,
29,s29-test-18-11,5a0ccad0815ce01e06755191987c30d8,random,1,1,True,1,1.9947342818470293,next-4,fail
29,s29-test-18-11,5a0ccad0815ce01e06755191987c30d8,random,2,2,True,1,1.8629049302070648,next-9,pass
29,s29-test-18-11,5a0ccad0815ce01e06755191987c30d8,random,3,3,True,1,1.7948224535979724,next-1,pass
29,s29-test-18-11,5a0ccad0815ce01e06755191987c30d8,random,4,4,True,1,1.7252243431544214,next-8,pass
29,s29-test-19-0,2668606099969a676ff78da82d194091,information_gain,0,0,False,14,3.8613248989019744,,
29,s29-test-19-0,2668606099969a676ff78da82d194091,information_gain,1,1,False,10,3.559666267644063,next-0,pass
29,s29-test-19-0,2668606099969a676ff78da82d194091,information_gain,2,2,False,7,3.2457391952252967,next-7,pass
29,s29-test-19-0,2668606099969a676ff78da82d194091,information_gain,3,3,False,6,3.138854925860153,next-2,pass
29,s29-test-19-0,2668606099969a676ff78da82d194091,information_gain,4,4,False,6,2.9955679158366135,next-11,pass
29,s29-test-19-0,2668606099969a676ff78da82d194091,random,0,0,False,14,3.8613248989019744,,
29,s29-test-19-0,2668606099969a676ff78da82d194091,random,1,1,False,12,3.7181203335431263,next-3,pass
29,s29-test-19-0,2668606099969a676ff78da82d194091,random,2,2,False,11,3.6109700906362825,next-5,pass
29,s29-test-19-0,2668606099969a676ff78da82d194091,random,3,3,False,9,3.369489457538521,next-0,pass
29,s29-test-19-0,2668606099969a676ff78da82d194091,random,4,4,False,9,3.297712650067658,next-10,pass
29,s29-test-19-1,2668606099969a676ff78da82d194091,information_gain,0,0,True,1,3.764757906152569,,
29,s29-test-19-1,2668606099969a676ff78da82d194091,information_gain,1,1,True,1,3.495254152257212,next-1,pass
29,s29-test-19-1,2668606099969a676ff78da82d194091,information_gain,2,2,True,1,3.308233868408955,next-3,pass
29,s29-test-19-1,2668606099969a676ff78da82d194091,information_gain,3,3,True,1,3.1566676985377966,next-4,pass
29,s29-test-19-1,2668606099969a676ff78da82d194091,information_gain,4,4,True,1,3.0415059522512635,next-10,pass
29,s29-test-19-1,2668606099969a676ff78da82d194091,random,0,0,True,1,3.764757906152569,,
29,s29-test-19-1,2668606099969a676ff78da82d194091,random,1,1,True,1,3.6898613668927442,next-2,pass
29,s29-test-19-1,2668606099969a676ff78da82d194091,random,2,2,True,1,3.6562900179811404,next-0,pass
29,s29-test-19-1,2668606099969a676ff78da82d194091,random,3,3,True,1,3.4566981725500234,next-4,pass
29,s29-test-19-1,2668606099969a676ff78da82d194091,random,4,4,True,1,3.3275742639166355,next-3,pass
29,s29-test-19-2,2668606099969a676ff78da82d194091,information_gain,0,0,False,5,3.810504257124954,,
29,s29-test-19-2,2668606099969a676ff78da82d194091,information_gain,1,1,False,5,3.6324426180307383,next-1,pass
29,s29-test-19-2,2668606099969a676ff78da82d194091,information_gain,2,2,False,4,3.4566981725500234,next-6,pass
29,s29-test-19-2,2668606099969a676ff78da82d194091,information_gain,3,3,False,4,3.263576442573236,next-11,pass
29,s29-test-19-2,2668606099969a676ff78da82d194091,information_gain,4,4,False,4,3.114727620777092,next-8,pass
29,s29-test-19-2,2668606099969a676ff78da82d194091,random,0,0,False,5,3.810504257124954,,
29,s29-test-19-2,2668606099969a676ff78da82d194091,random,1,1,False,5,3.7757154611612607,next-10,pass
29,s29-test-19-2,2668606099969a676ff78da82d194091,random,2,2,False,5,3.5930593365744055,next-1,pass
29,s29-test-19-2,2668606099969a676ff78da82d194091,random,3,3,False,4,3.416777288105048,next-6,pass
29,s29-test-19-2,2668606099969a676ff78da82d194091,random,4,4,False,4,3.4108280719273814,next-5,pass
29,s29-test-19-3,2668606099969a676ff78da82d194091,information_gain,0,0,False,6,3.764757906152569,,
29,s29-test-19-3,2668606099969a676ff78da82d194091,information_gain,1,1,False,4,3.495254152257212,next-5,pass
29,s29-test-19-3,2668606099969a676ff78da82d194091,information_gain,2,2,False,4,3.333838084185399,next-0,pass
29,s29-test-19-3,2668606099969a676ff78da82d194091,information_gain,3,3,False,3,3.1530918471622025,next-6,pass
29,s29-test-19-3,2668606099969a676ff78da82d194091,information_gain,4,4,True,1,1.7354942282666133,next-10,fail
29,s29-test-19-3,2668606099969a676ff78da82d194091,random,0,0,False,6,3.764757906152569,,
29,s29-test-19-3,2668606099969a676ff78da82d194091,random,1,1,False,6,3.6898613668927442,next-3,pass
29,s29-test-19-3,2668606099969a676ff78da82d194091,random,2,2,False,6,3.6109700906362825,next-1,pass
29,s29-test-19-3,2668606099969a676ff78da82d194091,random,3,3,False,6,3.5806127267984698,next-9,pass
29,s29-test-19-3,2668606099969a676ff78da82d194091,random,4,4,False,5,3.369489457538521,next-0,pass
29,s29-test-19-4,2668606099969a676ff78da82d194091,information_gain,0,0,False,5,3.8613248989019744,,
29,s29-test-19-4,2668606099969a676ff78da82d194091,information_gain,1,1,False,3,3.6409895917360364,next-4,pass
29,s29-test-19-4,2668606099969a676ff78da82d194091,information_gain,2,2,True,1,2.1674810997248555,next-5,fail
29,s29-test-19-4,2668606099969a676ff78da82d194091,information_gain,3,3,True,1,0.8827151398086924,next-7,fail
29,s29-test-19-4,2668606099969a676ff78da82d194091,information_gain,4,4,True,1,0.2476206537602277,next-0,fail
29,s29-test-19-4,2668606099969a676ff78da82d194091,random,0,0,False,5,3.8613248989019744,,
29,s29-test-19-4,2668606099969a676ff78da82d194091,random,1,1,False,3,3.6409895917360364,next-4,pass
29,s29-test-19-4,2668606099969a676ff78da82d194091,random,2,2,True,1,2.0153430819996196,next-0,fail
29,s29-test-19-4,2668606099969a676ff78da82d194091,random,3,3,True,1,1.9289800839008346,next-9,pass
29,s29-test-19-4,2668606099969a676ff78da82d194091,random,4,4,True,1,1.8387862242994193,next-6,pass
29,s29-test-19-5,2668606099969a676ff78da82d194091,information_gain,0,0,False,2,3.7914510056301474,,
29,s29-test-19-5,2668606099969a676ff78da82d194091,information_gain,1,1,False,16,3.6109700906362825,next-10,pass
29,s29-test-19-5,2668606099969a676ff78da82d194091,information_gain,2,2,False,15,3.4046770688943115,next-6,pass
29,s29-test-19-5,2668606099969a676ff78da82d194091,information_gain,3,3,False,13,3.270274279799017,next-8,pass
29,s29-test-19-5,2668606099969a676ff78da82d194091,information_gain,4,4,False,13,3.16395599382454,next-11,pass
29,s29-test-19-5,2668606099969a676ff78da82d194091,random,0,0,False,2,3.7914510056301474,,
29,s29-test-19-5,2668606099969a676ff78da82d194091,random,1,1,False,16,3.6109700906362825,next-10,pass
29,s29-test-19-5,2668606099969a676ff78da82d194091,random,2,2,False,16,3.527652982075853,next-11,pass
29,s29-test-19-5,2668606099969a676ff78da82d194091,random,3,3,False,16,3.4624619545789375,next-9,pass
29,s29-test-19-5,2668606099969a676ff78da82d194091,random,4,4,False,16,3.3632936321656395,next-1,pass
29,s29-test-19-6,2668606099969a676ff78da82d194091,information_gain,0,0,True,1,3.9280431468015027,,
29,s29-test-19-6,2668606099969a676ff78da82d194091,information_gain,1,1,True,1,3.7181203335431263,next-2,pass
29,s29-test-19-6,2668606099969a676ff78da82d194091,information_gain,2,2,False,4,2.2273488155972596,next-6,fail
29,s29-test-19-6,2668606099969a676ff78da82d194091,information_gain,3,3,False,3,2.120350016040607,next-9,pass
29,s29-test-19-6,2668606099969a676ff78da82d194091,information_gain,4,4,False,2,1.9000613204972374,next-3,pass
29,s29-test-19-6,2668606099969a676ff78da82d194091,random,0,0,True,1,3.9280431468015027,,
29,s29-test-19-6,2668606099969a676ff78da82d194091,random,1,1,True,1,3.8613248989019744,next-7,pass
29,s29-test-19-6,2668606099969a676ff78da82d194091,random,2,2,True,1,3.7914510056301474,next-11,pass
29,s29-test-19-6,2668606099969a676ff78da82d194091,random,3,3,True,1,3.6409895917360364,next-5,pass
29,s29-test-19-6,2668606099969a676ff78da82d194091,random,4,4,True,1,3.4394109118723097,next-2,pass
29,s29-test-19-7,2668606099969a676ff78da82d194091,information_gain,0,0,False,3,3.610970090636282,,
29,s29-test-19-7,2668606099969a676ff78da82d194091,information_gain,1,1,False,2,3.4624619545789375,next-1,pass
29,s29-test-19-7,2668606099969a676ff78da82d194091,information_gain,2,2,False,2,3.297712650067658,next-11,pass
29,s29-test-19-7,2668606099969a676ff78da82d194091,information_gain,3,3,False,2,3.1530918471622025,next-0,pass
29,s29-test-19-7,2668606099969a676ff78da82d194091,information_gain,4,4,True,1,1.5403830362150246,next-4,fail
29,s29-test-19-7,2668606099969a676ff78da82d194091,random,0,0,False,3,3.610970090636282,,
29,s29-test-19-7,2668606099969a676ff78da82d194091,random,1,1,False,3,3.527652982075853,next-2,pass
29,s29-test-19-7,2668606099969a676ff78da82d194091,random,2,2,True,1,2.0052056068471615,next-4,fail
29,s29-test-19-7,2668606099969a676ff78da82d194091,random,3,3,True,1,1.9737392591672023,next-9,pass
29,s29-test-19-7,2668606099969a676ff78da82d194091,random,4,4,True,1,1.8814175103719903,next-5,pass
29,s29-test-19-8,2668606099969a676ff78da82d194091,information_gain,0,0,False,15,3.9280431468015027,,
29,s29-test-19-8,2668606099969a676ff78da82d194091,information_gain,1,1,False,12,3.7181203335431263,next-5,pass
29,s29-test-19-8,2668606099969a676ff78da82d194091,information_gain,2,2,False,10,3.559666267644063,next-8,pass
29,s29-test-19-8,2668606099969a676ff78da82d194091,information_gain,3,3,False,9,3.369489457538521,next-0,pass
29,s29-test-19-8,2668606099969a676ff78da82d194091,information_gain,4,4,False,8,3.231772850244911,next-10,pass
29,s29-test-19-8,2668606099969a676ff78da82d194091,random,0,0,False,15,3.9280431468015027,,
29,s29-test-19-8,2668606099969a676ff78da82d194091,random,1,1,False,15,3.9040138653808927,next-4,pass
29,s29-test-19-8,2668606099969a676ff78da82d194091,random,2,2,False,14,3.8360335350619463,next-1,pass
29,s29-test-19-8,2668606099969a676ff78da82d194091,random,3,3,False,12,3.6898613668927442,next-7,pass
29,s29-test-19-8,2668606099969a676ff78da82d194091,random,4,4,False,12,3.661303896452239,next-2,pass
29,s29-test-19-9,2668606099969a676ff78da82d194091,information_gain,0,0,False,5,3.810504257124954,,
29,s29-test-19-9,2668606099969a676ff78da82d194091,information_gain,1,1,False,3,3.5806127267984698,next-6,pass
29,s29-test-19-9,2668606099969a676ff78da82d194091,information_gain,2,2,True,1,1.9941479489106455,next-0,fail
29,s29-test-19-9,2668606099969a676ff78da82d194091,information_gain,3,3,True,1,0.38369310141141166,next-4,fail
29,s29-test-19-9,2668606099969a676ff78da82d194091,information_gain,4,4,True,1,0.021029147055284723,next-7,fail
29,s29-test-19-9,2668606099969a676ff78da82d194091,random,0,0,False,5,3.810504257124954,,
29,s29-test-19-9,2668606099969a676ff78da82d194091,random,1,1,False,3,3.6324426180307383,next-9,pass
29,s29-test-19-9,2668606099969a676ff78da82d194091,random,2,2,False,4,2.190448819114053,next-5,fail
29,s29-test-19-9,2668606099969a676ff78da82d194091,random,3,3,False,4,2.1387004411050605,next-10,pass
29,s29-test-19-9,2668606099969a676ff78da82d194091,random,4,4,False,2,0.3910028276718097,next-4,fail
29,s29-test-19-10,2668606099969a676ff78da82d194091,information_gain,0,0,False,4,3.7181203335431263,,
29,s29-test-19-10,2668606099969a676ff78da82d194091,information_gain,1,1,False,3,3.495254152257212,next-1,pass
29,s29-test-19-10,2668606099969a676ff78da82d194091,information_gain,2,2,False,3,3.308233868408955,next-6,pass
29,s29-test-19-10,2668606099969a676ff78da82d194091,information_gain,3,3,False,2,3.1147276207770918,next-11,pass
29,s29-test-19-10,2668606099969a676ff78da82d194091,information_gain,4,4,False,2,2.9012789812013144,next-8,pass
29,s29-test-19-10,2668606099969a676ff78da82d194091,random,0,0,False,4,3.7181203335431263,,
29,s29-test-19-10,2668606099969a676ff78da82d194091,random,1,1,False,3,3.5499110986684075,next-11,pass
29,s29-test-19-10,2668606099969a676ff78da82d194091,random,2,2,False,3,3.333838084185399,next-8,pass
29,s29-test-19-10,2668606099969a676ff78da82d194091,random,3,3,False,3,3.297712650067658,next-7,pass
29,s29-test-19-10,2668606099969a676ff78da82d194091,random,4,4,False,3,3.079606547326612,next-6,pass
29,s29-test-19-11,2668606099969a676ff78da82d194091,information_gain,0,0,False,9,3.8613248989019744,,
29,s29-test-19-11,2668606099969a676ff78da82d194091,information_gain,1,1,False,7,3.6409895917360364,next-5,pass
29,s29-test-19-11,2668606099969a676ff78da82d194091,information_gain,2,2,False,3,2.2388460475150787,next-7,fail
29,s29-test-19-11,2668606099969a676ff78da82d194091,information_gain,3,3,True,1,2.1345340872764087,next-6,pass
29,s29-test-19-11,2668606099969a676ff78da82d194091,information_gain,4,4,True,1,0.18574931867810465,next-11,fail
29,s29-test-19-11,2668606099969a676ff78da82d194091,random,0,0,False,9,3.8613248989019744,,
29,s29-test-19-11,2668606099969a676ff78da82d194091,random,1,1,False,7,3.7181203335431263,next-6,pass
29,s29-test-19-11,2668606099969a676ff78da82d194091,random,2,2,False,6,3.6409895917360364,next-9,pass
29,s29-test-19-11,2668606099969a676ff78da82d194091,random,3,3,False,6,3.5499110986684075,next-8,pass
29,s29-test-19-11,2668606099969a676ff78da82d194091,random,4,4,False,6,3.429268345450948,next-1,pass
29,s29-test-20-0,c00f1f6db63387ae0b57056977a3ad36,information_gain,0,0,False,5,2.5988273713194383,,
29,s29-test-20-0,c00f1f6db63387ae0b57056977a3ad36,information_gain,1,1,False,2,0.42409885566531746,next-10,fail
29,s29-test-20-0,c00f1f6db63387ae0b57056977a3ad36,information_gain,2,2,False,2,0.21167542559642036,next-2,pass
29,s29-test-20-0,c00f1f6db63387ae0b57056977a3ad36,information_gain,3,3,False,2,0.7611512947713371,next-3,fail
29,s29-test-20-0,c00f1f6db63387ae0b57056977a3ad36,information_gain,4,4,False,2,0.6168871059388892,next-0,pass
29,s29-test-20-0,c00f1f6db63387ae0b57056977a3ad36,random,0,0,False,5,2.5988273713194383,,
29,s29-test-20-0,c00f1f6db63387ae0b57056977a3ad36,random,1,1,False,6,2.0738403398938683,next-5,fail
29,s29-test-20-0,c00f1f6db63387ae0b57056977a3ad36,random,2,2,False,3,0.9391800683271585,next-10,fail
29,s29-test-20-0,c00f1f6db63387ae0b57056977a3ad36,random,3,3,False,3,1.0819639817845546,next-9,fail
29,s29-test-20-0,c00f1f6db63387ae0b57056977a3ad36,random,4,4,True,1,1.5815751588321747,next-3,fail
29,s29-test-20-1,c00f1f6db63387ae0b57056977a3ad36,information_gain,0,0,False,13,3.9280431468015027,,
29,s29-test-20-1,c00f1f6db63387ae0b57056977a3ad36,information_gain,1,1,False,10,3.7181203335431263,next-10,pass
29,s29-test-20-1,c00f1f6db63387ae0b57056977a3ad36,information_gain,2,2,False,3,2.2863918401852747,next-8,fail
29,s29-test-20-1,c00f1f6db63387ae0b57056977a3ad36,information_gain,3,3,True,1,0.6781559818390064,next-1,fail
29,s29-test-20-1,c00f1f6db63387ae0b57056977a3ad36,information_gain,4,4,True,1,0.5297429781429387,next-7,pass
29,s29-test-20-1,c00f1f6db63387ae0b57056977a3ad36,random,0,0,False,13,3.9280431468015027,,
29,s29-test-20-1,c00f1f6db63387ae0b57056977a3ad36,random,1,1,False,12,3.8360335350619463,next-0,pass
29,s29-test-20-1,c00f1f6db63387ae0b57056977a3ad36,random,2,2,False,3,2.371913133896895,next-8,fail
29,s29-test-20-1,c00f1f6db63387ae0b57056977a3ad36,random,3,3,False,3,2.3644274405312316,next-11,pass
29,s29-test-20-1,c00f1f6db63387ae0b57056977a3ad36,random,4,4,True,1,0.6934403791336975,next-1,fail
29,s29-test-20-2,c00f1f6db63387ae0b57056977a3ad36,information_gain,0,0,True,1,3.7377991680913776,,
29,s29-test-20-2,c00f1f6db63387ae0b57056977a3ad36,information_gain,1,1,True,1,3.5499110986684075,next-10,pass
29,s29-test-20-2,c00f1f6db63387ae0b57056977a3ad36,information_gain,2,2,True,1,3.395665053410021,next-1,pass
29,s29-test-20-2,c00f1f6db63387ae0b57056977a3ad36,information_gain,3,3,True,1,3.223996806789228,next-4,pass
29,s29-test-20-2,c00f1f6db63387ae0b57056977a3ad36,information_gain,4,4,True,1,3.098819393398856,next-11,pass
29,s29-test-20-2,c00f1f6db63387ae0b57056977a3ad36,random,0,0,True,1,3.7377991680913776,,
29,s29-test-20-2,c00f1f6db63387ae0b57056977a3ad36,random,1,1,True,1,3.627384349288905,next-11,pass
29,s29-test-20-2,c00f1f6db63387ae0b57056977a3ad36,random,2,2,True,1,3.5930593365744055,next-2,pass
29,s29-test-20-2,c00f1f6db63387ae0b57056977a3ad36,random,3,3,True,1,3.4176154833837122,next-9,pass
29,s29-test-20-2,c00f1f6db63387ae0b57056977a3ad36,random,4,4,True,1,3.2850370217684524,next-8,pass
29,s29-test-20-3,c00f1f6db63387ae0b57056977a3ad36,information_gain,0,0,False,7,2.20179463541161,,
29,s29-test-20-3,c00f1f6db63387ae0b57056977a3ad36,information_gain,1,1,False,2,0.6957891664202632,next-10,fail
29,s29-test-20-3,c00f1f6db63387ae0b57056977a3ad36,information_gain,2,2,False,2,1.9639634512862312,next-8,pass
29,s29-test-20-3,c00f1f6db63387ae0b57056977a3ad36,information_gain,3,3,True,1,2.2884421450093333,next-4,pass
29,s29-test-20-3,c00f1f6db63387ae0b57056977a3ad36,information_gain,4,4,True,1,2.175156523377303,next-3,pass
29,s29-test-20-3,c00f1f6db63387ae0b57056977a3ad36,random,0,0,False,7,2.20179463541161,,
29,s29-test-20-3,c00f1f6db63387ae0b57056977a3ad36,random,1,1,False,2,0.6957891664202632,next-10,fail
29,s29-test-20-3,c00f1f6db63387ae0b57056977a3ad36,random,2,2,False,2,0.685803566053201,next-1,pass
29,s29-test-20-3,c00f1f6db63387ae0b57056977a3ad36,random,3,3,False,2,0.6769783963569346,next-9,pass
29,s29-test-20-3,c00f1f6db63387ae0b57056977a3ad36,random,4,4,False,2,0.6592863160326096,next-3,pass
29,s29-test-20-4,c00f1f6db63387ae0b57056977a3ad36,information_gain,0,0,False,16,3.9397129266643915,,
29,s29-test-20-4,c00f1f6db63387ae0b57056977a3ad36,information_gain,1,1,False,13,3.81178862066293,next-0,pass
29,s29-test-20-4,c00f1f6db63387ae0b57056977a3ad36,information_gain,2,2,False,12,3.833686442049873,next-11,pass
29,s29-test-20-4,c00f1f6db63387ae0b57056977a3ad36,information_gain,3,3,False,9,3.609500890991348,next-7,pass
29,s29-test-20-4,c00f1f6db63387ae0b57056977a3ad36,information_gain,4,4,False,8,3.4601485972377266,next-6,pass
29,s29-test-20-4,c00f1f6db63387ae0b57056977a3ad36,random,0,0,False,16,3.9397129266643915,,
29,s29-test-20-4,c00f1f6db63387ae0b57056977a3ad36,random,1,1,False,15,3.873791390172687,next-3,pass
29,s29-test-20-4,c00f1f6db63387ae0b57056977a3ad36,random,2,2,False,12,3.656279273388638,next-5,pass
29,s29-test-20-4,c00f1f6db63387ae0b57056977a3ad36,random,3,3,False,11,3.6098742090867586,next-0,pass
29,s29-test-20-4,c00f1f6db63387ae0b57056977a3ad36,random,4,4,False,10,3.497805553141214,next-8,pass
29,s29-test-20-5,c00f1f6db63387ae0b57056977a3ad36,information_gain,0,0,False,8,3.9040138653808927,,
29,s29-test-20-5,c00f1f6db63387ae0b57056977a3ad36,information_gain,1,1,False,3,2.417486906460701,next-4,fail
29,s29-test-20-5,c00f1f6db63387ae0b57056977a3ad36,information_gain,2,2,False,2,1.1819193459891877,next-1,fail
29,s29-test-20-5,c00f1f6db63387ae0b57056977a3ad36,information_gain,3,3,False,2,1.0969409159122179,next-11,pass
29,s29-test-20-5,c00f1f6db63387ae0b57056977a3ad36,information_gain,4,4,False,2,1.086821553348671,next-5,pass
29,s29-test-20-5,c00f1f6db63387ae0b57056977a3ad36,random,0,0,False,8,3.9040138653808927,,
29,s29-test-20-5,c00f1f6db63387ae0b57056977a3ad36,random,1,1,False,8,3.810504257124954,next-8,pass
29,s29-test-20-5,c00f1f6db63387ae0b57056977a3ad36,random,2,2,False,8,3.7802267180670954,next-9,pass
29,s29-test-20-5,c00f1f6db63387ae0b57056977a3ad36,random,3,3,False,7,3.7058038239983415,next-7,pass
29,s29-test-20-5,c00f1f6db63387ae0b57056977a3ad36,random,4,4,False,2,2.108732449355915,next-1,fail
29,s29-test-20-6,c00f1f6db63387ae0b57056977a3ad36,information_gain,0,0,True,1,3.8613248989019744,,
29,s29-test-20-6,c00f1f6db63387ae0b57056977a3ad36,information_gain,1,1,True,1,3.661303896452239,next-6,pass
29,s29-test-20-6,c00f1f6db63387ae0b57056977a3ad36,information_gain,2,2,True,1,3.4624619545789375,next-2,pass
29,s29-test-20-6,c00f1f6db63387ae0b57056977a3ad36,information_gain,3,3,True,1,3.270274279799017,next-5,pass
29,s29-test-20-6,c00f1f6db63387ae0b57056977a3ad36,information_gain,4,4,True,1,3.1221104098915085,next-11,pass
29,s29-test-20-6,c00f1f6db63387ae0b57056977a3ad36,random,0,0,True,1,3.8613248989019744,,
29,s29-test-20-6,c00f1f6db63387ae0b57056977a3ad36,random,1,1,True,1,3.7181203335431263,next-5,pass
29,s29-test-20-6,c00f1f6db63387ae0b57056977a3ad36,random,2,2,True,1,3.6898613668927442,next-7,pass
29,s29-test-20-6,c00f1f6db63387ae0b57056977a3ad36,random,3,3,True,1,3.495254152257212,next-2,pass
29,s29-test-20-6,c00f1f6db63387ae0b57056977a3ad36,random,4,4,True,1,3.369489457538521,next-9,pass
29,s29-test-20-7,c00f1f6db63387ae0b57056977a3ad36,information_gain,0,0,True,1,2.2614532378467063,,
29,s29-test-20-7,c00f1f6db63387ae0b57056977a3ad36,information_gain,1,1,False,2,2.27673377596904,next-10,pass
29,s29-test-20-7,c00f1f6db63387ae0b57056977a3ad36,information_gain,2,2,False,2,3.7323942604680687,next-6,pass
29,s29-test-20-7,c00f1f6db63387ae0b57056977a3ad36,information_gain,3,3,True,1,3.6616929651138936,next-7,pass
29,s29-test-20-7,c00f1f6db63387ae0b57056977a3ad36,information_gain,4,4,True,1,1.1440163129718268,next-4,fail
29,s29-test-20-7,c00f1f6db63387ae0b57056977a3ad36,random,0,0,True,1,2.2614532378467063,,
29,s29-test-20-7,c00f1f6db63387ae0b57056977a3ad36,random,1,1,False,2,2.27673377596904,next-10,pass
29,s29-test-20-7,c00f1f6db63387ae0b57056977a3ad36,random,2,2,False,2,2.1941395604755907,next-2,pass
29,s29-test-20-7,c00f1f6db63387ae0b57056977a3ad36,random,3,3,True,1,3.5760437124298314,next-7,pass
29,s29-test-20-7,c00f1f6db63387ae0b57056977a3ad36,random,4,4,True,1,3.465612560897105,next-11,pass
29,s29-test-20-8,c00f1f6db63387ae0b57056977a3ad36,information_gain,0,0,False,3,3.9918708228372077,,
29,s29-test-20-8,c00f1f6db63387ae0b57056977a3ad36,information_gain,1,1,False,3,3.7914510056301474,next-0,pass
29,s29-test-20-8,c00f1f6db63387ae0b57056977a3ad36,information_gain,2,2,False,3,3.661303896452239,next-11,pass
29,s29-test-20-8,c00f1f6db63387ae0b57056977a3ad36,information_gain,3,3,False,3,3.5499110986684075,next-7,pass
29,s29-test-20-8,c00f1f6db63387ae0b57056977a3ad36,information_gain,4,4,False,2,3.4566981725500234,next-6,pass
29,s29-test-20-8,c00f1f6db63387ae0b57056977a3ad36,random,0,0,False,3,3.9918708228372077,,
29,s29-test-20-8,c00f1f6db63387ae0b57056977a3ad36,random,1,1,False,3,3.7914510056301474,next-0,pass
29,s29-test-20-8,c00f1f6db63387ae0b57056977a3ad36,random,2,2,False,3,3.7181203335431263,next-9,pass
29,s29-test-20-8,c00f1f6db63387ae0b57056977a3ad36,random,3,3,False,3,3.6898613668927442,next-5,pass
29,s29-test-20-8,c00f1f6db63387ae0b57056977a3ad36,random,4,4,False,3,3.6109700906362825,next-3,pass
29,s29-test-20-9,c00f1f6db63387ae0b57056977a3ad36,information_gain,0,0,True,1,3.8613248989019744,,
29,s29-test-20-9,c00f1f6db63387ae0b57056977a3ad36,information_gain,1,1,True,1,3.6409895917360364,next-2,pass
29,s29-test-20-9,c00f1f6db63387ae0b57056977a3ad36,information_gain,2,2,True,1,3.4394109118723097,next-4,pass
29,s29-test-20-9,c00f1f6db63387ae0b57056977a3ad36,information_gain,3,3,True,1,3.270274279799017,next-5,pass
29,s29-test-20-9,c00f1f6db63387ae0b57056977a3ad36,information_gain,4,4,True,1,3.16395599382454,next-10,pass
29,s29-test-20-9,c00f1f6db63387ae0b57056977a3ad36,random,0,0,True,1,3.8613248989019744,,
29,s29-test-20-9,c00f1f6db63387ae0b57056977a3ad36,random,1,1,True,1,3.8360335350619463,next-1,pass
29,s29-test-20-9,c00f1f6db63387ae0b57056977a3ad36,random,2,2,True,1,3.6898613668927442,next-6,pass
29,s29-test-20-9,c00f1f6db63387ae0b57056977a3ad36,random,3,3,True,1,3.4394109118723097,next-5,pass
29,s29-test-20-9,c00f1f6db63387ae0b57056977a3ad36,random,4,4,True,1,3.369489457538521,next-8,pass
29,s29-test-20-10,c00f1f6db63387ae0b57056977a3ad36,information_gain,0,0,False,2,2.433510007612929,,
29,s29-test-20-10,c00f1f6db63387ae0b57056977a3ad36,information_gain,1,1,True,1,2.5099195173206335,next-0,pass
29,s29-test-20-10,c00f1f6db63387ae0b57056977a3ad36,information_gain,2,2,True,1,0.4059347830789706,next-9,fail
29,s29-test-20-10,c00f1f6db63387ae0b57056977a3ad36,information_gain,3,3,True,1,0.38569606364902004,next-1,pass
29,s29-test-20-10,c00f1f6db63387ae0b57056977a3ad36,information_gain,4,4,True,1,0.36665174605084977,next-10,pass
29,s29-test-20-10,c00f1f6db63387ae0b57056977a3ad36,random,0,0,False,2,2.433510007612929,,
29,s29-test-20-10,c00f1f6db63387ae0b57056977a3ad36,random,1,1,False,2,2.319933636606243,next-2,pass
29,s29-test-20-10,c00f1f6db63387ae0b57056977a3ad36,random,2,2,False,2,2.2017946354116105,next-8,pass
29,s29-test-20-10,c00f1f6db63387ae0b57056977a3ad36,random,3,3,False,2,2.1204480290204843,next-1,pass
29,s29-test-20-10,c00f1f6db63387ae0b57056977a3ad36,random,4,4,False,2,2.0564884273563924,next-3,pass
29,s29-test-20-11,c00f1f6db63387ae0b57056977a3ad36,information_gain,0,0,False,3,2.4696974808353214,,
29,s29-test-20-11,c00f1f6db63387ae0b57056977a3ad36,information_gain,1,1,True,1,2.526984416872794,next-9,pass
29,s29-test-20-11,c00f1f6db63387ae0b57056977a3ad36,information_gain,2,2,True,1,0.7812382009338749,next-7,fail
29,s29-test-20-11,c00f1f6db63387ae0b57056977a3ad36,information_gain,3,3,True,1,0.434309451086394,next-10,pass
29,s29-test-20-11,c00f1f6db63387ae0b57056977a3ad36,information_gain,4,4,True,1,0.12326816797891774,next-3,fail
29,s29-test-20-11,c00f1f6db63387ae0b57056977a3ad36,random,0,0,False,3,2.4696974808353214,,
29,s29-test-20-11,c00f1f6db63387ae0b57056977a3ad36,random,1,1,False,2,2.2860378130124905,next-8,pass
29,s29-test-20-11,c00f1f6db63387ae0b57056977a3ad36,random,2,2,True,1,2.2052276698325413,next-10,pass
29,s29-test-20-11,c00f1f6db63387ae0b57056977a3ad36,random,3,3,True,1,2.1756187293021556,next-4,pass
29,s29-test-20-11,c00f1f6db63387ae0b57056977a3ad36,random,4,4,True,1,2.1585855532399427,next-11,pass
29,s29-test-21-0,59bc602a49e75ff239c45ffb3ef11d3b,information_gain,0,0,False,2,2.024188887614711,,
29,s29-test-21-0,59bc602a49e75ff239c45ffb3ef11d3b,information_gain,1,1,True,1,0.6704260578772993,next-3,fail
29,s29-test-21-0,59bc602a49e75ff239c45ffb3ef11d3b,information_gain,2,2,True,1,0.22841417595937316,next-7,fail
29,s29-test-21-0,59bc602a49e75ff239c45ffb3ef11d3b,information_gain,3,3,True,1,0.21817143607259684,next-2,pass
29,s29-test-21-0,59bc602a49e75ff239c45ffb3ef11d3b,information_gain,4,4,True,1,0.21676324277557418,next-1,pass
29,s29-test-21-0,59bc602a49e75ff239c45ffb3ef11d3b,random,0,0,False,2,2.024188887614711,,
29,s29-test-21-0,59bc602a49e75ff239c45ffb3ef11d3b,random,1,1,False,2,2.013626277531535,next-8,pass
29,s29-test-21-0,59bc602a49e75ff239c45ffb3ef11d3b,random,2,2,False,2,1.9488237169409957,next-9,pass
29,s29-test-21-0,59bc602a49e75ff239c45ffb3ef11d3b,random,3,3,False,2,1.8701151123465733,next-1,pass
29,s29-test-21-0,59bc602a49e75ff239c45ffb3ef11d3b,random,4,4,False,2,1.802240529078426,next-10,pass
29,s29-test-21-1,59bc602a49e75ff239c45ffb3ef11d3b,information_gain,0,0,False,2,1.0887897276383296,,
29,s29-test-21-1,59bc602a49e75ff239c45ffb3ef11d3b,information_gain,1,1,True,1,0.5988452442828314,next-1,pass
29,s29-test-21-1,59bc602a49e75ff239c45ffb3ef11d3b,information_gain,2,2,True,1,0.24541959651675266,next-7,pass
29,s29-test-21-1,59bc602a49e75ff239c45ffb3ef11d3b,information_gain,3,3,True,1,0.03470304872773804,next-0,fail
29,s29-test-21-1,59bc602a49e75ff239c45ffb3ef11d3b,information_gain,4,4,True,1,0.006217826464524054,next-11,fail
29,s29-test-21-1,59bc602a49e75ff239c45ffb3ef11d3b,random,0,0,False,2,1.0887897276383296,,
29,s29-test-21-1,59bc602a49e75ff239c45ffb3ef11d3b,random,1,1,False,2,1.009838157213208,next-11,fail
29,s29-test-21-1,59bc602a49e75ff239c45ffb3ef11d3b,random,2,2,False,2,1.0093571340669831,next-10,pass
29,s29-test-21-1,59bc602a49e75ff239c45ffb3ef11d3b,random,3,3,False,2,1.0100962130151534,next-9,fail
29,s29-test-21-1,59bc602a49e75ff239c45ffb3ef11d3b,random,4,4,False,2,1.0091791539604784,next-3,pass
29,s29-test-21-2,59bc602a49e75ff239c45ffb3ef11d3b,information_gain,0,0,False,16,1.9595753161254574,,
29,s29-test-21-2,59bc602a49e75ff239c45ffb3ef11d3b,information_gain,1,1,False,16,1.9429428221798903,next-0,pass
29,s29-test-21-2,59bc602a49e75ff239c45ffb3ef11d3b,information_gain,2,2,False,16,3.418771758917103,next-7,pass
29,s29-test-21-2,59bc602a49e75ff239c45ffb3ef11d3b,information_gain,3,3,False,5,2.4275466100972762,next-9,fail
29,s29-test-21-2,59bc602a49e75ff239c45ffb3ef11d3b,information_gain,4,4,False,2,1.9811399174460094,next-1,fail
29,s29-test-21-2,59bc602a49e75ff239c45ffb3ef11d3b,random,0,0,False,16,1.9595753161254574,,
29,s29-test-21-2,59bc602a49e75ff239c45ffb3ef11d3b,random,1,1,False,4,2.260550483209718,next-4,fail
29,s29-test-21-2,59bc602a49e75ff239c45ffb3ef11d3b,random,2,2,True,1,2.201246704785893,next-8,fail
29,s29-test-21-2,59bc602a49e75ff239c45ffb3ef11d3b,random,3,3,True,1,1.9664300103602086,next-6,pass
29,s29-test-21-2,59bc602a49e75ff239c45ffb3ef11d3b,random,4,4,True,1,0.4148378580959582,next-1,fail
29,s29-test-21-3,59bc602a49e75ff239c45ffb3ef11d3b,information_gain,0,0,True,1,1.2747538333635613,,
29,s29-test-21-3,59bc602a49e75ff239c45ffb3ef11d3b,information_gain,1,1,True,1,0.24096847585313544,next-1,fail
29,s29-test-21-3,59bc602a49e75ff239c45ffb3ef11d3b,information_gain,2,2,True,1,0.07299049155621319,next-5,pass
29,s29-test-21-3,59bc602a49e75ff239c45ffb3ef11d3b,information_gain,3,3,True,1,0.003980815097669816,next-2,fail
29,s29-test-21-3,59bc602a49e75ff239c45ffb3ef11d3b,information_gain,4,4,True,1,0.0006941342000485026,next-4,fail
29,s29-test-21-3,59bc602a49e75ff239c45ffb3ef11d3b,random,0,0,True,1,1.2747538333635613,,
29,s29-test-21-3,59bc602a49e75ff239c45ffb3ef11d3b,random,1,1,True,1,1.2699046580488247,next-6,pass
29,s29-test-21-3,59bc602a49e75ff239c45ffb3ef11d3b,random,2,2,True,1,1.2650514021448396,next-8,pass
29,s29-test-21-3,59bc602a49e75ff239c45ffb3ef11d3b,random,3,3,True,1,1.2553326269950622,next-11,pass
29,s29-test-21-3,59bc602a49e75ff239c45ffb3ef11d3b,random,4,4,True,1,1.2498228112096064,next-9,pass
29,s29-test-21-4,59bc602a49e75ff239c45ffb3ef11d3b,information_gain,0,0,True,1,3.4598245103398697,,
29,s29-test-21-4,59bc602a49e75ff239c45ffb3ef11d3b,information_gain,1,1,True,1,3.1885470352751537,next-0,pass
29,s29-test-21-4,59bc602a49e75ff239c45ffb3ef11d3b,information_gain,2,2,True,1,3.023063349061118,next-2,pass
29,s29-test-21-4,59bc602a49e75ff239c45ffb3ef11d3b,information_gain,3,3,True,1,2.8874026956379604,next-4,pass
29,s29-test-21-4,59bc602a49e75ff239c45ffb3ef11d3b,information_gain,4,4,True,1,2.747919938550147,next-10,pass
29,s29-test-21-4,59bc602a49e75ff239c45ffb3ef11d3b,random,0,0,True,1,3.4598245103398697,,
29,s29-test-21-4,59bc602a49e75ff239c45ffb3ef11d3b,random,1,1,True,1,3.390625568893284,next-7,pass
29,s29-test-21-4,59bc602a49e75ff239c45ffb3ef11d3b,random,2,2,True,1,3.3844895348498576,next-9,pass
29,s29-test-21-4,59bc602a49e75ff239c45ffb3ef11d3b,random,3,3,True,1,3.371305271826461,next-6,pass
29,s29-test-21-4,59bc602a49e75ff239c45ffb3ef11d3b,random,4,4,True,1,3.3340287737901404,next-8,pass
29,s29-test-21-5,59bc602a49e75ff239c45ffb3ef11d3b,information_gain,0,0,False,10,3.493765740972742,,
29,s29-test-21-5,59bc602a49e75ff239c45ffb3ef11d3b,information_gain,1,1,False,8,3.269340446950099,next-0,pass
29,s29-test-21-5,59bc602a49e75ff239c45ffb3ef11d3b,information_gain,2,2,False,7,3.068379046356169,next-2,pass
29,s29-test-21-5,59bc602a49e75ff239c45ffb3ef11d3b,information_gain,3,3,False,6,2.8962835626170502,next-1,pass
29,s29-test-21-5,59bc602a49e75ff239c45ffb3ef11d3b,information_gain,4,4,True,1,1.4725042767917476,next-11,fail
29,s29-test-21-5,59bc602a49e75ff239c45ffb3ef11d3b,random,0,0,False,10,3.493765740972742,,
29,s29-test-21-5,59bc602a49e75ff239c45ffb3ef11d3b,random,1,1,False,8,3.3088356251544293,next-8,pass
29,s29-test-21-5,59bc602a49e75ff239c45ffb3ef11d3b,random,2,2,False,8,3.269340446950099,next-6,pass
29,s29-test-21-5,59bc602a49e75ff239c45ffb3ef11d3b,random,3,3,False,7,3.1644460280249134,next-3,pass
29,s29-test-21-5,59bc602a49e75ff239c45ffb3ef11d3b,random,4,4,True,1,1.4290746975861963,next-11,fail
29,s29-test-21-6,59bc602a49e75ff239c45ffb3ef11d3b,information_gain,0,0,False,6,1.7169396022655328,,
29,s29-test-21-6,59bc602a49e75ff239c45ffb3ef11d3b,information_gain,1,1,False,6,1.4691301869972828,next-2,pass
29,s29-test-21-6,59bc602a49e75ff239c45ffb3ef11d3b,information_gain,2,2,False,6,1.3371553153039832,next-10,pass
29,s29-test-21-6,59bc602a49e75ff239c45ffb3ef11d3b,information_gain,3,3,False,6,1.2165357074392973,next-11,pass
29,s29-test-21-6,59bc602a49e75ff239c45ffb3ef11d3b,information_gain,4,4,False,5,1.0934176113489658,next-6,pass
29,s29-test-21-6,59bc602a49e75ff239c45ffb3ef11d3b,random,0,0,False,6,1.7169396022655328,,
29,s29-test-21-6,59bc602a49e75ff239c45ffb3ef11d3b,random,1,1,False,6,1.6994755830264776,next-1,pass
29,s29-test-21-6,59bc602a49e75ff239c45ffb3ef11d3b,random,2,2,False,6,1.6618230744605236,next-7,pass
29,s29-test-21-6,59bc602a49e75ff239c45ffb3ef11d3b,random,3,3,False,6,1.4477313621077859,next-11,pass
29,s29-test-21-6,59bc602a49e75ff239c45ffb3ef11d3b,random,4,4,False,5,1.3344105552542245,next-0,pass
29,s29-test-21-7,59bc602a49e75ff239c45ffb3ef11d3b,information_gain,0,0,False,8,3.493765740972742,,
29,s29-test-21-7,59bc602a49e75ff239c45ffb3ef11d3b,information_gain,1,1,False,7,3.229249319790439,next-11,pass
29,s29-test-21-7,59bc602a49e75ff239c45ffb3ef11d3b,information_gain,2,2,False,6,3.003984366185027,next-2,pass
29,s29-test-21-7,59bc602a49e75ff239c45ffb3ef11d3b,information_gain,3,3,False,5,2.7578691627473155,next-0,pass
29,s29-test-21-7,59bc602a49e75ff239c45ffb3ef11d3b,information_gain,4,4,False,4,2.5295476825852807,next-3,pass
29,s29-test-21-7,59bc602a49e75ff239c45ffb3ef11d3b,random,0,0,False,8,3.493765740972742,,
29,s29-test-21-7,59bc602a49e75ff239c45ffb3ef11d3b,random,1,1,False,8,3.4598245103398697,next-1,pass
29,s29-test-21-7,59bc602a49e75ff239c45ffb3ef11d3b,random,2,2,False,8,3.323990805586994,next-7,pass
29,s29-test-21-7,59bc602a49e75ff239c45ffb3ef11d3b,random,3,3,False,6,3.068379046356169,next-3,pass
29,s29-test-21-7,59bc602a49e75ff239c45ffb3ef11d3b,random,4,4,False,5,2.9462984131722973,next-10,pass
29,s29-test-21-8,59bc602a49e75ff239c45ffb3ef11d3b,information_gain,0,0,False,2,3.5784814819270436,,
29,s29-test-21-8,59bc602a49e75ff239c45ffb3ef11d3b,information_gain,1,1,False,2,3.3675580217864773,next-6,pass
29,s29-test-21-8,59bc602a49e75ff239c45ffb3ef11d3b,information_gain,2,2,True,1,1.8149783074227455,next-1,fail
29,s29-test-21-8,59bc602a49e75ff239c45ffb3ef11d3b,information_gain,3,3,True,1,1.732858683342078,next-5,pass
29,s29-test-21-8,59bc602a49e75ff239c45ffb3ef11d3b,information_gain,4,4,True,1,1.6502817506904521,next-2,pass
29,s29-test-21-8,59bc602a49e75ff239c45ffb3ef11d3b,random,0,0,False,2,3.5784814819270436,,
29,s29-test-21-8,59bc602a49e75ff239c45ffb3ef11d3b,random,1,1,False,2,3.3675580217864773,next-6,pass
29,s29-test-21-8,59bc602a49e75ff239c45ffb3ef11d3b,random,2,2,False,2,3.222133988640897,next-5,pass
29,s29-test-21-8,59bc602a49e75ff239c45ffb3ef11d3b,random,3,3,False,2,3.2211065081043846,next-4,pass
29,s29-test-21-8,59bc602a49e75ff239c45ffb3ef11d3b,random,4,4,False,2,3.067239303068035,next-2,pass
29,s29-test-21-9,59bc602a49e75ff239c45ffb3ef11d3b,information_gain,0,0,False,9,3.5146833127284425,,
29,s29-test-21-9,59bc602a49e75ff239c45ffb3ef11d3b,information_gain,1,1,False,7,3.222133988640897,next-4,pass
29,s29-test-21-9,59bc602a49e75ff239c45ffb3ef11d3b,information_gain,2,2,False,6,3.068379046356169,next-10,pass
29,s29-test-21-9,59bc602a49e75ff239c45ffb3ef11d3b,information_gain,3,3,False,5,2.9462984131722973,next-3,pass
29,s29-test-21-9,59bc602a49e75ff239c45ffb3ef11d3b,information_gain,4,4,False,5,2.8349946244942394,next-1,pass
29,s29-test-21-9,59bc602a49e75ff239c45ffb3ef11d3b,random,0,0,False,9,3.5146833127284425,,
29,s29-test-21-9,59bc602a49e75ff239c45ffb3ef11d3b,random,1,1,False,9,3.3844895348498576,next-9,pass
29,s29-test-21-9,59bc602a49e75ff239c45ffb3ef11d3b,random,2,2,False,8,3.286380544831477,next-5,pass
29,s29-test-21-9,59bc602a49e75ff239c45ffb3ef11d3b,random,3,3,False,8,3.241521658215904,next-10,pass
29,s29-test-21-9,59bc602a49e75ff239c45ffb3ef11d3b,random,4,4,False,6,2.9676656876364285,next-4,pass
29,s29-test-21-10,59bc602a49e75ff239c45ffb3ef11d3b,information_gain,0,0,False,5,3.5784814819270436,,
29,s29-test-21-10,59bc602a49e75ff239c45ffb3ef11d3b,information_gain,1,1,False,2,2.114925799740169,next-8,fail
29,s29-test-21-10,59bc602a49e75ff239c45ffb3ef11d3b,information_gain,2,2,True,1,1.9391702684161318,next-3,pass
29,s29-test-21-10,59bc602a49e75ff239c45ffb3ef11d3b,information_gain,3,3,True,1,0.23297230361504895,next-9,fail
29,s29-test-21-10,59bc602a49e75ff239c45ffb3ef11d3b,information_gain,4,4,True,1,0.13844500714286243,next-10,pass
29,s29-test-21-10,59bc602a49e75ff239c45ffb3ef11d3b,random,0,0,False,5,3.5784814819270436,,
29,s29-test-21-10,59bc602a49e75ff239c45ffb3ef11d3b,random,1,1,True,1,2.0335441057371595,next-9,fail
29,s29-test-21-10,59bc602a49e75ff239c45ffb3ef11d3b,random,2,2,True,1,1.7129977557348532,next-3,pass
29,s29-test-21-10,59bc602a49e75ff239c45ffb3ef11d3b,random,3,3,True,1,1.6096409812009973,next-7,pass
29,s29-test-21-10,59bc602a49e75ff239c45ffb3ef11d3b,random,4,4,True,1,1.570984727370101,next-0,pass
29,s29-test-21-11,59bc602a49e75ff239c45ffb3ef11d3b,information_gain,0,0,False,6,3.5784814819270436,,
29,s29-test-21-11,59bc602a49e75ff239c45ffb3ef11d3b,information_gain,1,1,False,3,2.1972224223132324,next-5,fail
29,s29-test-21-11,59bc602a49e75ff239c45ffb3ef11d3b,information_gain,2,2,True,1,2.0609514737536134,next-1,pass
29,s29-test-21-11,59bc602a49e75ff239c45ffb3ef11d3b,information_gain,3,3,True,1,1.6414624871449772,next-3,pass
29,s29-test-21-11,59bc602a49e75ff239c45ffb3ef11d3b,information_gain,4,4,True,1,1.4033407056894294,next-7,pass
29,s29-test-21-11,59bc602a49e75ff239c45ffb3ef11d3b,random,0,0,False,6,3.5784814819270436,,
29,s29-test-21-11,59bc602a49e75ff239c45ffb3ef11d3b,random,1,1,False,4,3.404067154152577,next-1,pass
29,s29-test-21-11,59bc602a49e75ff239c45ffb3ef11d3b,random,2,2,False,4,3.2549440564362553,next-3,pass
29,s29-test-21-11,59bc602a49e75ff239c45ffb3ef11d3b,random,3,3,False,4,3.1472178458760514,next-6,pass
29,s29-test-21-11,59bc602a49e75ff239c45ffb3ef11d3b,random,4,4,False,4,3.0150438239142403,next-4,pass
29,s29-test-22-0,1cf3d8e961c328729a7346c2b1febd78,information_gain,0,0,False,7,3.181036301338382,,
29,s29-test-22-0,1cf3d8e961c328729a7346c2b1febd78,information_gain,1,1,False,4,2.8261648508721864,next-10,pass
29,s29-test-22-0,1cf3d8e961c328729a7346c2b1febd78,information_gain,2,2,False,2,1.4503211978745407,next-5,fail
29,s29-test-22-0,1cf3d8e961c328729a7346c2b1febd78,information_gain,3,3,True,1,1.167052880868652,next-2,pass
29,s29-test-22-0,1cf3d8e961c328729a7346c2b1febd78,information_gain,4,4,True,1,0.08809621832403851,next-4,fail
29,s29-test-22-0,1cf3d8e961c328729a7346c2b1febd78,random,0,0,False,7,3.181036301338382,,
29,s29-test-22-0,1cf3d8e961c328729a7346c2b1febd78,random,1,1,False,6,2.9735432288640493,next-9,pass
29,s29-test-22-0,1cf3d8e961c328729a7346c2b1febd78,random,2,2,False,6,2.91465566169894,next-8,pass
29,s29-test-22-0,1cf3d8e961c328729a7346c2b1febd78,random,3,3,False,5,2.778885751592099,next-6,pass
29,s29-test-22-0,1cf3d8e961c328729a7346c2b1febd78,random,4,4,False,4,2.5654566760874418,next-2,pass
29,s29-test-22-1,1cf3d8e961c328729a7346c2b1febd78,information_gain,0,0,False,5,3.0707481953653284,,
29,s29-test-22-1,1cf3d8e961c328729a7346c2b1febd78,information_gain,1,1,False,6,1.7770630899459103,next-2,fail
29,s29-test-22-1,1cf3d8e961c328729a7346c2b1febd78,information_gain,2,2,False,5,1.4509597484569918,next-1,pass
29,s29-test-22-1,1cf3d8e961c328729a7346c2b1febd78,information_gain,3,3,False,5,2.8156451315483815,next-9,pass
29,s29-test-22-1,1cf3d8e961c328729a7346c2b1febd78,information_gain,4,4,False,3,2.6420840874670883,next-11,pass
29,s29-test-22-1,1cf3d8e961c328729a7346c2b1febd78,random,0,0,False,5,3.0707481953653284,,
29,s29-test-22-1,1cf3d8e961c328729a7346c2b1febd78,random,1,1,False,5,2.9735432288640493,next-8,pass
29,s29-test-22-1,1cf3d8e961c328729a7346c2b1febd78,random,2,2,False,5,2.788868532346638,next-10,pass
29,s29-test-22-1,1cf3d8e961c328729a7346c2b1febd78,random,3,3,True,1,1.4898428010445042,next-5,fail
29,s29-test-22-1,1cf3d8e961c328729a7346c2b1febd78,random,4,4,False,2,0.2905223377320567,next-4,fail
29,s29-test-22-2,1cf3d8e961c328729a7346c2b1febd78,information_gain,0,0,False,2,3.1372413982206466,,
29,s29-test-22-2,1cf3d8e961c328729a7346c2b1febd78,information_gain,1,1,False,2,2.766091762899475,next-6,pass
29,s29-test-22-2,1cf3d8e961c328729a7346c2b1febd78,information_gain,2,2,False,2,2.4691295730150036,next-7,pass
29,s29-test-22-2,1cf3d8e961c328729a7346c2b1febd78,information_gain,3,3,False,2,2.192309989954858,next-4,pass
29,s29-test-22-2,1cf3d8e961c328729a7346c2b1febd78,information_gain,4,4,True,1,0.5415267730340568,next-2,fail
29,s29-test-22-2,1cf3d8e961c328729a7346c2b1febd78,random,0,0,False,2,3.1372413982206466,,
29,s29-test-22-2,1cf3d8e961c328729a7346c2b1febd78,random,1,1,False,2,2.9735432288640493,next-9,pass
29,s29-test-22-2,1cf3d8e961c328729a7346c2b1febd78,random,2,2,False,2,2.8446118894309254,next-10,pass
29,s29-test-22-2,1cf3d8e961c328729a7346c2b1febd78,random,3,3,True,1,1.0927029272106648,next-2,fail
29,s29-test-22-2,1cf3d8e961c328729a7346c2b1febd78,random,4,4,True,1,1.0479819987086014,next-4,pass
29,s29-test-22-3,1cf3d8e961c328729a7346c2b1febd78,information_gain,0,0,True,1,1.7434227489616463,,
29,s29-test-22-3,1cf3d8e961c328729a7346c2b1febd78,information_gain,1,1,True,1,0.49358822851500994,next-11,fail
29,s29-test-22-3,1cf3d8e961c328729a7346c2b1febd78,information_gain,2,2,True,1,0.040168779106931146,next-7,fail
29,s29-test-22-3,1cf3d8e961c328729a7346c2b1febd78,information_gain,3,3,True,1,0.019227807154737486,next-2,pass
29,s29-test-22-3,1cf3d8e961c328729a7346c2b1febd78,information_gain,4,4,True,1,0.013610827151165511,next-0,fail
29,s29-test-22-3,1cf3d8e961c328729a7346c2b1febd78,random,0,0,True,1,1.7434227489616463,,
29,s29-test-22-3,1cf3d8e961c328729a7346c2b1febd78,random,1,1,True,1,1.6610206503832319,next-4,pass
29,s29-test-22-3,1cf3d8e961c328729a7346c2b1febd78,random,2,2,True,1,1.5140758375791952,next-8,pass
29,s29-test-22-3,1cf3d8e961c328729a7346c2b1febd78,random,3,3,True,1,1.50197441337373,next-1,pass
29,s29-test-22-3,1cf3d8e961c328729a7346c2b1febd78,random,4,4,True,1,1.4898428010445042,next-10,pass
29,s29-test-22-4,1cf3d8e961c328729a7346c2b1febd78,information_gain,0,0,False,3,3.2842454762854865,,
29,s29-test-22-4,1cf3d8e961c328729a7346c2b1febd78,information_gain,1,1,False,3,2.952659617925562,next-0,pass
29,s29-test-22-4,1cf3d8e961c328729a7346c2b1febd78,information_gain,2,2,True,1,1.7076258673526103,next-8,fail
29,s29-test-22-4,1cf3d8e961c328729a7346c2b1febd78,information_gain,3,3,False,2,1.3390830982286088,next-4,pass
29,s29-test-22-4,1cf3d8e961c328729a7346c2b1febd78,information_gain,4,4,True,1,2.7593022653141848,next-3,pass
29,s29-test-22-4,1cf3d8e961c328729a7346c2b1febd78,random,0,0,False,3,3.2842454762854865,,
29,s29-test-22-4,1cf3d8e961c328729a7346c2b1febd78,random,1,1,False,9,3.1372413982206466,next-4,pass
29,s29-test-22-4,1cf3d8e961c328729a7346c2b1febd78,random,2,2,True,1,3.1116009183882167,next-5,fail
29,s29-test-22-4,1cf3d8e961c328729a7346c2b1febd78,random,3,3,True,1,2.9912494947701105,next-3,pass
29,s29-test-22-4,1cf3d8e961c328729a7346c2b1febd78,random,4,4,True,1,0.80685872539277,next-8,fail
29,s29-test-22-5,1cf3d8e961c328729a7346c2b1febd78,information_gain,0,0,True,1,1.4845865772786295,,
29,s29-test-22-5,1cf3d8e961c328729a7346c2b1febd78,information_gain,1,1,True,1,0.2912021182584736,next-11,fail
29,s29-test-22-5,1cf3d8e961c328729a7346c2b1febd78,information_gain,2,2,True,1,0.12575575579198844,next-4,pass
29,s29-test-22-5,1cf3d8e961c328729a7346c2b1febd78,information_gain,3,3,True,1,0.017235980165956895,next-7,fail
29,s29-test-22-5,1cf3d8e961c328729a7346c2b1febd78,information_gain,4,4,True,1,0.006012459441764114,next-0,pass
29,s29-test-22-5,1cf3d8e961c328729a7346c2b1febd78,random,0,0,True,1,1.4845865772786295,,
29,s29-test-22-5,1cf3d8e961c328729a7346c2b1febd78,random,1,1,True,1,0.31940534539337573,next-2,fail
29,s29-test-22-5,1cf3d8e961c328729a7346c2b1febd78,random,2,2,True,1,0.15515415682759068,next-4,pass
29,s29-test-22-5,1cf3d8e961c328729a7346c2b1febd78,random,3,3,True,1,0.15383149741805016,next-3,pass
29,s29-test-22-5,1cf3d8e961c328729a7346c2b1febd78,random,4,4,True,1,0.13378056720214895,next-9,pass
29,s29-test-22-6,1cf3d8e961c328729a7346c2b1febd78,information_gain,0,0,False,7,3.2440893416020073,,
29,s29-test-22-6,1cf3d8e961c328729a7346c2b1febd78,information_gain,1,1,False,4,2.8991956096061116,next-0,pass
29,s29-test-22-6,1cf3d8e961c328729a7346c2b1febd78,information_gain,2,2,False,3,2.6415901900169767,next-1,pass
29,s29-test-22-6,1cf3d8e961c328729a7346c2b1febd78,information_gain,3,3,False,2,2.3918691304342627,next-2,pass
29,s29-test-22-6,1cf3d8e961c328729a7346c2b1febd78,information_gain,4,4,False,2,2.106312160622435,next-10,pass
29,s29-test-22-6,1cf3d8e961c328729a7346c2b1febd78,random,0,0,False,7,3.2440893416020073,,
29,s29-test-22-6,1cf3d8e961c328729a7346c2b1febd78,random,1,1,False,7,3.129421606178481,next-9,pass
29,s29-test-22-6,1cf3d8e961c328729a7346c2b1febd78,random,2,2,False,4,2.7551811854385533,next-2,pass
29,s29-test-22-6,1cf3d8e961c328729a7346c2b1febd78,random,3,3,True,1,0.9830465752755845,next-8,fail
29,s29-test-22-6,1cf3d8e961c328729a7346c2b1febd78,random,4,4,True,1,0.6878545166844264,next-1,pass
29,s29-test-22-7,1cf3d8e961c328729a7346c2b1febd78,information_gain,0,0,False,4,3.181036301338382,,
29,s29-test-22-7,1cf3d8e961c328729a7346c2b1febd78,information_gain,1,1,False,4,2.8261648508721864,next-2,pass
29,s29-test-22-7,1cf3d8e961c328729a7346c2b1febd78,information_gain,2,2,False,6,2.4691295730150036,next-4,pass
29,s29-test-22-7,1cf3d8e961c328729a7346c2b1febd78,information_gain,3,3,False,6,2.0374747314770003,next-7,pass
29,s29-test-22-7,1cf3d8e961c328729a7346c2b1febd78,information_gain,4,4,False,3,1.6264296068236117,next-8,pass
29,s29-test-22-7,1cf3d8e961c328729a7346c2b1febd78,random,0,0,False,4,3.181036301338382,,
29,s29-test-22-7,1cf3d8e961c328729a7346c2b1febd78,random,1,1,False,4,3.092708851973406,next-6,pass
29,s29-test-22-7,1cf3d8e961c328729a7346c2b1febd78,random,2,2,False,10,2.9735432288640493,next-10,pass
29,s29-test-22-7,1cf3d8e961c328729a7346c2b1febd78,random,3,3,False,8,2.7045863248301067,next-0,pass
29,s29-test-22-7,1cf3d8e961c328729a7346c2b1febd78,random,4,4,False,7,2.6415901900169767,next-11,pass
29,s29-test-22-8,1cf3d8e961c328729a7346c2b1febd78,information_gain,0,0,False,7,3.2033171782341516,,
29,s29-test-22-8,1cf3d8e961c328729a7346c2b1febd78,information_gain,1,1,False,6,2.8446118894309254,next-11,pass
29,s29-test-22-8,1cf3d8e961c328729a7346c2b1febd78,information_gain,2,2,False,2,1.6848038284747706,next-7,fail
29,s29-test-22-8,1cf3d8e961c328729a7346c2b1febd78,information_gain,3,3,True,1,1.3006842436200277,next-9,pass
29,s29-test-22-8,1cf3d8e961c328729a7346c2b1febd78,information_gain,4,4,True,1,1.0607224256679397,next-10,pass
29,s29-test-22-8,1cf3d8e961c328729a7346c2b1febd78,random,0,0,False,7,3.2033171782341516,,
29,s29-test-22-8,1cf3d8e961c328729a7346c2b1febd78,random,1,1,False,6,3.0847794533419033,next-1,pass
29,s29-test-22-8,1cf3d8e961c328729a7346c2b1febd78,random,2,2,False,5,2.9647733421701647,next-5,pass
29,s29-test-22-8,1cf3d8e961c328729a7346c2b1febd78,random,3,3,False,5,2.9057291128796705,next-8,pass
29,s29-test-22-8,1cf3d8e961c328729a7346c2b1febd78,random,4,4,False,5,2.844107686169328,next-2,pass
29,s29-test-22-9,1cf3d8e961c328729a7346c2b1febd78,information_gain,0,0,True,1,2.9735432288640493,,
29,s29-test-22-9,1cf3d8e961c328729a7346c2b1febd78,information_gain,1,1,True,1,2.552202102647583,next-4,pass
29,s29-test-22-9,1cf3d8e961c328729a7346c2b1febd78,information_gain,2,2,True,1,2.2139295032832718,next-3,pass
29,s29-test-22-9,1cf3d8e961c328729a7346c2b1febd78,information_gain,3,3,True,1,1.8889102320173201,next-10,pass
29,s29-test-22-9,1cf3d8e961c328729a7346c2b1febd78,information_gain,4,4,True,1,1.6267560766360583,next-7,pass
29,s29-test-22-9,1cf3d8e961c328729a7346c2b1febd78,random,0,0,True,1,2.9735432288640493,,
29,s29-test-22-9,1cf3d8e961c328729a7346c2b1febd78,random,1,1,True,1,2.8446118894309254,next-2,pass
29,s29-test-22-9,1cf3d8e961c328729a7346c2b1febd78,random,2,2,True,1,2.577041686732662,next-3,pass
29,s29-test-22-9,1cf3d8e961c328729a7346c2b1febd78,random,3,3,True,1,2.553840098967773,next-11,pass
29,s29-test-22-9,1cf3d8e961c328729a7346c2b1febd78,random,4,4,True,1,2.364799828865356,next-0,pass
29,s29-test-22-10,1cf3d8e961c328729a7346c2b1febd78,information_gain,0,0,False,2,2.08878070509976,,
29,s29-test-22-10,1cf3d8e961c328729a7346c2b1febd78,information_gain,1,1,True,1,1.147468321303871,next-1,fail
29,s29-test-22-10,1cf3d8e961c328729a7346c2b1febd78,information_gain,2,2,False,2,0.6876110315270411,next-6,pass
29,s29-test-22-10,1cf3d8e961c328729a7346c2b1febd78,information_gain,3,3,True,1,1.3712474457602493,next-10,fail
29,s29-test-22-10,1cf3d8e961c328729a7346c2b1febd78,information_gain,4,4,True,1,0.9601680333426307,next-11,pass
29,s29-test-22-10,1cf3d8e961c328729a7346c2b1febd78,random,0,0,False,2,2.08878070509976,,
29,s29-test-22-10,1cf3d8e961c328729a7346c2b1febd78,random,1,1,True,1,1.147468321303871,next-1,fail
29,s29-test-22-10,1cf3d8e961c328729a7346c2b1febd78,random,2,2,True,1,1.1424826472121383,next-9,pass
29,s29-test-22-10,1cf3d8e961c328729a7346c2b1febd78,random,3,3,True,1,1.1324984639653788,next-5,pass
29,s29-test-22-10,1cf3d8e961c328729a7346c2b1febd78,random,4,4,True,1,0.6530981881498398,next-11,pass
29,s29-test-22-11,1cf3d8e961c328729a7346c2b1febd78,information_gain,0,0,False,7,3.129421606178481,,
29,s29-test-22-11,1cf3d8e961c328729a7346c2b1febd78,information_gain,1,1,False,4,2.7551811854385533,next-5,pass
29,s29-test-22-11,1cf3d8e961c328729a7346c2b1febd78,information_gain,2,2,False,2,2.3716831146385835,next-8,pass
29,s29-test-22-11,1cf3d8e961c328729a7346c2b1febd78,information_gain,3,3,True,1,1.0784068042292965,next-9,fail
29,s29-test-22-11,1cf3d8e961c328729a7346c2b1febd78,information_gain,4,4,True,1,0.10612056159536123,next-2,fail
29,s29-test-22-11,1cf3d8e961c328729a7346c2b1febd78,random,0,0,False,7,3.129421606178481,,
29,s29-test-22-11,1cf3d8e961c328729a7346c2b1febd78,random,1,1,False,7,3.0847794533419033,next-0,pass
29,s29-test-22-11,1cf3d8e961c328729a7346c2b1febd78,random,2,2,False,6,2.91465566169894,next-11,pass
29,s29-test-22-11,1cf3d8e961c328729a7346c2b1febd78,random,3,3,False,6,2.8967839310018126,next-3,pass
29,s29-test-22-11,1cf3d8e961c328729a7346c2b1febd78,random,4,4,False,5,2.758849828054076,next-6,pass
29,s29-test-23-0,09993dff1a21a27bfc5ff348c3ff211d,information_gain,0,0,True,1,1.2184350948140246,,
29,s29-test-23-0,09993dff1a21a27bfc5ff348c3ff211d,information_gain,1,1,True,1,0.1126349880290951,next-7,fail
29,s29-test-23-0,09993dff1a21a27bfc5ff348c3ff211d,information_gain,2,2,True,1,0.07423660659467826,next-4,pass
29,s29-test-23-0,09993dff1a21a27bfc5ff348c3ff211d,information_gain,3,3,True,1,0.053726736298287156,next-6,pass
29,s29-test-23-0,09993dff1a21a27bfc5ff348c3ff211d,information_gain,4,4,True,1,0.039792337209791515,next-11,pass
29,s29-test-23-0,09993dff1a21a27bfc5ff348c3ff211d,random,0,0,True,1,1.2184350948140246,,
29,s29-test-23-0,09993dff1a21a27bfc5ff348c3ff211d,random,1,1,True,1,1.0745160936577949,next-10,pass
29,s29-test-23-0,09993dff1a21a27bfc5ff348c3ff211d,random,2,2,True,1,0.10120925461173241,next-7,fail
29,s29-test-23-0,09993dff1a21a27bfc5ff348c3ff211d,random,3,3,True,1,0.10104265425652857,next-3,pass
29,s29-test-23-0,09993dff1a21a27bfc5ff348c3ff211d,random,4,4,True,1,0.08959478991144953,next-8,pass
29,s29-test-23-1,09993dff1a21a27bfc5ff348c3ff211d,information_gain,0,0,False,3,2.85148597444458,,
29,s29-test-23-1,09993dff1a21a27bfc5ff348c3ff211d,information_gain,1,1,True,1,1.8564123039958653,next-7,fail
29,s29-test-23-1,09993dff1a21a27bfc5ff348c3ff211d,information_gain,2,2,True,1,1.5893394559069296,next-11,pass
29,s29-test-23-1,09993dff1a21a27bfc5ff348c3ff211d,information_gain,3,3,True,1,1.3701629435658786,next-2,pass
29,s29-test-23-1,09993dff1a21a27bfc5ff348c3ff211d,information_gain,4,4,True,1,0.10777888163584505,next-6,fail
29,s29-test-23-1,09993dff1a21a27bfc5ff348c3ff211d,random,0,0,False,3,2.85148597444458,,
29,s29-test-23-1,09993dff1a21a27bfc5ff348c3ff211d,random,1,1,False,2,2.6499291113361485,next-0,pass
29,s29-test-23-1,09993dff1a21a27bfc5ff348c3ff211d,random,2,2,True,1,0.9237529198277296,next-6,fail
29,s29-test-23-1,09993dff1a21a27bfc5ff348c3ff211d,random,3,3,True,1,0.7655958189003682,next-2,pass
29,s29-test-23-1,09993dff1a21a27bfc5ff348c3ff211d,random,4,4,True,1,0.7624266503342817,next-10,pass
29,s29-test-23-2,09993dff1a21a27bfc5ff348c3ff211d,information_gain,0,0,False,3,2.85148597444458,,
29,s29-test-23-2,09993dff1a21a27bfc5ff348c3ff211d,information_gain,1,1,False,2,2.565587732446435,next-0,pass
29,s29-test-23-2,09993dff1a21a27bfc5ff348c3ff211d,information_gain,2,2,True,1,1.1294243896122866,next-10,fail
29,s29-test-23-2,09993dff1a21a27bfc5ff348c3ff211d,information_gain,3,3,True,1,0.8067073378517444,next-6,pass
29,s29-test-23-2,09993dff1a21a27bfc5ff348c3ff211d,information_gain,4,4,True,1,1.3336918612816342,next-5,fail
29,s29-test-23-2,09993dff1a21a27bfc5ff348c3ff211d,random,0,0,False,3,2.85148597444458,,
29,s29-test-23-2,09993dff1a21a27bfc5ff348c3ff211d,random,1,1,False,3,2.6499291113361485,next-7,pass
29,s29-test-23-2,09993dff1a21a27bfc5ff348c3ff211d,random,2,2,False,2,1.401732615468948,next-10,fail
29,s29-test-23-2,09993dff1a21a27bfc5ff348c3ff211d,random,3,3,False,2,1.3768020062813808,next-1,pass
29,s29-test-23-2,09993dff1a21a27bfc5ff348c3ff211d,random,4,4,False,2,1.3733434923935084,next-9,pass
29,s29-test-23-3,09993dff1a21a27bfc5ff348c3ff211d,information_gain,0,0,False,3,3.2476782181571426,,
29,s29-test-23-3,09993dff1a21a27bfc5ff348c3ff211d,information_gain,1,1,False,2,2.9068705341919316,next-1,pass
29,s29-test-23-3,09993dff1a21a27bfc5ff348c3ff211d,information_gain,2,2,False,2,2.565587732446435,next-5,pass
29,s29-test-23-3,09993dff1a21a27bfc5ff348c3ff211d,information_gain,3,3,False,2,2.2302370334456305,next-11,pass
29,s29-test-23-3,09993dff1a21a27bfc5ff348c3ff211d,information_gain,4,4,False,2,1.9133009646623798,next-3,pass
29,s29-test-23-3,09993dff1a21a27bfc5ff348c3ff211d,random,0,0,False,3,3.2476782181571426,,
29,s29-test-23-3,09993dff1a21a27bfc5ff348c3ff211d,random,1,1,False,3,3.1417753200462246,next-4,pass
29,s29-test-23-3,09993dff1a21a27bfc5ff348c3ff211d,random,2,2,False,2,2.776494375878486,next-1,pass
29,s29-test-23-3,09993dff1a21a27bfc5ff348c3ff211d,random,3,3,False,2,2.6499291113361485,next-8,pass
29,s29-test-23-3,09993dff1a21a27bfc5ff348c3ff211d,random,4,4,False,2,2.5047728702651013,next-0,pass
29,s29-test-23-4,09993dff1a21a27bfc5ff348c3ff211d,information_gain,0,0,False,3,3.050839574825811,,
29,s29-test-23-4,09993dff1a21a27bfc5ff348c3ff211d,information_gain,1,1,False,3,2.7847194154781656,next-11,pass
29,s29-test-23-4,09993dff1a21a27bfc5ff348c3ff211d,information_gain,2,2,False,2,2.4783293192846987,next-10,pass
29,s29-test-23-4,09993dff1a21a27bfc5ff348c3ff211d,information_gain,3,3,False,2,2.196986028793312,next-9,pass
29,s29-test-23-4,09993dff1a21a27bfc5ff348c3ff211d,information_gain,4,4,False,2,1.8701138338609578,next-3,pass
29,s29-test-23-4,09993dff1a21a27bfc5ff348c3ff211d,random,0,0,False,3,3.050839574825811,,
29,s29-test-23-4,09993dff1a21a27bfc5ff348c3ff211d,random,1,1,False,3,3.0426707345311406,next-0,pass
29,s29-test-23-4,09993dff1a21a27bfc5ff348c3ff211d,random,2,2,False,3,2.995887205734624,next-6,pass
29,s29-test-23-4,09993dff1a21a27bfc5ff348c3ff211d,random,3,3,False,3,2.8566219298563196,next-9,pass
29,s29-test-23-4,09993dff1a21a27bfc5ff348c3ff211d,random,4,4,False,2,2.714801174486753,next-1,pass
29,s29-test-23-5,09993dff1a21a27bfc5ff348c3ff211d,information_gain,0,0,False,6,2.9787206914989413,,
29,s29-test-23-5,09993dff1a21a27bfc5ff348c3ff211d,information_gain,1,1,False,2,1.7444901197845586,next-1,fail
29,s29-test-23-5,09993dff1a21a27bfc5ff348c3ff211d,information_gain,2,2,True,1,1.6206162992717628,next-5,pass
29,s29-test-23-5,09993dff1a21a27bfc5ff348c3ff211d,information_gain,3,3,True,1,0.5311002063096176,next-6,fail
29,s29-test-23-5,09993dff1a21a27bfc5ff348c3ff211d,information_gain,4,4,True,1,0.49823304917835504,next-3,pass
29,s29-test-23-5,09993dff1a21a27bfc5ff348c3ff211d,random,0,0,False,6,2.9787206914989413,,
29,s29-test-23-5,09993dff1a21a27bfc5ff348c3ff211d,random,1,1,False,2,1.7444901197845586,next-1,fail
29,s29-test-23-5,09993dff1a21a27bfc5ff348c3ff211d,random,2,2,True,1,1.6206162992717628,next-5,pass
29,s29-test-23-5,09993dff1a21a27bfc5ff348c3ff211d,random,3,3,True,1,1.6008358277221675,next-0,pass
29,s29-test-23-5,09993dff1a21a27bfc5ff348c3ff211d,random,4,4,True,1,1.4787553104542754,next-9,pass
29,s29-test-23-6,09993dff1a21a27bfc5ff348c3ff211d,information_gain,0,0,False,2,1.7216901875562332,,
29,s29-test-23-6,09993dff1a21a27bfc5ff348c3ff211d,information_gain,1,1,True,1,1.3830060694083945,next-0,pass
29,s29-test-23-6,09993dff1a21a27bfc5ff348c3ff211d,information_gain,2,2,True,1,1.1121063754938927,next-3,pass
29,s29-test-23-6,09993dff1a21a27bfc5ff348c3ff211d,information_gain,3,3,True,1,0.851442928703295,next-8,pass
29,s29-test-23-6,09993dff1a21a27bfc5ff348c3ff211d,information_gain,4,4,True,1,0.712358259696162,next-5,pass
29,s29-test-23-6,09993dff1a21a27bfc5ff348c3ff211d,random,0,0,False,2,1.7216901875562332,,
29,s29-test-23-6,09993dff1a21a27bfc5ff348c3ff211d,random,1,1,False,2,1.6387364904104047,next-4,pass
29,s29-test-23-6,09993dff1a21a27bfc5ff348c3ff211d,random,2,2,True,1,1.474806464756252,next-2,pass
29,s29-test-23-6,09993dff1a21a27bfc5ff348c3ff211d,random,3,3,True,1,1.3451382730954935,next-9,pass
29,s29-test-23-6,09993dff1a21a27bfc5ff348c3ff211d,random,4,4,True,1,1.2294790190429725,next-5,pass
29,s29-test-23-7,09993dff1a21a27bfc5ff348c3ff211d,information_gain,0,0,False,3,3.2476782181571426,,
29,s29-test-23-7,09993dff1a21a27bfc5ff348c3ff211d,information_gain,1,1,False,3,2.9068705341919316,next-1,pass
29,s29-test-23-7,09993dff1a21a27bfc5ff348c3ff211d,information_gain,2,2,False,3,2.565587732446435,next-0,pass
29,s29-test-23-7,09993dff1a21a27bfc5ff348c3ff211d,information_gain,3,3,False,2,2.2302370334456305,next-5,pass
29,s29-test-23-7,09993dff1a21a27bfc5ff348c3ff211d,information_gain,4,4,False,5,2.0284791040802883,next-7,pass
29,s29-test-23-7,09993dff1a21a27bfc5ff348c3ff211d,random,0,0,False,3,3.2476782181571426,,
29,s29-test-23-7,09993dff1a21a27bfc5ff348c3ff211d,random,1,1,False,3,2.9787206914989413,next-9,pass
29,s29-test-23-7,09993dff1a21a27bfc5ff348c3ff211d,random,2,2,False,3,2.6499291113361485,next-1,pass
29,s29-test-23-7,09993dff1a21a27bfc5ff348c3ff211d,random,3,3,False,3,2.572399216516547,next-6,pass
29,s29-test-23-7,09993dff1a21a27bfc5ff348c3ff211d,random,4,4,False,3,2.4926351042843087,next-4,pass
29,s29-test-23-8,09993dff1a21a27bfc5ff348c3ff211d,information_gain,0,0,True,1,1.7216901875562332,,
29,s29-test-23-8,09993dff1a21a27bfc5ff348c3ff211d,information_gain,1,1,False,2,0.4907938554565787,next-9,fail
29,s29-test-23-8,09993dff1a21a27bfc5ff348c3ff211d,information_gain,2,2,False,2,1.7534228163774874,next-5,pass
29,s29-test-23-8,09993dff1a21a27bfc5ff348c3ff211d,information_gain,3,3,True,1,1.9943366625980514,next-1,pass
29,s29-test-23-8,09993dff1a21a27bfc5ff348c3ff211d,information_gain,4,4,True,1,1.1274279173941286,next-2,fail
29,s29-test-23-8,09993dff1a21a27bfc5ff348c3ff211d,random,0,0,True,1,1.7216901875562332,,
29,s29-test-23-8,09993dff1a21a27bfc5ff348c3ff211d,random,1,1,True,1,1.5029051380435563,next-0,pass
29,s29-test-23-8,09993dff1a21a27bfc5ff348c3ff211d,random,2,2,False,2,0.46304360203847633,next-9,fail
29,s29-test-23-8,09993dff1a21a27bfc5ff348c3ff211d,random,3,3,False,2,0.3035844429912736,next-7,pass
29,s29-test-23-8,09993dff1a21a27bfc5ff348c3ff211d,random,4,4,False,2,0.2766337672615432,next-11,pass
29,s29-test-23-9,09993dff1a21a27bfc5ff348c3ff211d,information_gain,0,0,False,3,3.1417753200462246,,
29,s29-test-23-9,09993dff1a21a27bfc5ff348c3ff211d,information_gain,1,1,False,3,2.776494375878486,next-9,pass
29,s29-test-23-9,09993dff1a21a27bfc5ff348c3ff211d,information_gain,2,2,False,3,2.407033741282495,next-4,pass
29,s29-test-23-9,09993dff1a21a27bfc5ff348c3ff211d,information_gain,3,3,False,4,2.243810811134779,next-10,pass
29,s29-test-23-9,09993dff1a21a27bfc5ff348c3ff211d,information_gain,4,4,False,4,2.0987067378849074,next-8,pass
29,s29-test-23-9,09993dff1a21a27bfc5ff348c3ff211d,random,0,0,False,3,3.1417753200462246,,
29,s29-test-23-9,09993dff1a21a27bfc5ff348c3ff211d,random,1,1,False,4,1.3365880887850468,next-0,fail
29,s29-test-23-9,09993dff1a21a27bfc5ff348c3ff211d,random,2,2,False,4,1.1982702229956215,next-2,pass
29,s29-test-23-9,09993dff1a21a27bfc5ff348c3ff211d,random,3,3,False,4,2.767750640749403,next-6,pass
29,s29-test-23-9,09993dff1a21a27bfc5ff348c3ff211d,random,4,4,False,3,2.718059148583702,next-9,pass
29,s29-test-23-10,09993dff1a21a27bfc5ff348c3ff211d,information_gain,0,0,False,3,2.9280549352748744,,
29,s29-test-23-10,09993dff1a21a27bfc5ff348c3ff211d,information_gain,1,1,False,3,2.6499291113361485,next-5,pass
29,s29-test-23-10,09993dff1a21a27bfc5ff348c3ff211d,information_gain,2,2,False,2,1.401732615468948,next-6,fail
29,s29-test-23-10,09993dff1a21a27bfc5ff348c3ff211d,information_gain,3,3,True,1,1.0888002427392478,next-7,pass
29,s29-test-23-10,09993dff1a21a27bfc5ff348c3ff211d,information_gain,4,4,True,1,0.07829212578313302,next-9,fail
29,s29-test-23-10,09993dff1a21a27bfc5ff348c3ff211d,random,0,0,False,3,2.9280549352748744,,
29,s29-test-23-10,09993dff1a21a27bfc5ff348c3ff211d,random,1,1,False,2,2.794897632495123,next-11,pass
29,s29-test-23-10,09993dff1a21a27bfc5ff348c3ff211d,random,2,2,False,2,2.491822244291074,next-5,pass
29,s29-test-23-10,09993dff1a21a27bfc5ff348c3ff211d,random,3,3,False,2,2.32019083125947,next-3,pass
29,s29-test-23-10,09993dff1a21a27bfc5ff348c3ff211d,random,4,4,True,1,0.6465798593240847,next-9,fail
29,s29-test-23-11,09993dff1a21a27bfc5ff348c3ff211d,information_gain,0,0,False,7,3.096698523130282,,
29,s29-test-23-11,09993dff1a21a27bfc5ff348c3ff211d,information_gain,1,1,False,5,2.713989143510713,next-5,pass
29,s29-test-23-11,09993dff1a21a27bfc5ff348c3ff211d,information_gain,2,2,False,4,2.4158688171261913,next-8,pass
29,s29-test-23-11,09993dff1a21a27bfc5ff348c3ff211d,information_gain,3,3,False,3,2.1198785330294814,next-7,pass
29,s29-test-23-11,09993dff1a21a27bfc5ff348c3ff211d,information_gain,4,4,False,2,1.8917638852704575,next-10,pass
29,s29-test-23-11,09993dff1a21a27bfc5ff348c3ff211d,random,0,0,False,7,3.096698523130282,,
29,s29-test-23-11,09993dff1a21a27bfc5ff348c3ff211d,random,1,1,False,5,2.794897632495123,next-0,pass
29,s29-test-23-11,09993dff1a21a27bfc5ff348c3ff211d,random,2,2,False,4,2.6383248500594654,next-6,pass
29,s29-test-23-11,09993dff1a21a27bfc5ff348c3ff211d,random,3,3,False,4,2.3234402702205132,next-5,pass
29,s29-test-23-11,09993dff1a21a27bfc5ff348c3ff211d,random,4,4,True,1,0.739662963164797,next-11,fail
